26/09/11 15:33:14 WARN com.cse.exodex.datasets.StarClassifier2: Warning: could not parse star classification: C5p
26/09/11 15:33:14 WARN com.cse.exodex.datasets.StarClassifier2: Warning: could not parse star classification: R...
26/09/11 15:33:14 WARN com.cse.exodex.datasets.StarClassifier2: Warning: could not parse star classification: C5II
26/09/11 15:33:14 WARN com.cse.exodex.datasets.StarClassifier2: Warning: could not parse star classification: WC8
26/09/11 15:33:14 WARN com.cse.exodex.datasets.StarClassifier2: Warning: could not parse star classification: N0v
26/09/11 15:33:15 WARN com.cse.exodex.datasets.StarClassifier2: Warning: could not parse star classification: C8
26/09/11 15:33:15 WARN com.cse.exodex.datasets.StarClassifier2: Warning: could not parse star classification: S66ev
26/09/11 15:33:15 WARN com.cse.exodex.datasets.StarClassifier2: Warning: could not parse star classification: C4.5v
26/09/11 15:33:15 WARN com.cse.exodex.datasets.StarClassifier2: Warning: could not parse star classification: C6II
26/09/11 15:33:15 WARN com.cse.exodex.datasets.StarClassifier2: Warning: could not parse star classification: N0v
26/09/11 15:33:15 WARN com.cse.exodex.datasets.StarClassifier2: Warning: could not parse star classification: R...
26/09/11 15:33:15 WARN com.cse.exodex.datasets.StarClassifier2: Warning: could not parse star classification: WN5
26/09/11 15:33:15 WARN com.cse.exodex.datasets.StarClassifier2: Warning: could not parse star classification: Rp...
26/09/11 15:33:15 WARN com.cse.exodex.datasets.StarClassifier2: Warning: could not parse star classification: R...
26/09/11 15:33:15 WARN com.cse.exodex.datasets.StarClassifier2: Warning: could not parse star classification: C0ev
26/09/11 15:33:15 WARN com.cse.exodex.datasets.StarClassifier2: Warning: could not parse star classification: WN2
26/09/11 15:33:15 WARN com.cse.exodex.datasets.StarClassifier2: Warning: could not parse star classification: C
26/09/11 15:33:15 WARN com.cse.exodex.datasets.StarClassifier2: Warning: could not parse star classification: N0
26/09/11 15:33:15 WARN com.cse.exodex.datasets.StarClassifier2: Warning: could not parse star classification: C
26/09/11 15:33:15 WARN com.cse.exodex.datasets.StarClassifier2: Warning: could not parse star classification: N0v
26/09/11 15:33:15 WARN com.cse.exodex.datasets.StarClassifier2: Warning: could not parse star classification: WN3+...
26/09/11 15:33:15 WARN com.cse.exodex.datasets.StarClassifier2: Warning: could not parse star classification: R6
26/09/11 15:33:15 WARN com.cse.exodex.datasets.StarClassifier2: Warning: could not parse star classification: C0ev
26/09/11 15:33:15 WARN com.cse.exodex.datasets.StarClassifier2: Warning: could not parse star classification: DF
26/09/11 15:33:15 WARN com.cse.exodex.datasets.StarClassifier2: Warning: could not parse star classification: C5II
26/09/11 15:33:15 WARN com.cse.exodex.datasets.StarClassifier2: Warning: could not parse star classification: N0v
26/09/11 15:33:15 WARN com.cse.exodex.datasets.StarClassifier2: Warning: could not parse star classification: R...
26/09/11 15:33:15 WARN com.cse.exodex.datasets.StarClassifier2: Warning: could not parse star classification: C8
26/09/11 15:33:15 WARN com.cse.exodex.datasets.StarClassifier2: Warning: could not parse star classification: DAn...
26/09/11 15:33:15 WARN com.cse.exodex.datasets.StarClassifier2: Warning: could not parse star classification: C...
26/09/11 15:33:15 WARN com.cse.exodex.datasets.StarClassifier2: Warning: could not parse star classification: DAwe...
26/09/11 15:33:15 WARN com.cse.exodex.datasets.StarClassifier2: Warning: could not parse star classification: C54(N3)
26/09/11 15:33:15 WARN com.cse.exodex.datasets.StarClassifier2: Warning: could not parse star classification: R4v
26/09/11 15:33:15 WARN com.cse.exodex.datasets.StarClassifier2: Warning: could not parse star classification: WC...
26/09/11 15:33:15 WARN com.cse.exodex.datasets.StarClassifier2: Warning: could not parse star classification: WC...
26/09/11 15:33:15 WARN com.cse.exodex.datasets.StarClassifier2: Warning: could not parse star classification: R...
26/09/11 15:33:15 WARN com.cse.exodex.datasets.StarClassifier2: Warning: could not parse star classification: Se
26/09/11 15:33:15 WARN com.cse.exodex.datasets.StarClassifier2: Warning: could not parse star classification: R5
26/09/11 15:33:15 WARN com.cse.exodex.datasets.StarClassifier2: Warning: could not parse star classification: C5II
26/09/11 15:33:15 WARN com.cse.exodex.datasets.StarClassifier2: Warning: could not parse star classification: Npvar
26/09/11 15:33:15 WARN com.cse.exodex.datasets.StarClassifier2: Warning: could not parse star classification: R
26/09/11 15:33:15 WARN com.cse.exodex.datasets.StarClassifier2: Warning: could not parse star classification: C0e
26/09/11 15:33:15 WARN com.cse.exodex.datasets.StarClassifier2: Warning: could not parse star classification: C6.4ev
26/09/11 15:33:15 WARN com.cse.exodex.datasets.StarClassifier2: Warning: could not parse star classification: S5.3 SB:
26/09/11 15:33:15 WARN com.cse.exodex.datasets.StarClassifier2: Warning: could not parse star classification: C
26/09/11 15:33:15 WARN com.cse.exodex.datasets.StarClassifier2: Warning: could not parse star classification: R...
26/09/11 15:33:15 WARN com.cse.exodex.datasets.StarClassifier2: Warning: could not parse star classification: R...
26/09/11 15:33:15 WARN com.cse.exodex.datasets.StarClassifier2: Warning: could not parse star classification: R...
26/09/11 15:33:15 WARN com.cse.exodex.datasets.StarClassifier2: Warning: could not parse star classification: R8v
26/09/11 15:33:15 WARN com.cse.exodex.datasets.StarClassifier2: Warning: could not parse star classification: S42v
26/09/11 15:33:15 WARN com.cse.exodex.datasets.StarClassifier2: Warning: could not parse star classification: C+
26/09/11 15:33:15 WARN com.cse.exodex.datasets.StarClassifier2: Warning: could not parse star classification: Ce+...
26/09/11 15:33:16 WARN com.cse.exodex.datasets.StarClassifier2: Warning: could not parse star classification: R...
26/09/11 15:33:16 WARN com.cse.exodex.datasets.StarClassifier2: Warning: could not parse star classification: C
26/09/11 15:33:16 WARN com.cse.exodex.datasets.StarClassifier2: Warning: could not parse star classification: R...
26/09/11 15:33:16 WARN com.cse.exodex.datasets.StarClassifier2: Warning: could not parse star classification: C4II
26/09/11 15:33:16 WARN com.cse.exodex.datasets.StarClassifier2: Warning: could not parse star classification: N5
26/09/11 15:33:16 WARN com.cse.exodex.datasets.StarClassifier2: Warning: could not parse star classification: C5II
26/09/11 15:33:16 WARN com.cse.exodex.datasets.StarClassifier2: Warning: could not parse star classification: N0v
26/09/11 15:33:16 WARN com.cse.exodex.datasets.StarClassifier2: Warning: could not parse star classification: N...
26/09/11 15:33:16 WARN com.cse.exodex.datasets.StarClassifier2: Warning: could not parse star classification: Ce+...
26/09/11 15:33:16 WARN com.cse.exodex.datasets.StarClassifier2: Warning: could not parse star classification: C0ev
26/09/11 15:33:16 WARN com.cse.exodex.datasets.StarClassifier2: Warning: could not parse star classification: C76e
26/09/11 15:33:16 WARN com.cse.exodex.datasets.StarClassifier2: Warning: could not parse star classification: N0v
26/09/11 15:33:16 WARN com.cse.exodex.datasets.StarClassifier2: Warning: could not parse star classification: N5
26/09/11 15:33:16 WARN com.cse.exodex.datasets.StarClassifier2: Warning: could not parse star classification: DAw...
26/09/11 15:33:16 WARN com.cse.exodex.datasets.StarClassifier2: Warning: could not parse star classification: C5II
26/09/11 15:33:16 WARN com.cse.exodex.datasets.StarClassifier2: Warning: could not parse star classification: C5II
26/09/11 15:33:16 WARN com.cse.exodex.datasets.StarClassifier2: Warning: could not parse star classification: CII...
26/09/11 15:33:16 WARN com.cse.exodex.datasets.StarClassifier2: Warning: could not parse star classification: C4II
26/09/11 15:33:16 WARN com.cse.exodex.datasets.StarClassifier2: Warning: could not parse star classification: N0
26/09/11 15:33:16 WARN com.cse.exodex.datasets.StarClassifier2: Warning: could not parse star classification: S41
26/09/11 15:33:16 WARN com.cse.exodex.datasets.StarClassifier2: Warning: could not parse star classification: N0v
26/09/11 15:33:16 WARN com.cse.exodex.datasets.StarClassifier2: Warning: could not parse star classification: N0v
26/09/11 15:33:16 WARN com.cse.exodex.datasets.StarClassifier2: Warning: could not parse star classification: C6II
26/09/11 15:33:16 WARN com.cse.exodex.datasets.StarClassifier2: Warning: could not parse star classification: C
26/09/11 15:33:16 WARN com.cse.exodex.datasets.StarClassifier2: Warning: could not parse star classification: WN...
26/09/11 15:33:16 WARN com.cse.exodex.datasets.StarClassifier2: Warning: could not parse star classification: C0e
26/09/11 15:33:16 WARN com.cse.exodex.datasets.StarClassifier2: Warning: could not parse star classification: N0v
26/09/11 15:33:16 WARN com.cse.exodex.datasets.StarClassifier2: Warning: could not parse star classification: C5II
26/09/11 15:33:16 WARN com.cse.exodex.datasets.StarClassifier2: Warning: could not parse star classification: C5II
26/09/11 15:33:16 WARN com.cse.exodex.datasets.StarClassifier2: Warning: could not parse star classification: C4II
26/09/11 15:33:16 WARN com.cse.exodex.datasets.StarClassifier2: Warning: could not parse star classification: R...
26/09/11 15:33:16 WARN com.cse.exodex.datasets.StarClassifier2: Warning: could not parse star classification: S
26/09/11 15:33:16 WARN com.cse.exodex.datasets.StarClassifier2: Warning: could not parse star classification: R...
26/09/11 15:33:16 WARN com.cse.exodex.datasets.StarClassifier2: Warning: could not parse star classification: N0v
26/09/11 15:33:16 WARN com.cse.exodex.datasets.StarClassifier2: Warning: could not parse star classification: N0
26/09/11 15:33:16 WARN com.cse.exodex.datasets.StarClassifier2: Warning: could not parse star classification: N0
26/09/11 15:33:16 WARN com.cse.exodex.datasets.StarClassifier2: Warning: could not parse star classification: Sevar
26/09/11 15:33:16 WARN com.cse.exodex.datasets.StarClassifier2: Warning: could not parse star classification: C5II
26/09/11 15:33:16 WARN com.cse.exodex.datasets.StarClassifier2: Warning: could not parse star classification: C6II
26/09/11 15:33:16 WARN com.cse.exodex.datasets.StarClassifier2: Warning: could not parse star classification: CVIIe+
26/09/11 15:33:16 WARN com.cse.exodex.datasets.StarClassifier2: Warning: could not parse star classification: C5II
26/09/11 15:33:16 WARN com.cse.exodex.datasets.StarClassifier2: Warning: could not parse star classification: N0
26/09/11 15:33:16 WARN com.cse.exodex.datasets.StarClassifier2: Warning: could not parse star classification: C8.3v
26/09/11 15:33:16 WARN com.cse.exodex.datasets.StarClassifier2: Warning: could not parse star classification: N0v
26/09/11 15:33:16 WARN com.cse.exodex.datasets.StarClassifier2: Warning: could not parse star classification: pec(NOVA)
26/09/11 15:33:16 WARN com.cse.exodex.datasets.StarClassifier2: Warning: could not parse star classification: C5II
26/09/11 15:33:16 WARN com.cse.exodex.datasets.StarClassifier2: Warning: could not parse star classification: C+
26/09/11 15:33:16 WARN com.cse.exodex.datasets.StarClassifier2: Warning: could not parse star classification: N0v
26/09/11 15:33:16 WARN com.cse.exodex.datasets.StarClassifier2: Warning: could not parse star classification: C5II
26/09/11 15:33:16 WARN com.cse.exodex.datasets.StarClassifier2: Warning: could not parse star classification: N0
26/09/11 15:33:16 WARN com.cse.exodex.datasets.StarClassifier2: Warning: could not parse star classification: N0
26/09/11 15:33:16 WARN com.cse.exodex.datasets.StarClassifier2: Warning: could not parse star classification: DAn
26/09/11 15:33:16 WARN com.cse.exodex.datasets.StarClassifier2: Warning: could not parse star classification: S51
26/09/11 15:33:16 WARN com.cse.exodex.datasets.StarClassifier2: Warning: could not parse star classification: C4II
26/09/11 15:33:16 WARN com.cse.exodex.datasets.StarClassifier2: Warning: could not parse star classification: WN5 (SB1)
26/09/11 15:33:16 WARN com.cse.exodex.datasets.StarClassifier2: Warning: could not parse star classification: C3II
26/09/11 15:33:16 WARN com.cse.exodex.datasets.StarClassifier2: Warning: could not parse star classification: N0v
26/09/11 15:33:16 WARN com.cse.exodex.datasets.StarClassifier2: Warning: could not parse star classification: R6pv
26/09/11 15:33:16 WARN com.cse.exodex.datasets.StarClassifier2: Warning: could not parse star classification: C5II
26/09/11 15:33:16 WARN com.cse.exodex.datasets.StarClassifier2: Warning: could not parse star classification: C7I
26/09/11 15:33:16 WARN com.cse.exodex.datasets.StarClassifier2: Warning: could not parse star classification: S39e
26/09/11 15:33:16 WARN com.cse.exodex.datasets.StarClassifier2: Warning: could not parse star classification: N5
26/09/11 15:33:16 WARN com.cse.exodex.datasets.StarClassifier2: Warning: could not parse star classification: S39e
26/09/11 15:33:16 WARN com.cse.exodex.datasets.StarClassifier2: Warning: could not parse star classification: C5II
26/09/11 15:33:16 WARN com.cse.exodex.datasets.StarClassifier2: Warning: could not parse star classification: C0ev
26/09/11 15:33:16 WARN com.cse.exodex.datasets.StarClassifier2: Warning: could not parse star classification: C8e
26/09/11 15:33:16 WARN com.cse.exodex.datasets.StarClassifier2: Warning: could not parse star classification: C5II
26/09/11 15:33:16 WARN com.cse.exodex.datasets.StarClassifier2: Warning: could not parse star classification: N...
26/09/11 15:33:16 WARN com.cse.exodex.datasets.StarClassifier2: Warning: could not parse star classification: N0
26/09/11 15:33:16 WARN com.cse.exodex.datasets.StarClassifier2: Warning: could not parse star classification: WN...
26/09/11 15:33:16 WARN com.cse.exodex.datasets.StarClassifier2: Warning: could not parse star classification: N0v
26/09/11 15:33:16 WARN com.cse.exodex.datasets.StarClassifier2: Warning: could not parse star classification: C3.2e
26/09/11 15:33:16 WARN com.cse.exodex.datasets.StarClassifier2: Warning: could not parse star classification: N0
26/09/11 15:33:16 WARN com.cse.exodex.datasets.StarClassifier2: Warning: could not parse star classification: C
26/09/11 15:33:16 WARN com.cse.exodex.datasets.StarClassifier2: Warning: could not parse star classification: C5II
26/09/11 15:33:16 WARN com.cse.exodex.datasets.StarClassifier2: Warning: could not parse star classification: CIb...
26/09/11 15:33:16 WARN com.cse.exodex.datasets.StarClassifier2: Warning: could not parse star classification: R4
26/09/11 15:33:16 WARN com.cse.exodex.datasets.StarClassifier2: Warning: could not parse star classification: R9
26/09/11 15:33:16 WARN com.cse.exodex.datasets.StarClassifier2: Warning: could not parse star classification: C...
26/09/11 15:33:16 WARN com.cse.exodex.datasets.StarClassifier2: Warning: could not parse star classification: C...
26/09/11 15:33:16 WARN com.cse.exodex.datasets.StarClassifier2: Warning: could not parse star classification: WC4-N6
26/09/11 15:33:16 WARN com.cse.exodex.datasets.StarClassifier2: Warning: could not parse star classification: WC+...
26/09/11 15:33:16 WARN com.cse.exodex.datasets.StarClassifier2: Warning: could not parse star classification: C3II
26/09/11 15:33:16 WARN com.cse.exodex.datasets.StarClassifier2: Warning: could not parse star classification: S
26/09/11 15:33:16 WARN com.cse.exodex.datasets.StarClassifier2: Warning: could not parse star classification: R8
26/09/11 15:33:16 WARN com.cse.exodex.datasets.StarClassifier2: Warning: could not parse star classification: S62
26/09/11 15:33:16 WARN com.cse.exodex.datasets.StarClassifier2: Warning: could not parse star classification: C...
26/09/11 15:33:16 WARN com.cse.exodex.datasets.StarClassifier2: Warning: could not parse star classification: S42e
26/09/11 15:33:16 WARN com.cse.exodex.datasets.StarClassifier2: Warning: could not parse star classification: C5II
26/09/11 15:33:16 WARN com.cse.exodex.datasets.StarClassifier2: Warning: could not parse star classification: Ce+...
26/09/11 15:33:16 WARN com.cse.exodex.datasets.StarClassifier2: Warning: could not parse star classification: WN...
26/09/11 15:33:16 WARN com.cse.exodex.datasets.StarClassifier2: Warning: could not parse star classification: R...
26/09/11 15:33:16 WARN com.cse.exodex.datasets.StarClassifier2: Warning: could not parse star classification: NV...
26/09/11 15:33:16 WARN com.cse.exodex.datasets.StarClassifier2: Warning: could not parse star classification: Rpvar
26/09/11 15:33:16 WARN com.cse.exodex.datasets.StarClassifier2: Warning: could not parse star classification: C
26/09/11 15:33:16 WARN com.cse.exodex.datasets.StarClassifier2: Warning: could not parse star classification: C
26/09/11 15:33:16 WARN com.cse.exodex.datasets.StarClassifier2: Warning: could not parse star classification: WC8 + O9I
26/09/11 15:33:16 WARN com.cse.exodex.datasets.StarClassifier2: Warning: could not parse star classification: R
26/09/11 15:33:16 WARN com.cse.exodex.datasets.StarClassifier2: Warning: could not parse star classification: R...
26/09/11 15:33:16 WARN com.cse.exodex.datasets.StarClassifier2: Warning: could not parse star classification: C
26/09/11 15:33:16 WARN com.cse.exodex.datasets.StarClassifier2: Warning: could not parse star classification: R8
26/09/11 15:33:16 WARN com.cse.exodex.datasets.StarClassifier2: Warning: could not parse star classification: Sevar
26/09/11 15:33:16 WARN com.cse.exodex.datasets.StarClassifier2: Warning: could not parse star classification: N0e
26/09/11 15:33:16 WARN com.cse.exodex.datasets.StarClassifier2: Warning: could not parse star classification: N0v
26/09/11 15:33:16 WARN com.cse.exodex.datasets.StarClassifier2: Warning: could not parse star classification: N...
26/09/11 15:33:16 WARN com.cse.exodex.datasets.StarClassifier2: Warning: could not parse star classification: R...
26/09/11 15:33:16 WARN com.cse.exodex.datasets.StarClassifier2: Warning: could not parse star classification: C(R)e
26/09/11 15:33:16 WARN com.cse.exodex.datasets.StarClassifier2: Warning: could not parse star classification: R...
26/09/11 15:33:16 WARN com.cse.exodex.datasets.StarClassifier2: Warning: could not parse star classification: C
26/09/11 15:33:16 WARN com.cse.exodex.datasets.StarClassifier2: Warning: could not parse star classification: Ce
26/09/11 15:33:16 WARN com.cse.exodex.datasets.StarClassifier2: Warning: could not parse star classification: WC...
26/09/11 15:33:16 WARN com.cse.exodex.datasets.StarClassifier2: Warning: could not parse star classification: C6II
26/09/11 15:33:16 WARN com.cse.exodex.datasets.StarClassifier2: Warning: could not parse star classification: R6v
26/09/11 15:33:16 WARN com.cse.exodex.datasets.StarClassifier2: Warning: could not parse star classification: R...
26/09/11 15:33:16 WARN com.cse.exodex.datasets.StarClassifier2: Warning: could not parse star classification: R...
26/09/11 15:33:16 WARN com.cse.exodex.datasets.StarClassifier2: Warning: could not parse star classification: R...
26/09/11 15:33:16 WARN com.cse.exodex.datasets.StarClassifier2: Warning: could not parse star classification: R6
26/09/11 15:33:16 WARN com.cse.exodex.datasets.StarClassifier2: Warning: could not parse star classification: R...
26/09/11 15:33:16 WARN com.cse.exodex.datasets.StarClassifier2: Warning: could not parse star classification: WC...
26/09/11 15:33:16 WARN com.cse.exodex.datasets.StarClassifier2: Warning: could not parse star classification: CVIIe
26/09/11 15:33:16 WARN com.cse.exodex.datasets.StarClassifier2: Warning: could not parse star classification: R4
26/09/11 15:33:16 WARN com.cse.exodex.datasets.StarClassifier2: Warning: could not parse star classification: C+
26/09/11 15:33:17 WARN com.cse.exodex.datasets.StarClassifier2: Warning: could not parse star classification: C0e
26/09/11 15:33:17 WARN com.cse.exodex.datasets.StarClassifier2: Warning: could not parse star classification: C
26/09/11 15:33:17 WARN com.cse.exodex.datasets.StarClassifier2: Warning: could not parse star classification: R...
26/09/11 15:33:17 WARN com.cse.exodex.datasets.StarClassifier2: Warning: could not parse star classification: C
26/09/11 15:33:17 WARN com.cse.exodex.datasets.StarClassifier2: Warning: could not parse star classification: WN8
26/09/11 15:33:17 WARN com.cse.exodex.datasets.StarClassifier2: Warning: could not parse star classification: N0v
26/09/11 15:33:17 WARN com.cse.exodex.datasets.StarClassifier2: Warning: could not parse star classification: WC...
26/09/11 15:33:17 WARN com.cse.exodex.datasets.StarClassifier2: Warning: could not parse star classification: CH
26/09/11 15:33:17 WARN com.cse.exodex.datasets.StarClassifier2: Warning: could not parse star classification: WN5
26/09/11 15:33:17 WARN com.cse.exodex.datasets.StarClassifier2: Warning: could not parse star classification: R...
26/09/11 15:33:17 WARN com.cse.exodex.datasets.StarClassifier2: Warning: could not parse star classification: C
26/09/11 15:33:17 WARN com.cse.exodex.datasets.StarClassifier2: Warning: could not parse star classification: WN+...
26/09/11 15:33:17 WARN com.cse.exodex.datasets.StarClassifier2: Warning: could not parse star classification: C
26/09/11 15:33:17 WARN com.cse.exodex.datasets.StarClassifier2: Warning: could not parse star classification: C
26/09/11 15:33:17 WARN com.cse.exodex.datasets.StarClassifier2: Warning: could not parse star classification: WN7 + A(SB1)
26/09/11 15:33:17 WARN com.cse.exodex.datasets.StarClassifier2: Warning: could not parse star classification: WC...
26/09/11 15:33:17 WARN com.cse.exodex.datasets.StarClassifier2: Warning: could not parse star classification: WN7 + A
26/09/11 15:33:17 WARN com.cse.exodex.datasets.StarClassifier2: Warning: could not parse star classification: C5II
26/09/11 15:33:17 WARN com.cse.exodex.datasets.StarClassifier2: Warning: could not parse star classification: C+
26/09/11 15:33:17 WARN com.cse.exodex.datasets.StarClassifier2: Warning: could not parse star classification: C9I
26/09/11 15:33:17 WARN com.cse.exodex.datasets.StarClassifier2: Warning: could not parse star classification: WN+...
26/09/11 15:33:17 WARN com.cse.exodex.datasets.StarClassifier2: Warning: could not parse star classification: R...
26/09/11 15:33:17 WARN com.cse.exodex.datasets.StarClassifier2: Warning: could not parse star classification: R...
26/09/11 15:33:17 WARN com.cse.exodex.datasets.StarClassifier2: Warning: could not parse star classification: R...
26/09/11 15:33:17 WARN com.cse.exodex.datasets.StarClassifier2: Warning: could not parse star classification: R...
26/09/11 15:33:17 WARN com.cse.exodex.datasets.StarClassifier2: Warning: could not parse star classification: WN8 (SB1)
26/09/11 15:33:17 WARN com.cse.exodex.datasets.StarClassifier2: Warning: could not parse star classification: WC+...
26/09/11 15:33:17 WARN com.cse.exodex.datasets.StarClassifier2: Warning: could not parse star classification: C
26/09/11 15:33:17 WARN com.cse.exodex.datasets.StarClassifier2: Warning: could not parse star classification: C+
26/09/11 15:33:17 WARN com.cse.exodex.datasets.StarClassifier2: Warning: could not parse star classification: R...
26/09/11 15:33:17 WARN com.cse.exodex.datasets.StarClassifier2: Warning: could not parse star classification: C...
26/09/11 15:33:17 WARN com.cse.exodex.datasets.StarClassifier2: Warning: could not parse star classification: C+
26/09/11 15:33:17 WARN com.cse.exodex.datasets.StarClassifier2: Warning: could not parse star classification: R...
26/09/11 15:33:17 WARN com.cse.exodex.datasets.StarClassifier2: Warning: could not parse star classification: WN3p
26/09/11 15:33:17 WARN com.cse.exodex.datasets.StarClassifier2: Warning: could not parse star classification: SC45/8e
26/09/11 15:33:17 WARN com.cse.exodex.datasets.StarClassifier2: Warning: could not parse star classification: Npvar
26/09/11 15:33:17 WARN com.cse.exodex.datasets.StarClassifier2: Warning: could not parse star classification: C
26/09/11 15:33:17 WARN com.cse.exodex.datasets.StarClassifier2: Warning: could not parse star classification: R
26/09/11 15:33:17 WARN com.cse.exodex.datasets.StarClassifier2: Warning: could not parse star classification: WN6 + O5V
26/09/11 15:33:17 WARN com.cse.exodex.datasets.StarClassifier2: Warning: could not parse star classification: S15ev
26/09/11 15:33:17 WARN com.cse.exodex.datasets.StarClassifier2: Warning: could not parse star classification: C7Iab
26/09/11 15:33:17 WARN com.cse.exodex.datasets.StarClassifier2: Warning: could not parse star classification: C0
26/09/11 15:33:17 WARN com.cse.exodex.datasets.StarClassifier2: Warning: could not parse star classification: R...
26/09/11 15:33:17 WARN com.cse.exodex.datasets.StarClassifier2: Warning: could not parse star classification: C7I
26/09/11 15:33:17 WARN com.cse.exodex.datasets.StarClassifier2: Warning: could not parse star classification: C0ev
26/09/11 15:33:17 WARN com.cse.exodex.datasets.StarClassifier2: Warning: could not parse star classification: R6p
26/09/11 15:33:17 WARN com.cse.exodex.datasets.StarClassifier2: Warning: could not parse star classification: WC6 + O9.5I
26/09/11 15:33:17 WARN com.cse.exodex.datasets.StarClassifier2: Warning: could not parse star classification: WC...
26/09/11 15:33:17 WARN com.cse.exodex.datasets.StarClassifier2: Warning: could not parse star classification: Npvar
26/09/11 15:33:17 WARN com.cse.exodex.datasets.StarClassifier2: Warning: could not parse star classification: C+
26/09/11 15:33:17 WARN com.cse.exodex.datasets.StarClassifier2: Warning: could not parse star classification: R...
26/09/11 15:33:17 WARN com.cse.exodex.datasets.StarClassifier2: Warning: could not parse star classification: (G3w)F7
26/09/11 15:33:17 WARN com.cse.exodex.datasets.StarClassifier2: Warning: could not parse star classification: WC8
26/09/11 15:33:17 WARN com.cse.exodex.datasets.StarClassifier2: Warning: could not parse star classification: C+
26/09/11 15:33:17 WARN com.cse.exodex.datasets.StarClassifier2: Warning: could not parse star classification: WN7
26/09/11 15:33:17 WARN com.cse.exodex.datasets.StarClassifier2: Warning: could not parse star classification: R
26/09/11 15:33:17 WARN com.cse.exodex.datasets.StarClassifier2: Warning: could not parse star classification: N3v
26/09/11 15:33:17 WARN com.cse.exodex.datasets.StarClassifier2: Warning: could not parse star classification: WC...
26/09/11 15:33:17 WARN com.cse.exodex.datasets.StarClassifier2: Warning: could not parse star classification: R...
26/09/11 15:33:17 WARN com.cse.exodex.datasets.StarClassifier2: Warning: could not parse star classification: C
26/09/11 15:33:17 WARN com.cse.exodex.datasets.StarClassifier2: Warning: could not parse star classification: WN4.5
26/09/11 15:33:17 WARN com.cse.exodex.datasets.StarClassifier2: Warning: could not parse star classification: C+
26/09/11 15:33:17 WARN com.cse.exodex.datasets.StarClassifier2: Warning: could not parse star classification: C
26/09/11 15:33:17 WARN com.cse.exodex.datasets.StarClassifier2: Warning: could not parse star classification: C5II
26/09/11 15:33:17 WARN com.cse.exodex.datasets.StarClassifier2: Warning: could not parse star classification: R
26/09/11 15:33:17 WARN com.cse.exodex.datasets.StarClassifier2: Warning: could not parse star classification: C+
26/09/11 15:33:17 WARN com.cse.exodex.datasets.StarClassifier2: Warning: could not parse star classification: R6
26/09/11 15:33:17 WARN com.cse.exodex.datasets.StarClassifier2: Warning: could not parse star classification: R...
26/09/11 15:33:17 WARN com.cse.exodex.datasets.StarClassifier2: Warning: could not parse star classification: C+
26/09/11 15:33:17 WARN com.cse.exodex.datasets.StarClassifier2: Warning: could not parse star classification: N0v
26/09/11 15:33:17 WARN com.cse.exodex.datasets.StarClassifier2: Warning: could not parse star classification: WN...
26/09/11 15:33:17 WARN com.cse.exodex.datasets.StarClassifier2: Warning: could not parse star classification: R...
26/09/11 15:33:17 WARN com.cse.exodex.datasets.StarClassifier2: Warning: could not parse star classification: WC9
26/09/11 15:33:17 WARN com.cse.exodex.datasets.StarClassifier2: Warning: could not parse star classification: R...
26/09/11 15:33:17 WARN com.cse.exodex.datasets.StarClassifier2: Warning: could not parse star classification: C
26/09/11 15:33:17 WARN com.cse.exodex.datasets.StarClassifier2: Warning: could not parse star classification: C+
26/09/11 15:33:17 WARN com.cse.exodex.datasets.StarClassifier2: Warning: could not parse star classification: R
26/09/11 15:33:17 WARN com.cse.exodex.datasets.StarClassifier2: Warning: could not parse star classification: WC+...
26/09/11 15:33:17 WARN com.cse.exodex.datasets.StarClassifier2: Warning: could not parse star classification: C00 (F8pe)
26/09/11 15:33:17 WARN com.cse.exodex.datasets.StarClassifier2: Warning: could not parse star classification: N2
26/09/11 15:33:17 WARN com.cse.exodex.datasets.StarClassifier2: Warning: could not parse star classification: WN6  SB1
26/09/11 15:33:17 WARN com.cse.exodex.datasets.StarClassifier2: Warning: could not parse star classification: C7.2e
26/09/11 15:33:17 WARN com.cse.exodex.datasets.StarClassifier2: Warning: could not parse star classification: C
26/09/11 15:33:17 WARN com.cse.exodex.datasets.StarClassifier2: Warning: could not parse star classification: C(R)
26/09/11 15:33:17 WARN com.cse.exodex.datasets.StarClassifier2: Warning: could not parse star classification: C
26/09/11 15:33:17 WARN com.cse.exodex.datasets.StarClassifier2: Warning: could not parse star classification: C7I
26/09/11 15:33:17 WARN com.cse.exodex.datasets.StarClassifier2: Warning: could not parse star classification: R...
26/09/11 15:33:17 WARN com.cse.exodex.datasets.StarClassifier2: Warning: could not parse star classification: R...
26/09/11 15:33:17 WARN com.cse.exodex.datasets.StarClassifier2: Warning: could not parse star classification: C6.4v
26/09/11 15:33:17 WARN com.cse.exodex.datasets.StarClassifier2: Warning: could not parse star classification: WN...
26/09/11 15:33:17 WARN com.cse.exodex.datasets.StarClassifier2: Warning: could not parse star classification: WC+...
26/09/11 15:33:17 WARN com.cse.exodex.datasets.StarClassifier2: Warning: could not parse star classification: C+
26/09/11 15:33:17 WARN com.cse.exodex.datasets.StarClassifier2: Warning: could not parse star classification: Ne
26/09/11 15:33:17 WARN com.cse.exodex.datasets.StarClassifier2: Warning: could not parse star classification: WC
26/09/11 15:33:17 WARN com.cse.exodex.datasets.StarClassifier2: Warning: could not parse star classification: Ce(R-Nb)
26/09/11 15:33:17 WARN com.cse.exodex.datasets.StarClassifier2: Warning: could not parse star classification: C...
26/09/11 15:33:17 WARN com.cse.exodex.datasets.StarClassifier2: Warning: could not parse star classification: WC...
26/09/11 15:33:17 WARN com.cse.exodex.datasets.StarClassifier2: Warning: could not parse star classification: WN...
26/09/11 15:33:17 WARN com.cse.exodex.datasets.StarClassifier2: Warning: could not parse star classification: WC...
26/09/11 15:33:17 WARN com.cse.exodex.datasets.StarClassifier2: Warning: could not parse star classification: N0
26/09/11 15:33:17 WARN com.cse.exodex.datasets.StarClassifier2: Warning: could not parse star classification: R3
26/09/11 15:33:17 WARN com.cse.exodex.datasets.StarClassifier2: Warning: could not parse star classification: CII...
26/09/11 15:33:17 WARN com.cse.exodex.datasets.StarClassifier2: Warning: could not parse star classification: C
26/09/11 15:33:17 WARN com.cse.exodex.datasets.StarClassifier2: Warning: could not parse star classification: R...
26/09/11 15:33:17 WARN com.cse.exodex.datasets.StarClassifier2: Warning: could not parse star classification: WN+...
26/09/11 15:33:17 WARN com.cse.exodex.datasets.StarClassifier2: Warning: could not parse star classification: C5II
26/09/11 15:33:17 WARN com.cse.exodex.datasets.StarClassifier2: Warning: could not parse star classification: C
26/09/11 15:33:17 WARN com.cse.exodex.datasets.StarClassifier2: Warning: could not parse star classification: R...
26/09/11 15:33:17 WARN com.cse.exodex.datasets.StarClassifier2: Warning: could not parse star classification: C
26/09/11 15:33:17 WARN com.cse.exodex.datasets.StarClassifier2: Warning: could not parse star classification: R...
26/09/11 15:33:17 WARN com.cse.exodex.datasets.StarClassifier2: Warning: could not parse star classification: Nevar
26/09/11 15:33:17 WARN com.cse.exodex.datasets.StarClassifier2: Warning: could not parse star classification: R4
26/09/11 15:33:17 WARN com.cse.exodex.datasets.StarClassifier2: Warning: could not parse star classification: R...
26/09/11 15:33:17 WARN com.cse.exodex.datasets.StarClassifier2: Warning: could not parse star classification: WC...
26/09/11 15:33:17 WARN com.cse.exodex.datasets.StarClassifier2: Warning: could not parse star classification: N0
26/09/11 15:33:17 WARN com.cse.exodex.datasets.StarClassifier2: Warning: could not parse star classification: R5
26/09/11 15:33:17 WARN com.cse.exodex.datasets.StarClassifier2: Warning: could not parse star classification: WN...
26/09/11 15:33:17 WARN com.cse.exodex.datasets.StarClassifier2: Warning: could not parse star classification: N0
26/09/11 15:33:17 WARN com.cse.exodex.datasets.StarClassifier2: Warning: could not parse star classification: WN...
26/09/11 15:33:17 WARN com.cse.exodex.datasets.StarClassifier2: Warning: could not parse star classification: WC...
26/09/11 15:33:17 WARN com.cse.exodex.datasets.StarClassifier2: Warning: could not parse star classification: R...
26/09/11 15:33:17 WARN com.cse.exodex.datasets.StarClassifier2: Warning: could not parse star classification: R...
26/09/11 15:33:17 WARN com.cse.exodex.datasets.StarClassifier2: Warning: could not parse star classification: WC
26/09/11 15:33:17 WARN com.cse.exodex.datasets.StarClassifier2: Warning: could not parse star classification: R4v
26/09/11 15:33:17 WARN com.cse.exodex.datasets.StarClassifier2: Warning: could not parse star classification: WC...
26/09/11 15:33:17 WARN com.cse.exodex.datasets.StarClassifier2: Warning: could not parse star classification: C
26/09/11 15:33:17 WARN com.cse.exodex.datasets.StarClassifier2: Warning: could not parse star classification: R...
26/09/11 15:33:17 WARN com.cse.exodex.datasets.StarClassifier2: Warning: could not parse star classification: WR
26/09/11 15:33:17 WARN com.cse.exodex.datasets.StarClassifier2: Warning: could not parse star classification: C
26/09/11 15:33:17 WARN com.cse.exodex.datasets.StarClassifier2: Warning: could not parse star classification: C
26/09/11 15:33:17 WARN com.cse.exodex.datasets.StarClassifier2: Warning: could not parse star classification: C8
26/09/11 15:33:17 WARN com.cse.exodex.datasets.StarClassifier2: Warning: could not parse star classification: C5II
26/09/11 15:33:17 WARN com.cse.exodex.datasets.StarClassifier2: Warning: could not parse star classification: C5II
26/09/11 15:33:17 WARN com.cse.exodex.datasets.StarClassifier2: Warning: could not parse star classification: WC...
26/09/11 15:33:17 WARN com.cse.exodex.datasets.StarClassifier2: Warning: could not parse star classification: C
26/09/11 15:33:17 WARN com.cse.exodex.datasets.StarClassifier2: Warning: could not parse star classification: C
26/09/11 15:33:17 WARN com.cse.exodex.datasets.StarClassifier2: Warning: could not parse star classification: C6II
26/09/11 15:33:17 WARN com.cse.exodex.datasets.StarClassifier2: Warning: could not parse star classification: R0
26/09/11 15:33:17 WARN com.cse.exodex.datasets.StarClassifier2: Warning: could not parse star classification: C5II
26/09/11 15:33:17 WARN com.cse.exodex.datasets.StarClassifier2: Warning: could not parse star classification: C5II
26/09/11 15:33:17 WARN com.cse.exodex.datasets.StarClassifier2: Warning: could not parse star classification: C6II
26/09/11 15:33:17 WARN com.cse.exodex.datasets.StarClassifier2: Warning: could not parse star classification: C
26/09/11 15:33:17 WARN com.cse.exodex.datasets.StarClassifier2: Warning: could not parse star classification: WN8 (SB1)
26/09/11 15:33:17 WARN com.cse.exodex.datasets.StarClassifier2: Warning: could not parse star classification: C5II
26/09/11 15:33:17 WARN com.cse.exodex.datasets.StarClassifier2: Warning: could not parse star classification: R2v
26/09/11 15:33:17 WARN com.cse.exodex.datasets.StarClassifier2: Warning: could not parse star classification: WN...
26/09/11 15:33:17 WARN com.cse.exodex.datasets.StarClassifier2: Warning: could not parse star classification: R8
26/09/11 15:33:17 WARN com.cse.exodex.datasets.StarClassifier2: Warning: could not parse star classification: R3
26/09/11 15:33:17 WARN com.cse.exodex.datasets.StarClassifier2: Warning: could not parse star classification: Se
26/09/11 15:33:17 WARN com.cse.exodex.datasets.StarClassifier2: Warning: could not parse star classification: Cp
26/09/11 15:33:17 WARN com.cse.exodex.datasets.StarClassifier2: Warning: could not parse star classification: C
26/09/11 15:33:17 WARN com.cse.exodex.datasets.StarClassifier2: Warning: could not parse star classification: C...
26/09/11 15:33:17 WARN com.cse.exodex.datasets.StarClassifier2: Warning: could not parse star classification: DAw...
26/09/11 15:33:17 WARN com.cse.exodex.datasets.StarClassifier2: Warning: could not parse star classification: C5II
26/09/11 15:33:17 WARN com.cse.exodex.datasets.StarClassifier2: Warning: could not parse star classification: C0
26/09/11 15:33:17 WARN com.cse.exodex.datasets.StarClassifier2: Warning: could not parse star classification: R...
26/09/11 15:33:17 WARN com.cse.exodex.datasets.StarClassifier2: Warning: could not parse star classification: R5
26/09/11 15:33:17 WARN com.cse.exodex.datasets.StarClassifier2: Warning: could not parse star classification: N0v
26/09/11 15:33:17 WARN com.cse.exodex.datasets.StarClassifier2: Warning: could not parse star classification: C
26/09/11 15:33:17 WARN com.cse.exodex.datasets.StarClassifier2: Warning: could not parse star classification: WC...
26/09/11 15:33:17 WARN com.cse.exodex.datasets.StarClassifier2: Warning: could not parse star classification: C6.4e
26/09/11 15:33:17 WARN com.cse.exodex.datasets.StarClassifier2: Warning: could not parse star classification: WN+...
26/09/11 15:33:17 WARN com.cse.exodex.datasets.StarClassifier2: Warning: could not parse star classification: C
26/09/11 15:33:17 WARN com.cse.exodex.datasets.StarClassifier2: Warning: could not parse star classification: DB:p
26/09/11 15:33:17 WARN com.cse.exodex.datasets.StarClassifier2: Warning: could not parse star classification: WN4 (SB1)
26/09/11 15:33:17 WARN com.cse.exodex.datasets.StarClassifier2: Warning: could not parse star classification: S71e:
26/09/11 15:33:17 WARN com.cse.exodex.datasets.StarClassifier2: Warning: could not parse star classification: C...
26/09/11 15:33:17 WARN com.cse.exodex.datasets.StarClassifier2: Warning: could not parse star classification: C6II
26/09/11 15:33:17 WARN com.cse.exodex.datasets.StarClassifier2: Warning: could not parse star classification: R...
26/09/11 15:33:17 WARN com.cse.exodex.datasets.StarClassifier2: Warning: could not parse star classification: N0v
26/09/11 15:33:17 WARN com.cse.exodex.datasets.StarClassifier2: Warning: could not parse star classification: R4
26/09/11 15:33:17 WARN com.cse.exodex.datasets.StarClassifier2: Warning: could not parse star classification: N0
26/09/11 15:33:17 WARN com.cse.exodex.datasets.StarClassifier2: Warning: could not parse star classification: C5II
26/09/11 15:33:17 WARN com.cse.exodex.datasets.StarClassifier2: Warning: could not parse star classification: N0
26/09/11 15:33:17 WARN com.cse.exodex.datasets.StarClassifier2: Warning: could not parse star classification: S75v
26/09/11 15:33:17 WARN com.cse.exodex.datasets.StarClassifier2: Warning: could not parse star classification: WN+...
26/09/11 15:33:17 WARN com.cse.exodex.datasets.StarClassifier2: Warning: could not parse star classification: R3v
26/09/11 15:33:17 WARN com.cse.exodex.datasets.StarClassifier2: Warning: could not parse star classification: N0v
26/09/11 15:33:17 WARN com.cse.exodex.datasets.StarClassifier2: Warning: could not parse star classification: WN6 (SB1)
26/09/11 15:33:17 WARN com.cse.exodex.datasets.StarClassifier2: Warning: could not parse star classification: WC...
26/09/11 15:33:17 WARN com.cse.exodex.datasets.StarClassifier2: Warning: could not parse star classification: WN...
26/09/11 15:33:17 WARN com.cse.exodex.datasets.StarClassifier2: Warning: could not parse star classification: C5II
26/09/11 15:33:17 WARN com.cse.exodex.datasets.StarClassifier2: Warning: could not parse star classification: R...
26/09/11 15:33:17 WARN com.cse.exodex.datasets.StarClassifier2: Warning: could not parse star classification: WC...
26/09/11 15:33:17 WARN com.cse.exodex.datasets.StarClassifier2: Warning: could not parse star classification: WNs...
26/09/11 15:33:17 WARN com.cse.exodex.datasets.StarClassifier2: Warning: could not parse star classification: C
26/09/11 15:33:17 WARN com.cse.exodex.datasets.StarClassifier2: Warning: could not parse star classification: C8e:
26/09/11 15:33:17 WARN com.cse.exodex.datasets.StarClassifier2: Warning: could not parse star classification: WN5 + O6
26/09/11 15:33:17 WARN com.cse.exodex.datasets.StarClassifier2: Warning: could not parse star classification: Cme
26/09/11 15:33:17 WARN com.cse.exodex.datasets.StarClassifier2: Warning: could not parse star classification: WC+...
26/09/11 15:33:17 WARN com.cse.exodex.datasets.StarClassifier2: Warning: could not parse star classification: WN6 (SB1)
26/09/11 15:33:17 WARN com.cse.exodex.datasets.StarClassifier2: Warning: could not parse star classification: N0v
26/09/11 15:33:17 WARN com.cse.exodex.datasets.StarClassifier2: Warning: could not parse star classification: N0
26/09/11 15:33:18 WARN com.cse.exodex.datasets.StarClassifier2: Warning: could not parse star classification: S58v
26/09/11 15:33:18 WARN com.cse.exodex.datasets.StarClassifier2: Warning: could not parse star classification: C
26/09/11 15:33:18 WARN com.cse.exodex.datasets.StarClassifier2: Warning: could not parse star classification: C7.4e
26/09/11 15:33:18 WARN com.cse.exodex.datasets.StarClassifier2: Warning: could not parse star classification: WNs...
26/09/11 15:33:18 WARN com.cse.exodex.datasets.StarClassifier2: Warning: could not parse star classification: pec(NOVA)
26/09/11 15:33:18 WARN com.cse.exodex.datasets.StarClassifier2: Warning: could not parse star classification: R...
26/09/11 15:33:18 WARN com.cse.exodex.datasets.StarClassifier2: Warning: could not parse star classification: R...
26/09/11 15:33:18 WARN com.cse.exodex.datasets.StarClassifier2: Warning: could not parse star classification: C
26/09/11 15:33:18 WARN com.cse.exodex.datasets.StarClassifier2: Warning: could not parse star classification: N0
26/09/11 15:33:18 WARN com.cse.exodex.datasets.StarClassifier2: Warning: could not parse star classification: C+
26/09/11 15:33:18 WARN com.cse.exodex.datasets.StarClassifier2: Warning: could not parse star classification: R...
26/09/11 15:33:18 WARN com.cse.exodex.datasets.StarClassifier2: Warning: could not parse star classification: R...
26/09/11 15:33:18 WARN com.cse.exodex.datasets.StarClassifier2: Warning: could not parse star classification: C5II
26/09/11 15:33:18 WARN com.cse.exodex.datasets.StarClassifier2: Warning: could not parse star classification: N0v
26/09/11 15:33:18 WARN com.cse.exodex.datasets.StarClassifier2: Warning: could not parse star classification: C5II
26/09/11 15:33:18 WARN com.cse.exodex.datasets.StarClassifier2: Warning: could not parse star classification: C6II
26/09/11 15:33:18 WARN com.cse.exodex.datasets.StarClassifier2: Warning: could not parse star classification: NV...
26/09/11 15:33:18 WARN com.cse.exodex.datasets.StarClassifier2: Warning: could not parse star classification: C6.3
26/09/11 15:33:18 WARN com.cse.exodex.datasets.StarClassifier2: Warning: could not parse star classification: C6II
26/09/11 15:33:18 WARN com.cse.exodex.datasets.StarClassifier2: Warning: could not parse star classification: C+
26/09/11 15:33:18 WARN com.cse.exodex.datasets.StarClassifier2: Warning: could not parse star classification: C6II
26/09/11 15:33:18 WARN com.cse.exodex.datasets.StarClassifier2: Warning: could not parse star classification: WN6 + M3III
26/09/11 15:33:18 WARN com.cse.exodex.datasets.StarClassifier2: Warning: could not parse star classification: N0v
26/09/11 15:33:18 WARN com.cse.exodex.datasets.StarClassifier2: Warning: could not parse star classification: R3
26/09/11 15:33:18 WARN com.cse.exodex.datasets.StarClassifier2: Warning: could not parse star classification: pec
26/09/11 15:33:18 WARN com.cse.exodex.datasets.StarClassifier2: Warning: could not parse star classification: N0
26/09/11 15:33:18 WARN com.cse.exodex.datasets.StarClassifier2: Warning: could not parse star classification: C...
26/09/11 15:33:18 WARN com.cse.exodex.datasets.StarClassifier2: Warning: could not parse star classification: C9e
26/09/11 15:33:18 WARN com.cse.exodex.datasets.StarClassifier2: Warning: could not parse star classification: R
26/09/11 15:33:18 WARN com.cse.exodex.datasets.StarClassifier2: Warning: could not parse star classification: S63e
26/09/11 15:33:18 WARN com.cse.exodex.datasets.StarClassifier2: Warning: could not parse star classification: WN6
26/09/11 15:33:18 WARN com.cse.exodex.datasets.StarClassifier2: Warning: could not parse star classification: S57:
26/09/11 15:33:18 WARN com.cse.exodex.datasets.StarClassifier2: Warning: could not parse star classification: WC...
26/09/11 15:33:18 WARN com.cse.exodex.datasets.StarClassifier2: Warning: could not parse star classification: N0
26/09/11 15:33:18 WARN com.cse.exodex.datasets.StarClassifier2: Warning: could not parse star classification: WN7 (SB1)
26/09/11 15:33:18 WARN com.cse.exodex.datasets.StarClassifier2: Warning: could not parse star classification: C6.4
26/09/11 15:33:18 WARN com.cse.exodex.datasets.StarClassifier2: Warning: could not parse star classification: Ne
26/09/11 15:33:18 WARN com.cse.exodex.datasets.StarClassifier2: Warning: could not parse star classification: N
26/09/11 15:33:18 WARN com.cse.exodex.datasets.StarClassifier2: Warning: could not parse star classification: R6
26/09/11 15:33:18 WARN com.cse.exodex.datasets.StarClassifier2: Warning: could not parse star classification: S49e
26/09/11 15:33:18 WARN com.cse.exodex.datasets.StarClassifier2: Warning: could not parse star classification: S...
26/09/11 15:33:18 WARN com.cse.exodex.datasets.StarClassifier2: Warning: could not parse star classification: S51
26/09/11 15:33:18 WARN com.cse.exodex.datasets.StarClassifier2: Warning: could not parse star classification: R...
26/09/11 15:33:18 WARN com.cse.exodex.datasets.StarClassifier2: Warning: could not parse star classification: N0v
26/09/11 15:33:18 WARN com.cse.exodex.datasets.StarClassifier2: Warning: could not parse star classification: WN...
26/09/11 15:33:18 WARN com.cse.exodex.datasets.StarClassifier2: Warning: could not parse star classification: C3.4v
26/09/11 15:33:18 WARN com.cse.exodex.datasets.StarClassifier2: Warning: could not parse star classification: R...
26/09/11 15:33:18 WARN com.cse.exodex.datasets.StarClassifier2: Warning: could not parse star classification: R...
26/09/11 15:33:18 WARN com.cse.exodex.datasets.StarClassifier2: Warning: could not parse star classification: C
26/09/11 15:33:18 WARN com.cse.exodex.datasets.StarClassifier2: Warning: could not parse star classification: WN4.5
26/09/11 15:33:18 WARN com.cse.exodex.datasets.StarClassifier2: Warning: could not parse star classification: N0
26/09/11 15:33:18 WARN com.cse.exodex.datasets.StarClassifier2: Warning: could not parse star classification: C2
26/09/11 15:33:18 WARN com.cse.exodex.datasets.StarClassifier2: Warning: could not parse star classification: WN...
26/09/11 15:33:18 WARN com.cse.exodex.datasets.StarClassifier2: Warning: could not parse star classification: C5II
26/09/11 15:33:18 WARN com.cse.exodex.datasets.StarClassifier2: Warning: could not parse star classification: C...
26/09/11 15:33:18 WARN com.cse.exodex.datasets.StarClassifier2: Warning: could not parse star classification: dK7   J
26/09/11 15:33:18 WARN com.cse.exodex.datasets.StarClassifier2: Warning: could not parse star classification: dF3
26/09/11 15:33:18 WARN com.cse.exodex.datasets.StarClassifier2: Warning: could not parse star classification: pec
26/09/11 15:33:18 WARN com.cse.exodex.datasets.StarClassifier2: Warning: could not parse star classification: DC9?
26/09/11 15:33:18 WARN com.cse.exodex.datasets.StarClassifier2: Warning: could not parse star classification: DA/F
26/09/11 15:33:18 WARN com.cse.exodex.datasets.StarClassifier2: Warning: could not parse star classification: dF9
26/09/11 15:33:18 WARN com.cse.exodex.datasets.StarClassifier2: Warning: could not parse star classification: dF3   J
26/09/11 15:33:18 WARN com.cse.exodex.datasets.StarClassifier2: Warning: could not parse star classification: DC:9
26/09/11 15:33:18 INFO com.cse.exodex.datasets.catalogs.HYGDatabase: Filtering 119614 stars for distance 1.7976931348623157E308
26/09/11 15:33:18 INFO com.cse.exodex.datasets.catalogs.HYGDatabase: Found 119614 stars within 1.7976931348623157E308
26/09/11 15:33:19 WARN com.cse.exodex.datasets.StellarLibrary: probably not enough data lolwith BF id: BayerFlamsteed{flamsteedDesignation=14, bayerDesignation='null', number=null, constellation=Constellation{constellation='Hercules', genitive='Herculis'}, prettyName='14 Herculis'}
26/09/11 15:33:19 WARN com.cse.exodex.datasets.StellarLibrary: probably not enough data lolwith BF id: BayerFlamsteed{flamsteedDesignation=14, bayerDesignation='null', number=null, constellation=Constellation{constellation='Hercules', genitive='Herculis'}, prettyName='14 Herculis'}
26/09/11 15:33:19 WARN com.cse.exodex.datasets.StellarLibrary: probably not enough data lolwith BF id: BayerFlamsteed{flamsteedDesignation=14, bayerDesignation='null', number=null, constellation=Constellation{constellation='Hercules', genitive='Herculis'}, prettyName='14 Herculis'}
26/09/11 15:33:19 WARN com.cse.exodex.datasets.StellarLibrary: probably not enough data lolwith BF id: BayerFlamsteed{flamsteedDesignation=14, bayerDesignation='null', number=null, constellation=Constellation{constellation='Hercules', genitive='Herculis'}, prettyName='14 Herculis'}
26/09/11 15:33:19 WARN com.cse.exodex.datasets.StellarLibrary: probably not enough data lolwith BF id: BayerFlamsteed{flamsteedDesignation=14, bayerDesignation='null', number=null, constellation=Constellation{constellation='Hercules', genitive='Herculis'}, prettyName='14 Herculis'}
26/09/11 15:33:19 WARN com.cse.exodex.datasets.StellarLibrary: probably not enough data lolwith BF id: BayerFlamsteed{flamsteedDesignation=14, bayerDesignation='null', number=null, constellation=Constellation{constellation='Hercules', genitive='Herculis'}, prettyName='14 Herculis'}
26/09/11 15:33:19 WARN com.cse.exodex.datasets.StellarLibrary: probably not enough data lolwith BF id: BayerFlamsteed{flamsteedDesignation=14, bayerDesignation='null', number=null, constellation=Constellation{constellation='Hercules', genitive='Herculis'}, prettyName='14 Herculis'}
26/09/11 15:33:19 WARN com.cse.exodex.datasets.StellarLibrary: probably not enough data lolwith BF id: BayerFlamsteed{flamsteedDesignation=14, bayerDesignation='null', number=null, constellation=Constellation{constellation='Hercules', genitive='Herculis'}, prettyName='14 Herculis'}
26/09/11 15:33:19 WARN com.cse.exodex.datasets.StellarLibrary: probably not enough data lolwith BF id: BayerFlamsteed{flamsteedDesignation=14, bayerDesignation='null', number=null, constellation=Constellation{constellation='Hercules', genitive='Herculis'}, prettyName='14 Herculis'}
26/09/11 15:33:19 WARN com.cse.exodex.datasets.StellarLibrary: probably not enough data lolwith BF id: BayerFlamsteed{flamsteedDesignation=16, bayerDesignation='null', number=null, constellation=null, prettyName='16'}
26/09/11 15:33:19 WARN com.cse.exodex.datasets.StellarLibrary: probably not enough data lolwith BF id: BayerFlamsteed{flamsteedDesignation=16, bayerDesignation='null', number=null, constellation=null, prettyName='16'}
26/09/11 15:33:19 WARN com.cse.exodex.datasets.StellarLibrary: probably not enough data lolwith BF id: BayerFlamsteed{flamsteedDesignation=16, bayerDesignation='null', number=null, constellation=null, prettyName='16'}
26/09/11 15:33:19 WARN com.cse.exodex.datasets.StellarLibrary: probably not enough data lolwith BF id: BayerFlamsteed{flamsteedDesignation=16, bayerDesignation='null', number=null, constellation=null, prettyName='16'}
26/09/11 15:33:19 WARN com.cse.exodex.datasets.StellarLibrary: probably not enough data lolwith BF id: BayerFlamsteed{flamsteedDesignation=16, bayerDesignation='null', number=null, constellation=null, prettyName='16'}
26/09/11 15:33:19 WARN com.cse.exodex.datasets.StellarLibrary: probably not enough data lolwith BF id: BayerFlamsteed{flamsteedDesignation=16, bayerDesignation='null', number=null, constellation=null, prettyName='16'}
26/09/11 15:33:19 WARN com.cse.exodex.datasets.StellarLibrary: probably not enough data lolwith BF id: BayerFlamsteed{flamsteedDesignation=17, bayerDesignation='null', number=null, constellation=Constellation{constellation='Scorpius', genitive='Scorpii'}, prettyName='17 Scorpii'}
26/09/11 15:33:19 WARN com.cse.exodex.datasets.StellarLibrary: probably not enough data lolwith BF id: BayerFlamsteed{flamsteedDesignation=24, bayerDesignation='null', number=null, constellation=Constellation{constellation='Sextans', genitive='Sextantis'}, prettyName='24 Sextantis'}
26/09/11 15:33:19 WARN com.cse.exodex.datasets.StellarLibrary: probably not enough data lolwith BF id: BayerFlamsteed{flamsteedDesignation=24, bayerDesignation='null', number=null, constellation=Constellation{constellation='Sextans', genitive='Sextantis'}, prettyName='24 Sextantis'}
26/09/11 15:33:19 WARN com.cse.exodex.datasets.StellarLibrary: probably not enough data lolwith BF id: BayerFlamsteed{flamsteedDesignation=4, bayerDesignation='null', number=null, constellation=Constellation{constellation='Ursa Major', genitive='Ursae Majoris'}, prettyName='4 Ursae Majoris'}
26/09/11 15:33:19 WARN com.cse.exodex.datasets.StellarLibrary: probably not enough data lolwith BF id: BayerFlamsteed{flamsteedDesignation=4, bayerDesignation='null', number=null, constellation=Constellation{constellation='Ursa Major', genitive='Ursae Majoris'}, prettyName='4 Ursae Majoris'}
26/09/11 15:33:19 WARN com.cse.exodex.datasets.StellarLibrary: probably not enough data lolwith BF id: BayerFlamsteed{flamsteedDesignation=55, bayerDesignation='null', number=null, constellation=null, prettyName='55'}
26/09/11 15:33:19 WARN com.cse.exodex.datasets.StellarLibrary: probably not enough data lolwith BF id: BayerFlamsteed{flamsteedDesignation=55, bayerDesignation='null', number=null, constellation=null, prettyName='55'}
26/09/11 15:33:19 WARN com.cse.exodex.datasets.StellarLibrary: probably not enough data lolwith BF id: BayerFlamsteed{flamsteedDesignation=55, bayerDesignation='null', number=null, constellation=Constellation{constellation='Cancer', genitive='Cancri'}, prettyName='55 Cancri'}
26/09/11 15:33:19 WARN com.cse.exodex.datasets.StellarLibrary: probably not enough data lolwith BF id: BayerFlamsteed{flamsteedDesignation=55, bayerDesignation='null', number=null, constellation=Constellation{constellation='Cancer', genitive='Cancri'}, prettyName='55 Cancri'}
26/09/11 15:33:19 WARN com.cse.exodex.datasets.StellarLibrary: probably not enough data lolwith BF id: BayerFlamsteed{flamsteedDesignation=55, bayerDesignation='null', number=null, constellation=Constellation{constellation='Cancer', genitive='Cancri'}, prettyName='55 Cancri'}
26/09/11 15:33:19 WARN com.cse.exodex.datasets.StellarLibrary: probably not enough data lolwith BF id: BayerFlamsteed{flamsteedDesignation=55, bayerDesignation='null', number=null, constellation=Constellation{constellation='Cancer', genitive='Cancri'}, prettyName='55 Cancri'}
26/09/11 15:33:19 WARN com.cse.exodex.datasets.StellarLibrary: probably not enough data lolwith BF id: BayerFlamsteed{flamsteedDesignation=55, bayerDesignation='null', number=null, constellation=Constellation{constellation='Cancer', genitive='Cancri'}, prettyName='55 Cancri'}
26/09/11 15:33:19 WARN com.cse.exodex.datasets.StellarLibrary: probably not enough data lolwith BF id: BayerFlamsteed{flamsteedDesignation=55, bayerDesignation='null', number=null, constellation=Constellation{constellation='Cancer', genitive='Cancri'}, prettyName='55 Cancri'}
26/09/11 15:33:19 WARN com.cse.exodex.datasets.StellarLibrary: probably not enough data lolwith BF id: BayerFlamsteed{flamsteedDesignation=55, bayerDesignation='null', number=null, constellation=Constellation{constellation='Cancer', genitive='Cancri'}, prettyName='55 Cancri'}
26/09/11 15:33:19 WARN com.cse.exodex.datasets.StellarLibrary: probably not enough data lolwith BF id: BayerFlamsteed{flamsteedDesignation=55, bayerDesignation='null', number=null, constellation=Constellation{constellation='Cancer', genitive='Cancri'}, prettyName='55 Cancri'}
26/09/11 15:33:19 WARN com.cse.exodex.datasets.StellarLibrary: probably not enough data lolwith BF id: BayerFlamsteed{flamsteedDesignation=55, bayerDesignation='null', number=null, constellation=Constellation{constellation='Cancer', genitive='Cancri'}, prettyName='55 Cancri'}
26/09/11 15:33:19 WARN com.cse.exodex.datasets.StellarLibrary: probably not enough data lolwith BF id: BayerFlamsteed{flamsteedDesignation=55, bayerDesignation='null', number=null, constellation=Constellation{constellation='Cancer', genitive='Cancri'}, prettyName='55 Cancri'}
26/09/11 15:33:19 WARN com.cse.exodex.datasets.StellarLibrary: probably not enough data lolwith BF id: BayerFlamsteed{flamsteedDesignation=55, bayerDesignation='null', number=null, constellation=Constellation{constellation='Cancer', genitive='Cancri'}, prettyName='55 Cancri'}
26/09/11 15:33:19 WARN com.cse.exodex.datasets.StellarLibrary: probably not enough data lolwith BF id: BayerFlamsteed{flamsteedDesignation=55, bayerDesignation='null', number=null, constellation=Constellation{constellation='Cancer', genitive='Cancri'}, prettyName='55 Cancri'}
26/09/11 15:33:19 WARN com.cse.exodex.datasets.StellarLibrary: probably not enough data lolwith BF id: BayerFlamsteed{flamsteedDesignation=55, bayerDesignation='null', number=null, constellation=Constellation{constellation='Cancer', genitive='Cancri'}, prettyName='55 Cancri'}
26/09/11 15:33:19 WARN com.cse.exodex.datasets.StellarLibrary: probably not enough data lolwith BF id: BayerFlamsteed{flamsteedDesignation=55, bayerDesignation='null', number=null, constellation=Constellation{constellation='Cancer', genitive='Cancri'}, prettyName='55 Cancri'}
26/09/11 15:33:19 WARN com.cse.exodex.datasets.StellarLibrary: probably not enough data lolwith BF id: BayerFlamsteed{flamsteedDesignation=55, bayerDesignation='null', number=null, constellation=Constellation{constellation='Cancer', genitive='Cancri'}, prettyName='55 Cancri'}
26/09/11 15:33:19 WARN com.cse.exodex.datasets.StellarLibrary: probably not enough data lolwith BF id: BayerFlamsteed{flamsteedDesignation=55, bayerDesignation='null', number=null, constellation=Constellation{constellation='Cancer', genitive='Cancri'}, prettyName='55 Cancri'}
26/09/11 15:33:19 WARN com.cse.exodex.datasets.StellarLibrary: probably not enough data lolwith BF id: BayerFlamsteed{flamsteedDesignation=55, bayerDesignation='null', number=null, constellation=Constellation{constellation='Cancer', genitive='Cancri'}, prettyName='55 Cancri'}
26/09/11 15:33:19 WARN com.cse.exodex.datasets.StellarLibrary: probably not enough data lolwith BF id: BayerFlamsteed{flamsteedDesignation=55, bayerDesignation='null', number=null, constellation=Constellation{constellation='Cancer', genitive='Cancri'}, prettyName='55 Cancri'}
26/09/11 15:33:19 WARN com.cse.exodex.datasets.StellarLibrary: probably not enough data lolwith BF id: BayerFlamsteed{flamsteedDesignation=55, bayerDesignation='null', number=null, constellation=Constellation{constellation='Cancer', genitive='Cancri'}, prettyName='55 Cancri'}
26/09/11 15:33:19 WARN com.cse.exodex.datasets.StellarLibrary: probably not enough data lolwith BF id: BayerFlamsteed{flamsteedDesignation=55, bayerDesignation='null', number=null, constellation=Constellation{constellation='Cancer', genitive='Cancri'}, prettyName='55 Cancri'}
26/09/11 15:33:19 WARN com.cse.exodex.datasets.StellarLibrary: probably not enough data lolwith BF id: BayerFlamsteed{flamsteedDesignation=55, bayerDesignation='null', number=null, constellation=Constellation{constellation='Cancer', genitive='Cancri'}, prettyName='55 Cancri'}
26/09/11 15:33:19 WARN com.cse.exodex.datasets.StellarLibrary: probably not enough data lolwith BF id: BayerFlamsteed{flamsteedDesignation=55, bayerDesignation='null', number=null, constellation=Constellation{constellation='Cancer', genitive='Cancri'}, prettyName='55 Cancri'}
26/09/11 15:33:19 WARN com.cse.exodex.datasets.StellarLibrary: probably not enough data lolwith BF id: BayerFlamsteed{flamsteedDesignation=55, bayerDesignation='null', number=null, constellation=Constellation{constellation='Cancer', genitive='Cancri'}, prettyName='55 Cancri'}
26/09/11 15:33:19 WARN com.cse.exodex.datasets.StellarLibrary: probably not enough data lolwith BF id: BayerFlamsteed{flamsteedDesignation=55, bayerDesignation='null', number=null, constellation=Constellation{constellation='Cancer', genitive='Cancri'}, prettyName='55 Cancri'}
26/09/11 15:33:19 WARN com.cse.exodex.datasets.StellarLibrary: probably not enough data lolwith BF id: BayerFlamsteed{flamsteedDesignation=55, bayerDesignation='null', number=null, constellation=Constellation{constellation='Cancer', genitive='Cancri'}, prettyName='55 Cancri'}
26/09/11 15:33:19 WARN com.cse.exodex.datasets.StellarLibrary: probably not enough data lolwith BF id: BayerFlamsteed{flamsteedDesignation=55, bayerDesignation='null', number=null, constellation=Constellation{constellation='Cancer', genitive='Cancri'}, prettyName='55 Cancri'}
26/09/11 15:33:19 WARN com.cse.exodex.datasets.StellarLibrary: probably not enough data lolwith BF id: BayerFlamsteed{flamsteedDesignation=55, bayerDesignation='null', number=null, constellation=Constellation{constellation='Cancer', genitive='Cancri'}, prettyName='55 Cancri'}
26/09/11 15:33:19 WARN com.cse.exodex.datasets.StellarLibrary: probably not enough data lolwith BF id: BayerFlamsteed{flamsteedDesignation=55, bayerDesignation='null', number=null, constellation=Constellation{constellation='Cancer', genitive='Cancri'}, prettyName='55 Cancri'}
26/09/11 15:33:19 WARN com.cse.exodex.datasets.StellarLibrary: probably not enough data lolwith BF id: BayerFlamsteed{flamsteedDesignation=55, bayerDesignation='null', number=null, constellation=Constellation{constellation='Cancer', genitive='Cancri'}, prettyName='55 Cancri'}
26/09/11 15:33:19 WARN com.cse.exodex.datasets.StellarLibrary: probably not enough data lolwith BF id: BayerFlamsteed{flamsteedDesignation=55, bayerDesignation='null', number=null, constellation=Constellation{constellation='Cancer', genitive='Cancri'}, prettyName='55 Cancri'}
26/09/11 15:33:19 WARN com.cse.exodex.datasets.StellarLibrary: probably not enough data lolwith BF id: BayerFlamsteed{flamsteedDesignation=55, bayerDesignation='null', number=null, constellation=Constellation{constellation='Cancer', genitive='Cancri'}, prettyName='55 Cancri'}
26/09/11 15:33:19 WARN com.cse.exodex.datasets.StellarLibrary: probably not enough data lolwith BF id: BayerFlamsteed{flamsteedDesignation=55, bayerDesignation='null', number=null, constellation=Constellation{constellation='Cancer', genitive='Cancri'}, prettyName='55 Cancri'}
26/09/11 15:33:19 WARN com.cse.exodex.datasets.StellarLibrary: probably not enough data lolwith BF id: BayerFlamsteed{flamsteedDesignation=55, bayerDesignation='null', number=null, constellation=Constellation{constellation='Cancer', genitive='Cancri'}, prettyName='55 Cancri'}
26/09/11 15:33:19 WARN com.cse.exodex.datasets.StellarLibrary: probably not enough data lolwith BF id: BayerFlamsteed{flamsteedDesignation=55, bayerDesignation='null', number=null, constellation=Constellation{constellation='Cancer', genitive='Cancri'}, prettyName='55 Cancri'}
26/09/11 15:33:19 WARN com.cse.exodex.datasets.StellarLibrary: probably not enough data lolwith BF id: BayerFlamsteed{flamsteedDesignation=55, bayerDesignation='null', number=null, constellation=Constellation{constellation='Cancer', genitive='Cancri'}, prettyName='55 Cancri'}
26/09/11 15:33:19 WARN com.cse.exodex.datasets.StellarLibrary: probably not enough data lolwith BF id: BayerFlamsteed{flamsteedDesignation=55, bayerDesignation='null', number=null, constellation=Constellation{constellation='Cancer', genitive='Cancri'}, prettyName='55 Cancri'}
26/09/11 15:33:19 WARN com.cse.exodex.datasets.StellarLibrary: probably not enough data lolwith BF id: BayerFlamsteed{flamsteedDesignation=55, bayerDesignation='null', number=null, constellation=Constellation{constellation='Cancer', genitive='Cancri'}, prettyName='55 Cancri'}
26/09/11 15:33:19 WARN com.cse.exodex.datasets.StellarLibrary: probably not enough data lolwith BF id: BayerFlamsteed{flamsteedDesignation=55, bayerDesignation='null', number=null, constellation=Constellation{constellation='Cancer', genitive='Cancri'}, prettyName='55 Cancri'}
26/09/11 15:33:19 WARN com.cse.exodex.datasets.StellarLibrary: probably not enough data lolwith BF id: BayerFlamsteed{flamsteedDesignation=55, bayerDesignation='null', number=null, constellation=Constellation{constellation='Cancer', genitive='Cancri'}, prettyName='55 Cancri'}
26/09/11 15:33:19 WARN com.cse.exodex.datasets.StellarLibrary: probably not enough data lolwith BF id: BayerFlamsteed{flamsteedDesignation=55, bayerDesignation='null', number=null, constellation=Constellation{constellation='Cancer', genitive='Cancri'}, prettyName='55 Cancri'}
26/09/11 15:33:19 WARN com.cse.exodex.datasets.StellarLibrary: probably not enough data lolwith BF id: BayerFlamsteed{flamsteedDesignation=55, bayerDesignation='null', number=null, constellation=Constellation{constellation='Cancer', genitive='Cancri'}, prettyName='55 Cancri'}
26/09/11 15:33:19 WARN com.cse.exodex.datasets.StellarLibrary: probably not enough data lolwith BF id: BayerFlamsteed{flamsteedDesignation=55, bayerDesignation='null', number=null, constellation=Constellation{constellation='Cancer', genitive='Cancri'}, prettyName='55 Cancri'}
26/09/11 15:33:19 WARN com.cse.exodex.datasets.StellarLibrary: probably not enough data lolwith BF id: BayerFlamsteed{flamsteedDesignation=55, bayerDesignation='null', number=null, constellation=Constellation{constellation='Cancer', genitive='Cancri'}, prettyName='55 Cancri'}
26/09/11 15:33:19 WARN com.cse.exodex.datasets.StellarLibrary: probably not enough data lolwith BF id: BayerFlamsteed{flamsteedDesignation=55, bayerDesignation='null', number=null, constellation=Constellation{constellation='Cancer', genitive='Cancri'}, prettyName='55 Cancri'}
26/09/11 15:33:19 WARN com.cse.exodex.datasets.StellarLibrary: probably not enough data lolwith BF id: BayerFlamsteed{flamsteedDesignation=55, bayerDesignation='null', number=null, constellation=Constellation{constellation='Cancer', genitive='Cancri'}, prettyName='55 Cancri'}
26/09/11 15:33:19 WARN com.cse.exodex.datasets.StellarLibrary: probably not enough data lolwith BF id: BayerFlamsteed{flamsteedDesignation=55, bayerDesignation='null', number=null, constellation=Constellation{constellation='Cancer', genitive='Cancri'}, prettyName='55 Cancri'}
26/09/11 15:33:19 WARN com.cse.exodex.datasets.StellarLibrary: probably not enough data lolwith BF id: BayerFlamsteed{flamsteedDesignation=55, bayerDesignation='null', number=null, constellation=Constellation{constellation='Cancer', genitive='Cancri'}, prettyName='55 Cancri'}
26/09/11 15:33:19 WARN com.cse.exodex.datasets.StellarLibrary: probably not enough data lolwith BF id: BayerFlamsteed{flamsteedDesignation=55, bayerDesignation='null', number=null, constellation=Constellation{constellation='Cancer', genitive='Cancri'}, prettyName='55 Cancri'}
26/09/11 15:33:19 WARN com.cse.exodex.datasets.StellarLibrary: probably not enough data lolwith BF id: BayerFlamsteed{flamsteedDesignation=55, bayerDesignation='null', number=null, constellation=Constellation{constellation='Cancer', genitive='Cancri'}, prettyName='55 Cancri'}
26/09/11 15:33:19 WARN com.cse.exodex.datasets.StellarLibrary: probably not enough data lolwith BF id: BayerFlamsteed{flamsteedDesignation=55, bayerDesignation='null', number=null, constellation=Constellation{constellation='Cancer', genitive='Cancri'}, prettyName='55 Cancri'}
26/09/11 15:33:19 WARN com.cse.exodex.datasets.StellarLibrary: probably not enough data lolwith BF id: BayerFlamsteed{flamsteedDesignation=55, bayerDesignation='null', number=null, constellation=Constellation{constellation='Cancer', genitive='Cancri'}, prettyName='55 Cancri'}
26/09/11 15:33:19 WARN com.cse.exodex.datasets.StellarLibrary: probably not enough data lolwith BF id: BayerFlamsteed{flamsteedDesignation=55, bayerDesignation='null', number=null, constellation=Constellation{constellation='Cancer', genitive='Cancri'}, prettyName='55 Cancri'}
26/09/11 15:33:19 WARN com.cse.exodex.datasets.StellarLibrary: probably not enough data lolwith BF id: BayerFlamsteed{flamsteedDesignation=55, bayerDesignation='null', number=null, constellation=Constellation{constellation='Cancer', genitive='Cancri'}, prettyName='55 Cancri'}
26/09/11 15:33:19 WARN com.cse.exodex.datasets.StellarLibrary: probably not enough data lolwith BF id: BayerFlamsteed{flamsteedDesignation=55, bayerDesignation='null', number=null, constellation=Constellation{constellation='Cancer', genitive='Cancri'}, prettyName='55 Cancri'}
26/09/11 15:33:19 WARN com.cse.exodex.datasets.StellarLibrary: probably not enough data lolwith BF id: BayerFlamsteed{flamsteedDesignation=55, bayerDesignation='null', number=null, constellation=Constellation{constellation='Cancer', genitive='Cancri'}, prettyName='55 Cancri'}
26/09/11 15:33:19 WARN com.cse.exodex.datasets.StellarLibrary: probably not enough data lolwith BF id: BayerFlamsteed{flamsteedDesignation=55, bayerDesignation='null', number=null, constellation=Constellation{constellation='Cancer', genitive='Cancri'}, prettyName='55 Cancri'}
26/09/11 15:33:19 WARN com.cse.exodex.datasets.StellarLibrary: probably not enough data lolwith BF id: BayerFlamsteed{flamsteedDesignation=55, bayerDesignation='null', number=null, constellation=Constellation{constellation='Cancer', genitive='Cancri'}, prettyName='55 Cancri'}
26/09/11 15:33:19 WARN com.cse.exodex.datasets.StellarLibrary: probably not enough data lolwith BF id: BayerFlamsteed{flamsteedDesignation=55, bayerDesignation='null', number=null, constellation=Constellation{constellation='Cancer', genitive='Cancri'}, prettyName='55 Cancri'}
26/09/11 15:33:19 WARN com.cse.exodex.datasets.StellarLibrary: probably not enough data lolwith BF id: BayerFlamsteed{flamsteedDesignation=55, bayerDesignation='null', number=null, constellation=Constellation{constellation='Cancer', genitive='Cancri'}, prettyName='55 Cancri'}
26/09/11 15:33:19 WARN com.cse.exodex.datasets.StellarLibrary: probably not enough data lolwith BF id: BayerFlamsteed{flamsteedDesignation=55, bayerDesignation='null', number=null, constellation=Constellation{constellation='Cancer', genitive='Cancri'}, prettyName='55 Cancri'}
26/09/11 15:33:19 WARN com.cse.exodex.datasets.StellarLibrary: probably not enough data lolwith BF id: BayerFlamsteed{flamsteedDesignation=55, bayerDesignation='null', number=null, constellation=Constellation{constellation='Cancer', genitive='Cancri'}, prettyName='55 Cancri'}
26/09/11 15:33:19 WARN com.cse.exodex.datasets.StellarLibrary: probably not enough data lolwith BF id: BayerFlamsteed{flamsteedDesignation=55, bayerDesignation='null', number=null, constellation=Constellation{constellation='Cancer', genitive='Cancri'}, prettyName='55 Cancri'}
26/09/11 15:33:19 WARN com.cse.exodex.datasets.StellarLibrary: probably not enough data lolwith BF id: BayerFlamsteed{flamsteedDesignation=55, bayerDesignation='null', number=null, constellation=Constellation{constellation='Cancer', genitive='Cancri'}, prettyName='55 Cancri'}
26/09/11 15:33:19 WARN com.cse.exodex.datasets.StellarLibrary: probably not enough data lolwith BF id: BayerFlamsteed{flamsteedDesignation=55, bayerDesignation='null', number=null, constellation=Constellation{constellation='Cancer', genitive='Cancri'}, prettyName='55 Cancri'}
26/09/11 15:33:19 WARN com.cse.exodex.datasets.StellarLibrary: probably not enough data lolwith BF id: BayerFlamsteed{flamsteedDesignation=55, bayerDesignation='null', number=null, constellation=Constellation{constellation='Cancer', genitive='Cancri'}, prettyName='55 Cancri'}
26/09/11 15:33:19 WARN com.cse.exodex.datasets.StellarLibrary: probably not enough data lolwith BF id: BayerFlamsteed{flamsteedDesignation=55, bayerDesignation='null', number=null, constellation=Constellation{constellation='Cancer', genitive='Cancri'}, prettyName='55 Cancri'}
26/09/11 15:33:19 WARN com.cse.exodex.datasets.StellarLibrary: probably not enough data lolwith BF id: BayerFlamsteed{flamsteedDesignation=7, bayerDesignation='null', number=null, constellation=Constellation{constellation='Canis Major', genitive='Canis Majoris'}, prettyName='7 Canis Majoris'}
26/09/11 15:33:19 WARN com.cse.exodex.datasets.StellarLibrary: probably not enough data lolwith BF id: BayerFlamsteed{flamsteedDesignation=7, bayerDesignation='null', number=null, constellation=Constellation{constellation='Canis Major', genitive='Canis Majoris'}, prettyName='7 Canis Majoris'}
26/09/11 15:33:19 WARN com.cse.exodex.datasets.StellarLibrary: probably not enough data lolwith BF id: BayerFlamsteed{flamsteedDesignation=7, bayerDesignation='null', number=null, constellation=Constellation{constellation='Canis Major', genitive='Canis Majoris'}, prettyName='7 Canis Majoris'}
26/09/11 15:33:19 WARN com.cse.exodex.datasets.StellarLibrary: probably not enough data lolwith BF id: BayerFlamsteed{flamsteedDesignation=7, bayerDesignation='null', number=null, constellation=Constellation{constellation='Canis Major', genitive='Canis Majoris'}, prettyName='7 Canis Majoris'}
26/09/11 15:33:19 WARN com.cse.exodex.datasets.StellarLibrary: probably not enough data lolwith BF id: BayerFlamsteed{flamsteedDesignation=7, bayerDesignation='null', number=null, constellation=Constellation{constellation='Canis Major', genitive='Canis Majoris'}, prettyName='7 Canis Majoris'}
26/09/11 15:33:19 WARN com.cse.exodex.datasets.StellarLibrary: probably not enough data lolwith BF id: BayerFlamsteed{flamsteedDesignation=7, bayerDesignation='null', number=null, constellation=Constellation{constellation='Canis Major', genitive='Canis Majoris'}, prettyName='7 Canis Majoris'}
26/09/11 15:33:19 WARN com.cse.exodex.datasets.StellarLibrary: probably not enough data lolwith BF id: BayerFlamsteed{flamsteedDesignation=8, bayerDesignation='null', number=null, constellation=Constellation{constellation='Ursa Minor', genitive='Ursae Minoris'}, prettyName='8 Ursae Minoris'}
26/09/11 15:33:19 WARN com.cse.exodex.datasets.StellarLibrary: probably not enough data lolwith BF id: BayerFlamsteed{flamsteedDesignation=8, bayerDesignation='null', number=null, constellation=Constellation{constellation='Ursa Minor', genitive='Ursae Minoris'}, prettyName='8 Ursae Minoris'}
26/09/11 15:33:19 WARN com.cse.exodex.datasets.StellarLibrary: probably not enough data lolwith BF id: BayerFlamsteed{flamsteedDesignation=8, bayerDesignation='null', number=null, constellation=Constellation{constellation='Ursa Minor', genitive='Ursae Minoris'}, prettyName='8 Ursae Minoris'}
26/09/11 15:33:19 WARN com.cse.exodex.datasets.StellarLibrary: probably not enough data lolwith BF id: BayerFlamsteed{flamsteedDesignation=91, bayerDesignation='null', number=null, constellation=Constellation{constellation='Aquarius', genitive='Aquarii'}, prettyName='91 Aquarii'}
26/09/11 15:33:19 WARN com.cse.exodex.datasets.StellarLibrary: probably not enough data lolwith BF id: BayerFlamsteed{flamsteedDesignation=null, bayerDesignation='null', number=null, constellation=Constellation{constellation='Auriga', genitive='Aurigae'}, prettyName='Aurigae'}
26/09/11 15:33:19 WARN com.cse.exodex.datasets.StellarLibrary: probably not enough data lolwith BF id: BayerFlamsteed{flamsteedDesignation=null, bayerDesignation='null', number=null, constellation=Constellation{constellation='Pictor', genitive='Pictoris'}, prettyName='Pictoris'}
26/09/11 15:33:19 WARN com.cse.exodex.datasets.StellarLibrary: probably not enough data lolwith BF id: BayerFlamsteed{flamsteedDesignation=null, bayerDesignation='null', number=null, constellation=Constellation{constellation='Lepus', genitive='Leporis'}, prettyName='Leporis'}
26/09/11 15:33:19 WARN com.cse.exodex.datasets.StellarLibrary: probably not enough data lolwith BF id: BayerFlamsteed{flamsteedDesignation=null, bayerDesignation='null', number=null, constellation=Constellation{constellation='Lepus', genitive='Leporis'}, prettyName='Leporis'}
26/09/11 15:33:19 WARN com.cse.exodex.datasets.StellarLibrary: probably not enough data lolwith BF id: BayerFlamsteed{flamsteedDesignation=null, bayerDesignation='null', number=null, constellation=Constellation{constellation='Lepus', genitive='Leporis'}, prettyName='Leporis'}
26/09/11 15:33:19 WARN com.cse.exodex.datasets.StellarLibrary: probably not enough data lolwith BF id: BayerFlamsteed{flamsteedDesignation=null, bayerDesignation='null', number=null, constellation=Constellation{constellation='Lepus', genitive='Leporis'}, prettyName='Leporis'}
26/09/11 15:33:19 WARN com.cse.exodex.datasets.StellarLibrary: probably not enough data lolwith BF id: BayerFlamsteed{flamsteedDesignation=null, bayerDesignation='null', number=null, constellation=Constellation{constellation='Lepus', genitive='Leporis'}, prettyName='Leporis'}
26/09/11 15:33:19 WARN com.cse.exodex.datasets.StellarLibrary: probably not enough data lolwith BF id: BayerFlamsteed{flamsteedDesignation=null, bayerDesignation='null', number=2021, constellation=null, prettyName='2021'}
26/09/11 15:33:19 WARN com.cse.exodex.datasets.StellarLibrary: probably not enough data lolwith BF id: BayerFlamsteed{flamsteedDesignation=null, bayerDesignation='null', number=null, constellation=Constellation{constellation='Microscopium', genitive='Microscopii'}, prettyName='Microscopii'}
26/09/11 15:33:19 WARN com.cse.exodex.datasets.StellarLibrary: probably not enough data lolwith BF id: BayerFlamsteed{flamsteedDesignation=null, bayerDesignation='null', number=null, constellation=Constellation{constellation='Microscopium', genitive='Microscopii'}, prettyName='Microscopii'}
26/09/11 15:33:19 WARN com.cse.exodex.datasets.StellarLibrary: probably not enough data lolwith BF id: BayerFlamsteed{flamsteedDesignation=null, bayerDesignation='null', number=null, constellation=Constellation{constellation='Microscopium', genitive='Microscopii'}, prettyName='Microscopii'}
26/09/11 15:33:19 WARN com.cse.exodex.datasets.StellarLibrary: probably not enough data lolwith BF id: BayerFlamsteed{flamsteedDesignation=null, bayerDesignation='null', number=null, constellation=Constellation{constellation='Microscopium', genitive='Microscopii'}, prettyName='Microscopii'}
26/09/11 15:33:19 WARN com.cse.exodex.datasets.StellarLibrary: probably not enough data lolwith BF id: BayerFlamsteed{flamsteedDesignation=null, bayerDesignation='null', number=null, constellation=Constellation{constellation='Microscopium', genitive='Microscopii'}, prettyName='Microscopii'}
26/09/11 15:33:19 WARN com.cse.exodex.datasets.StellarLibrary: probably not enough data lolwith BF id: BayerFlamsteed{flamsteedDesignation=null, bayerDesignation='null', number=null, constellation=Constellation{constellation='Microscopium', genitive='Microscopii'}, prettyName='Microscopii'}
26/09/11 15:33:19 WARN com.cse.exodex.datasets.StellarLibrary: probably not enough data lolwith BF id: BayerFlamsteed{flamsteedDesignation=null, bayerDesignation='null', number=null, constellation=Constellation{constellation='Microscopium', genitive='Microscopii'}, prettyName='Microscopii'}
26/09/11 15:33:19 WARN com.cse.exodex.datasets.StellarLibrary: probably not enough data lolwith BF id: BayerFlamsteed{flamsteedDesignation=null, bayerDesignation='null', number=null, constellation=Constellation{constellation='Microscopium', genitive='Microscopii'}, prettyName='Microscopii'}
26/09/11 15:33:19 WARN com.cse.exodex.datasets.StellarLibrary: probably not enough data lolwith BF id: BayerFlamsteed{flamsteedDesignation=null, bayerDesignation='null', number=null, constellation=Constellation{constellation='Microscopium', genitive='Microscopii'}, prettyName='Microscopii'}
26/09/11 15:33:19 WARN com.cse.exodex.datasets.StellarLibrary: probably not enough data lolwith BF id: BayerFlamsteed{flamsteedDesignation=null, bayerDesignation='null', number=null, constellation=Constellation{constellation='Microscopium', genitive='Microscopii'}, prettyName='Microscopii'}
26/09/11 15:33:19 WARN com.cse.exodex.datasets.StellarLibrary: probably not enough data lolwith BF id: BayerFlamsteed{flamsteedDesignation=null, bayerDesignation='null', number=null, constellation=Constellation{constellation='Microscopium', genitive='Microscopii'}, prettyName='Microscopii'}
26/09/11 15:33:19 WARN com.cse.exodex.datasets.StellarLibrary: probably not enough data lolwith BF id: BayerFlamsteed{flamsteedDesignation=null, bayerDesignation='null', number=null, constellation=Constellation{constellation='Microscopium', genitive='Microscopii'}, prettyName='Microscopii'}
26/09/11 15:33:19 WARN com.cse.exodex.datasets.StellarLibrary: probably not enough data lolwith BF id: BayerFlamsteed{flamsteedDesignation=null, bayerDesignation='null', number=null, constellation=Constellation{constellation='Microscopium', genitive='Microscopii'}, prettyName='Microscopii'}
26/09/11 15:33:19 WARN com.cse.exodex.datasets.StellarLibrary: probably not enough data lolwith BF id: BayerFlamsteed{flamsteedDesignation=null, bayerDesignation='null', number=null, constellation=Constellation{constellation='Microscopium', genitive='Microscopii'}, prettyName='Microscopii'}
26/09/11 15:33:19 WARN com.cse.exodex.datasets.StellarLibrary: probably not enough data lolwith BF id: BayerFlamsteed{flamsteedDesignation=null, bayerDesignation='null', number=null, constellation=Constellation{constellation='Microscopium', genitive='Microscopii'}, prettyName='Microscopii'}
26/09/11 15:33:19 WARN com.cse.exodex.datasets.StellarLibrary: probably not enough data lolwith BF id: BayerFlamsteed{flamsteedDesignation=null, bayerDesignation='null', number=null, constellation=Constellation{constellation='Microscopium', genitive='Microscopii'}, prettyName='Microscopii'}
26/09/11 15:33:19 WARN com.cse.exodex.datasets.StellarLibrary: probably not enough data lolwith BF id: BayerFlamsteed{flamsteedDesignation=null, bayerDesignation='null', number=null, constellation=Constellation{constellation='Microscopium', genitive='Microscopii'}, prettyName='Microscopii'}
26/09/11 15:33:19 WARN com.cse.exodex.datasets.StellarLibrary: probably not enough data lolwith BF id: BayerFlamsteed{flamsteedDesignation=null, bayerDesignation='null', number=null, constellation=Constellation{constellation='Microscopium', genitive='Microscopii'}, prettyName='Microscopii'}
26/09/11 15:33:19 WARN com.cse.exodex.datasets.StellarLibrary: probably not enough data lolwith BF id: BayerFlamsteed{flamsteedDesignation=null, bayerDesignation='null', number=null, constellation=Constellation{constellation='Microscopium', genitive='Microscopii'}, prettyName='Microscopii'}
26/09/11 15:33:19 WARN com.cse.exodex.datasets.StellarLibrary: probably not enough data lolwith BF id: BayerFlamsteed{flamsteedDesignation=null, bayerDesignation='null', number=null, constellation=Constellation{constellation='Microscopium', genitive='Microscopii'}, prettyName='Microscopii'}
26/09/11 15:33:19 WARN com.cse.exodex.datasets.StellarLibrary: probably not enough data lolwith BF id: BayerFlamsteed{flamsteedDesignation=null, bayerDesignation='null', number=null, constellation=Constellation{constellation='Microscopium', genitive='Microscopii'}, prettyName='Microscopii'}
26/09/11 15:33:19 WARN com.cse.exodex.datasets.StellarLibrary: probably not enough data lolwith BF id: BayerFlamsteed{flamsteedDesignation=null, bayerDesignation='null', number=null, constellation=Constellation{constellation='Microscopium', genitive='Microscopii'}, prettyName='Microscopii'}
26/09/11 15:33:19 WARN com.cse.exodex.datasets.StellarLibrary: probably not enough data lolwith BF id: BayerFlamsteed{flamsteedDesignation=null, bayerDesignation='null', number=null, constellation=Constellation{constellation='Microscopium', genitive='Microscopii'}, prettyName='Microscopii'}
26/09/11 15:33:19 WARN com.cse.exodex.datasets.StellarLibrary: probably not enough data lolwith BF id: BayerFlamsteed{flamsteedDesignation=null, bayerDesignation='null', number=null, constellation=Constellation{constellation='Microscopium', genitive='Microscopii'}, prettyName='Microscopii'}
26/09/11 15:33:19 WARN com.cse.exodex.datasets.StellarLibrary: probably not enough data lolwith BF id: BayerFlamsteed{flamsteedDesignation=null, bayerDesignation='null', number=null, constellation=Constellation{constellation='Microscopium', genitive='Microscopii'}, prettyName='Microscopii'}
26/09/11 15:33:19 WARN com.cse.exodex.datasets.StellarLibrary: probably not enough data lolwith BF id: BayerFlamsteed{flamsteedDesignation=null, bayerDesignation='null', number=null, constellation=Constellation{constellation='Microscopium', genitive='Microscopii'}, prettyName='Microscopii'}
26/09/11 15:33:19 WARN com.cse.exodex.datasets.StellarLibrary: probably not enough data lolwith HD ID: 111605
26/09/11 15:33:19 WARN com.cse.exodex.datasets.StellarLibrary: probably not enough data lolwith BF id: BayerFlamsteed{flamsteedDesignation=null, bayerDesignation='null', number=null, constellation=Constellation{constellation='Cetus', genitive='Ceti'}, prettyName='Ceti'}
26/09/11 15:33:19 WARN com.cse.exodex.datasets.StellarLibrary: probably not enough data lolwith BF id: BayerFlamsteed{flamsteedDesignation=null, bayerDesignation='null', number=null, constellation=Constellation{constellation='Taurus', genitive='Tauri'}, prettyName='Tauri'}
26/09/11 15:33:19 WARN com.cse.exodex.datasets.StellarLibrary: probably not enough data lolwith BF id: BayerFlamsteed{flamsteedDesignation=null, bayerDesignation='null', number=null, constellation=Constellation{constellation='Chamaeleon', genitive='Chamaeleontis'}, prettyName='Chamaeleontis'}
26/09/11 15:33:19 WARN com.cse.exodex.datasets.StellarLibrary: probably not enough data lolwith BF id: BayerFlamsteed{flamsteedDesignation=null, bayerDesignation='null', number=null, constellation=Constellation{constellation='Canes Venatici', genitive='Canum Venaticorum'}, prettyName='Canum Venaticorum'}
26/09/11 15:33:19 WARN com.cse.exodex.datasets.StellarLibrary: probably not enough data lolwith BF id: BayerFlamsteed{flamsteedDesignation=null, bayerDesignation='null', number=null, constellation=Constellation{constellation='Taurus', genitive='Tauri'}, prettyName='Tauri'}
26/09/11 15:33:19 WARN com.cse.exodex.datasets.StellarLibrary: probably not enough data lolwith BF id: BayerFlamsteed{flamsteedDesignation=null, bayerDesignation='null', number=null, constellation=Constellation{constellation='Taurus', genitive='Tauri'}, prettyName='Tauri'}
26/09/11 15:33:19 WARN com.cse.exodex.datasets.StellarLibrary: probably not enough data lolwith BF id: BayerFlamsteed{flamsteedDesignation=null, bayerDesignation='null', number=null, constellation=Constellation{constellation='Leo', genitive='Leonis'}, prettyName='Leonis'}
26/09/11 15:33:19 WARN com.cse.exodex.datasets.StellarLibrary: probably not enough data lolwith BF id: BayerFlamsteed{flamsteedDesignation=null, bayerDesignation='null', number=null, constellation=Constellation{constellation='Leo', genitive='Leonis'}, prettyName='Leonis'}
26/09/11 15:33:19 WARN com.cse.exodex.datasets.StellarLibrary: probably not enough data lolwith BF id: BayerFlamsteed{flamsteedDesignation=null, bayerDesignation='null', number=116748, constellation=null, prettyName='116748'}
26/09/11 15:33:19 WARN com.cse.exodex.datasets.StellarLibrary: probably not enough data lolwith BF id: BayerFlamsteed{flamsteedDesignation=null, bayerDesignation='null', number=222259, constellation=null, prettyName='222259'}
26/09/11 15:33:19 WARN com.cse.exodex.datasets.StellarLibrary: probably not enough data lolwith BF id: BayerFlamsteed{flamsteedDesignation=null, bayerDesignation='null', number=116748, constellation=null, prettyName='116748'}
26/09/11 15:33:19 WARN com.cse.exodex.datasets.StellarLibrary: probably not enough data lolwith BF id: BayerFlamsteed{flamsteedDesignation=null, bayerDesignation='null', number=222259, constellation=null, prettyName='222259'}
26/09/11 15:33:19 WARN com.cse.exodex.datasets.StellarLibrary: probably not enough data lolwith BF id: BayerFlamsteed{flamsteedDesignation=null, bayerDesignation='null', number=116748, constellation=null, prettyName='116748'}
26/09/11 15:33:19 WARN com.cse.exodex.datasets.StellarLibrary: probably not enough data lolwith BF id: BayerFlamsteed{flamsteedDesignation=null, bayerDesignation='null', number=222259, constellation=null, prettyName='222259'}
26/09/11 15:33:19 WARN com.cse.exodex.datasets.StellarLibrary: probably not enough data lolwith BF id: BayerFlamsteed{flamsteedDesignation=null, bayerDesignation='null', number=null, constellation=Constellation{constellation='Taurus', genitive='Tauri'}, prettyName='Tauri'}
26/09/11 15:33:19 WARN com.cse.exodex.datasets.StellarLibrary: probably not enough data lolwith BF id: BayerFlamsteed{flamsteedDesignation=null, bayerDesignation='null', number=null, constellation=Constellation{constellation='Taurus', genitive='Tauri'}, prettyName='Tauri'}
26/09/11 15:33:19 WARN com.cse.exodex.datasets.StellarLibrary: probably not enough data lolwith BF id: BayerFlamsteed{flamsteedDesignation=null, bayerDesignation='null', number=15, constellation=null, prettyName='15'}
26/09/11 15:33:19 WARN com.cse.exodex.datasets.StellarLibrary: probably not enough data lolwith BF id: BayerFlamsteed{flamsteedDesignation=null, bayerDesignation='null', number=15, constellation=null, prettyName='15'}
26/09/11 15:33:19 WARN com.cse.exodex.datasets.StellarLibrary: probably not enough data lolwith BF id: BayerFlamsteed{flamsteedDesignation=null, bayerDesignation='null', number=15, constellation=null, prettyName='15'}
26/09/11 15:33:19 WARN com.cse.exodex.datasets.StellarLibrary: probably not enough data lolwith BF id: BayerFlamsteed{flamsteedDesignation=null, bayerDesignation='null', number=15, constellation=null, prettyName='15'}
26/09/11 15:33:19 WARN com.cse.exodex.datasets.StellarLibrary: probably not enough data lolwith GJ id: 2030
26/09/11 15:33:19 WARN com.cse.exodex.datasets.StellarLibrary: probably not enough data lolwith GJ id: 2030
26/09/11 15:33:19 WARN com.cse.exodex.datasets.StellarLibrary: probably not enough data lolwith GJ id: 2056
26/09/11 15:33:19 WARN com.cse.exodex.datasets.StellarLibrary: probably not enough data lolwith GJ id: 2126
26/09/11 15:33:19 WARN com.cse.exodex.datasets.StellarLibrary: probably not enough data lolwith GJ id: 3222
26/09/11 15:33:19 WARN com.cse.exodex.datasets.StellarLibrary: probably not enough data lolwith BF id: BayerFlamsteed{flamsteedDesignation=null, bayerDesignation='null', number=338, constellation=null, prettyName='338'}
26/09/11 15:33:19 WARN com.cse.exodex.datasets.StellarLibrary: probably not enough data lolwith BF id: BayerFlamsteed{flamsteedDesignation=null, bayerDesignation='null', number=338, constellation=null, prettyName='338'}
26/09/11 15:33:19 WARN com.cse.exodex.datasets.StellarLibrary: probably not enough data lolwith GJ id: 3473
26/09/11 15:33:19 WARN com.cse.exodex.datasets.StellarLibrary: probably not enough data lolwith GJ id: 3473
26/09/11 15:33:19 WARN com.cse.exodex.datasets.StellarLibrary: probably not enough data lolwith GJ id: 3473
26/09/11 15:33:19 WARN com.cse.exodex.datasets.StellarLibrary: probably not enough data lolwith GJ id: 3473
26/09/11 15:33:19 WARN com.cse.exodex.datasets.StellarLibrary: probably not enough data lolwith BF id: BayerFlamsteed{flamsteedDesignation=null, bayerDesignation='null', number=414, constellation=null, prettyName='414'}
26/09/11 15:33:19 WARN com.cse.exodex.datasets.StellarLibrary: probably not enough data lolwith BF id: BayerFlamsteed{flamsteedDesignation=null, bayerDesignation='null', number=414, constellation=null, prettyName='414'}
26/09/11 15:33:19 WARN com.cse.exodex.datasets.StellarLibrary: probably not enough data lolwith BF id: BayerFlamsteed{flamsteedDesignation=null, bayerDesignation='null', number=414, constellation=null, prettyName='414'}
26/09/11 15:33:19 WARN com.cse.exodex.datasets.StellarLibrary: probably not enough data lolwith BF id: BayerFlamsteed{flamsteedDesignation=null, bayerDesignation='null', number=414, constellation=null, prettyName='414'}
26/09/11 15:33:19 WARN com.cse.exodex.datasets.StellarLibrary: probably not enough data lolwith BF id: BayerFlamsteed{flamsteedDesignation=null, bayerDesignation='null', number=667, constellation=null, prettyName='667'}
26/09/11 15:33:19 WARN com.cse.exodex.datasets.StellarLibrary: probably not enough data lolwith BF id: BayerFlamsteed{flamsteedDesignation=null, bayerDesignation='null', number=667, constellation=null, prettyName='667'}
26/09/11 15:33:19 WARN com.cse.exodex.datasets.StellarLibrary: probably not enough data lolwith BF id: BayerFlamsteed{flamsteedDesignation=null, bayerDesignation='null', number=667, constellation=null, prettyName='667'}
26/09/11 15:33:19 WARN com.cse.exodex.datasets.StellarLibrary: probably not enough data lolwith BF id: BayerFlamsteed{flamsteedDesignation=null, bayerDesignation='null', number=667, constellation=null, prettyName='667'}
26/09/11 15:33:19 WARN com.cse.exodex.datasets.StellarLibrary: probably not enough data lolwith BF id: BayerFlamsteed{flamsteedDesignation=null, bayerDesignation='null', number=667, constellation=null, prettyName='667'}
26/09/11 15:33:19 WARN com.cse.exodex.datasets.StellarLibrary: probably not enough data lolwith BF id: BayerFlamsteed{flamsteedDesignation=null, bayerDesignation='null', number=667, constellation=null, prettyName='667'}
26/09/11 15:33:19 WARN com.cse.exodex.datasets.StellarLibrary: probably not enough data lolwith BF id: BayerFlamsteed{flamsteedDesignation=null, bayerDesignation='null', number=667, constellation=null, prettyName='667'}
26/09/11 15:33:19 WARN com.cse.exodex.datasets.StellarLibrary: probably not enough data lolwith BF id: BayerFlamsteed{flamsteedDesignation=null, bayerDesignation='null', number=667, constellation=null, prettyName='667'}
26/09/11 15:33:19 WARN com.cse.exodex.datasets.StellarLibrary: probably not enough data lolwith BF id: BayerFlamsteed{flamsteedDesignation=null, bayerDesignation='null', number=667, constellation=null, prettyName='667'}
26/09/11 15:33:19 WARN com.cse.exodex.datasets.StellarLibrary: probably not enough data lolwith BF id: BayerFlamsteed{flamsteedDesignation=null, bayerDesignation='null', number=667, constellation=null, prettyName='667'}
26/09/11 15:33:19 WARN com.cse.exodex.datasets.StellarLibrary: probably not enough data lolwith BF id: BayerFlamsteed{flamsteedDesignation=null, bayerDesignation='null', number=667, constellation=null, prettyName='667'}
26/09/11 15:33:19 WARN com.cse.exodex.datasets.StellarLibrary: probably not enough data lolwith BF id: BayerFlamsteed{flamsteedDesignation=null, bayerDesignation='null', number=667, constellation=null, prettyName='667'}
26/09/11 15:33:19 WARN com.cse.exodex.datasets.StellarLibrary: probably not enough data lolwith BF id: BayerFlamsteed{flamsteedDesignation=null, bayerDesignation='null', number=676, constellation=null, prettyName='676'}
26/09/11 15:33:19 WARN com.cse.exodex.datasets.StellarLibrary: probably not enough data lolwith BF id: BayerFlamsteed{flamsteedDesignation=null, bayerDesignation='null', number=676, constellation=null, prettyName='676'}
26/09/11 15:33:19 WARN com.cse.exodex.datasets.StellarLibrary: probably not enough data lolwith BF id: BayerFlamsteed{flamsteedDesignation=null, bayerDesignation='null', number=676, constellation=null, prettyName='676'}
26/09/11 15:33:19 WARN com.cse.exodex.datasets.StellarLibrary: probably not enough data lolwith BF id: BayerFlamsteed{flamsteedDesignation=null, bayerDesignation='null', number=676, constellation=null, prettyName='676'}
26/09/11 15:33:19 WARN com.cse.exodex.datasets.StellarLibrary: probably not enough data lolwith BF id: BayerFlamsteed{flamsteedDesignation=null, bayerDesignation='null', number=676, constellation=null, prettyName='676'}
26/09/11 15:33:19 WARN com.cse.exodex.datasets.StellarLibrary: probably not enough data lolwith BF id: BayerFlamsteed{flamsteedDesignation=null, bayerDesignation='null', number=676, constellation=null, prettyName='676'}
26/09/11 15:33:19 WARN com.cse.exodex.datasets.StellarLibrary: probably not enough data lolwith BF id: BayerFlamsteed{flamsteedDesignation=null, bayerDesignation='null', number=676, constellation=null, prettyName='676'}
26/09/11 15:33:19 WARN com.cse.exodex.datasets.StellarLibrary: probably not enough data lolwith BF id: BayerFlamsteed{flamsteedDesignation=null, bayerDesignation='null', number=676, constellation=null, prettyName='676'}
26/09/11 15:33:19 WARN com.cse.exodex.datasets.StellarLibrary: probably not enough data lolwith BF id: BayerFlamsteed{flamsteedDesignation=null, bayerDesignation='null', number=676, constellation=null, prettyName='676'}
26/09/11 15:33:19 WARN com.cse.exodex.datasets.StellarLibrary: probably not enough data lolwith BF id: BayerFlamsteed{flamsteedDesignation=null, bayerDesignation='null', number=676, constellation=null, prettyName='676'}
26/09/11 15:33:19 WARN com.cse.exodex.datasets.StellarLibrary: probably not enough data lolwith BF id: BayerFlamsteed{flamsteedDesignation=null, bayerDesignation='null', number=676, constellation=null, prettyName='676'}
26/09/11 15:33:19 WARN com.cse.exodex.datasets.StellarLibrary: probably not enough data lolwith BF id: BayerFlamsteed{flamsteedDesignation=null, bayerDesignation='null', number=676, constellation=null, prettyName='676'}
26/09/11 15:33:19 WARN com.cse.exodex.datasets.StellarLibrary: probably not enough data lolwith BF id: BayerFlamsteed{flamsteedDesignation=null, bayerDesignation='null', number=676, constellation=null, prettyName='676'}
26/09/11 15:33:19 WARN com.cse.exodex.datasets.StellarLibrary: probably not enough data lolwith BF id: BayerFlamsteed{flamsteedDesignation=null, bayerDesignation='null', number=720, constellation=null, prettyName='720'}
26/09/11 15:33:19 WARN com.cse.exodex.datasets.StellarLibrary: probably not enough data lolwith BF id: BayerFlamsteed{flamsteedDesignation=null, bayerDesignation='null', number=896, constellation=null, prettyName='896'}
26/09/11 15:33:19 WARN com.cse.exodex.datasets.StellarLibrary: probably not enough data lolwith BF id: BayerFlamsteed{flamsteedDesignation=null, bayerDesignation='null', number=116132, constellation=null, prettyName='116132'}
26/09/11 15:33:19 WARN com.cse.exodex.datasets.StellarLibrary: probably not enough data lolwith BF id: BayerFlamsteed{flamsteedDesignation=null, bayerDesignation='null', number=900, constellation=null, prettyName='900'}
26/09/11 15:33:19 WARN com.cse.exodex.datasets.StellarLibrary: probably not enough data lolwith GJ id: 9066
26/09/11 15:33:19 WARN com.cse.exodex.datasets.StellarLibrary: probably not enough data lolwith GJ id: 9066
26/09/11 15:33:19 WARN com.cse.exodex.datasets.StellarLibrary: probably not enough data lolwith GJ id: 9404
26/09/11 15:33:19 WARN com.cse.exodex.datasets.StellarLibrary: probably not enough data lolwith GJ id: 9689
26/09/11 15:33:19 WARN com.cse.exodex.datasets.StellarLibrary: probably not enough data lolwith BF id: BayerFlamsteed{flamsteedDesignation=null, bayerDesignation='null', number=null, constellation=Constellation{constellation='Lupus', genitive='Lupi'}, prettyName='Lupi'}
26/09/11 15:33:19 WARN com.cse.exodex.datasets.StellarLibrary: probably not enough data lolwith BF id: BayerFlamsteed{flamsteedDesignation=null, bayerDesignation='null', number=null, constellation=Constellation{constellation='Lupus', genitive='Lupi'}, prettyName='Lupi'}
26/09/11 15:33:19 WARN com.cse.exodex.datasets.StellarLibrary: probably not enough data lolwith BF id: BayerFlamsteed{flamsteedDesignation=null, bayerDesignation='null', number=null, constellation=Constellation{constellation='Pices', genitive='Piscium'}, prettyName='Piscium'}
26/09/11 15:33:19 WARN com.cse.exodex.datasets.StellarLibrary: probably not enough data lolwith BF id: BayerFlamsteed{flamsteedDesignation=null, bayerDesignation='null', number=22, constellation=null, prettyName='22'}
26/09/11 15:33:19 WARN com.cse.exodex.datasets.StellarLibrary: probably not enough data lolwith BF id: BayerFlamsteed{flamsteedDesignation=null, bayerDesignation='null', number=22, constellation=null, prettyName='22'}
26/09/11 15:33:19 WARN com.cse.exodex.datasets.StellarLibrary: probably not enough data lolwith BF id: BayerFlamsteed{flamsteedDesignation=null, bayerDesignation='null', number=22, constellation=null, prettyName='22'}
26/09/11 15:33:19 WARN com.cse.exodex.datasets.StellarLibrary: probably not enough data lolwith BF id: BayerFlamsteed{flamsteedDesignation=null, bayerDesignation='null', number=22, constellation=null, prettyName='22'}
26/09/11 15:33:19 WARN com.cse.exodex.datasets.StellarLibrary: probably not enough data lolwith BF id: BayerFlamsteed{flamsteedDesignation=null, bayerDesignation='null', number=22, constellation=null, prettyName='22'}
26/09/11 15:33:19 WARN com.cse.exodex.datasets.StellarLibrary: probably not enough data lolwith BF id: BayerFlamsteed{flamsteedDesignation=null, bayerDesignation='null', number=22, constellation=null, prettyName='22'}
26/09/11 15:33:19 WARN com.cse.exodex.datasets.StellarLibrary: probably not enough data lolwith BF id: BayerFlamsteed{flamsteedDesignation=null, bayerDesignation='null', number=22, constellation=null, prettyName='22'}
26/09/11 15:33:19 WARN com.cse.exodex.datasets.StellarLibrary: probably not enough data lolwith BF id: BayerFlamsteed{flamsteedDesignation=null, bayerDesignation='null', number=23, constellation=null, prettyName='23'}
26/09/11 15:33:19 WARN com.cse.exodex.datasets.StellarLibrary: probably not enough data lolwith BF id: BayerFlamsteed{flamsteedDesignation=null, bayerDesignation='null', number=725, constellation=null, prettyName='725'}
26/09/11 15:33:19 WARN com.cse.exodex.datasets.StellarLibrary: probably not enough data lolwith BF id: BayerFlamsteed{flamsteedDesignation=null, bayerDesignation='null', number=725, constellation=null, prettyName='725'}
26/09/11 15:33:19 WARN com.cse.exodex.datasets.StellarLibrary: probably not enough data lolwith HD ID: 233731
26/09/11 15:33:19 WARN com.cse.exodex.datasets.StellarLibrary: probably not enough data lolwith HD ID: 233731
26/09/11 15:33:19 WARN com.cse.exodex.datasets.StellarLibrary: probably not enough data lolwith HD ID: 233731
26/09/11 15:33:19 WARN com.cse.exodex.datasets.StellarLibrary: probably not enough data lolwith HD ID: 233731
26/09/11 15:33:19 WARN com.cse.exodex.datasets.StellarLibrary: probably not enough data lolwith HD ID: 233731
26/09/11 15:33:19 WARN com.cse.exodex.datasets.StellarLibrary: probably not enough data lolwith HD ID: 233731
26/09/11 15:33:19 WARN com.cse.exodex.datasets.StellarLibrary: probably not enough data lolwith HD ID: 233731
26/09/11 15:33:19 WARN com.cse.exodex.datasets.StellarLibrary: probably not enough data lolwith HD ID: 233731
26/09/11 15:33:19 WARN com.cse.exodex.datasets.StellarLibrary: probably not enough data lolwith HD ID: 233731
26/09/11 15:33:19 WARN com.cse.exodex.datasets.StellarLibrary: probably not enough data lolwith HD ID: 233731
26/09/11 15:33:19 WARN com.cse.exodex.datasets.StellarLibrary: probably not enough data lolwith HD ID: 233731
26/09/11 15:33:19 WARN com.cse.exodex.datasets.StellarLibrary: probably not enough data lolwith HD ID: 351766
26/09/11 15:33:19 WARN com.cse.exodex.datasets.StellarLibrary: probably not enough data lolwith HD ID: 351766
26/09/11 15:33:19 WARN com.cse.exodex.datasets.StellarLibrary: probably not enough data lolwith HD ID: 351766
26/09/11 15:33:19 WARN com.cse.exodex.datasets.StellarLibrary: probably not enough data lolwith HD ID: 351766
26/09/11 15:33:19 WARN com.cse.exodex.datasets.StellarLibrary: probably not enough data lolwith HD ID: 351766
26/09/11 15:33:19 WARN com.cse.exodex.datasets.StellarLibrary: probably not enough data lolwith HD ID: 351766
26/09/11 15:33:19 WARN com.cse.exodex.datasets.StellarLibrary: probably not enough data lolwith HD ID: 351766
26/09/11 15:33:19 WARN com.cse.exodex.datasets.StellarLibrary: probably not enough data lolwith HD ID: 351766
26/09/11 15:33:19 WARN com.cse.exodex.datasets.StellarLibrary: probably not enough data lolwith HD ID: 351766
26/09/11 15:33:19 WARN com.cse.exodex.datasets.StellarLibrary: probably not enough data lolwith HD ID: 351766
26/09/11 15:33:19 WARN com.cse.exodex.datasets.StellarLibrary: probably not enough data lolwith HD ID: 351766
26/09/11 15:33:19 WARN com.cse.exodex.datasets.StellarLibrary: probably not enough data lolwith HD ID: 340099
26/09/11 15:33:19 WARN com.cse.exodex.datasets.StellarLibrary: probably not enough data lolwith HD ID: 340099
26/09/11 15:33:19 WARN com.cse.exodex.datasets.StellarLibrary: probably not enough data lolwith HD ID: 340099
26/09/11 15:33:19 WARN com.cse.exodex.datasets.StellarLibrary: probably not enough data lolwith HD ID: 340099
26/09/11 15:33:19 WARN com.cse.exodex.datasets.StellarLibrary: probably not enough data lolwith HD ID: 340099
26/09/11 15:33:19 WARN com.cse.exodex.datasets.StellarLibrary: probably not enough data lolwith HD ID: 340099
26/09/11 15:33:19 WARN com.cse.exodex.datasets.StellarLibrary: probably not enough data lolwith HD ID: 340099
26/09/11 15:33:19 WARN com.cse.exodex.datasets.StellarLibrary: probably not enough data lolwith HD ID: 340099
26/09/11 15:33:19 WARN com.cse.exodex.datasets.StellarLibrary: probably not enough data lolwith HD ID: 287325
26/09/11 15:33:19 WARN com.cse.exodex.datasets.StellarLibrary: probably not enough data lolwith HD ID: 287325
26/09/11 15:33:19 WARN com.cse.exodex.datasets.StellarLibrary: probably not enough data lolwith HD ID: 287325
26/09/11 15:33:19 WARN com.cse.exodex.datasets.StellarLibrary: probably not enough data lolwith HD ID: 287325
26/09/11 15:33:19 WARN com.cse.exodex.datasets.StellarLibrary: probably not enough data lolwith HD ID: 287325
26/09/11 15:33:19 WARN com.cse.exodex.datasets.StellarLibrary: probably not enough data lolwith HD ID: 10442
26/09/11 15:33:19 WARN com.cse.exodex.datasets.StellarLibrary: probably not enough data lolwith HD ID: 10442
26/09/11 15:33:19 WARN com.cse.exodex.datasets.StellarLibrary: probably not enough data lolwith HD ID: 10442
26/09/11 15:33:19 WARN com.cse.exodex.datasets.StellarLibrary: probably not enough data lolwith HD ID: 10442
26/09/11 15:33:19 WARN com.cse.exodex.datasets.StellarLibrary: probably not enough data lolwith HD ID: 10442
26/09/11 15:33:19 WARN com.cse.exodex.datasets.StellarLibrary: probably not enough data lolwith HD ID: 10442
26/09/11 15:33:19 WARN com.cse.exodex.datasets.StellarLibrary: probably not enough data lolwith HD ID: 10442
26/09/11 15:33:19 WARN com.cse.exodex.datasets.StellarLibrary: probably not enough data lolwith HD ID: 10442
26/09/11 15:33:19 WARN com.cse.exodex.datasets.StellarLibrary: probably not enough data lolwith HD ID: 106315
26/09/11 15:33:19 WARN com.cse.exodex.datasets.StellarLibrary: probably not enough data lolwith HD ID: 106315
26/09/11 15:33:19 WARN com.cse.exodex.datasets.StellarLibrary: probably not enough data lolwith HD ID: 106315
26/09/11 15:33:19 WARN com.cse.exodex.datasets.StellarLibrary: probably not enough data lolwith HD ID: 106315
26/09/11 15:33:19 WARN com.cse.exodex.datasets.StellarLibrary: probably not enough data lolwith HD ID: 106315
26/09/11 15:33:19 WARN com.cse.exodex.datasets.StellarLibrary: probably not enough data lolwith HD ID: 106315
26/09/11 15:33:19 WARN com.cse.exodex.datasets.StellarLibrary: probably not enough data lolwith HD ID: 106315
26/09/11 15:33:19 WARN com.cse.exodex.datasets.StellarLibrary: probably not enough data lolwith HD ID: 106315
26/09/11 15:33:19 WARN com.cse.exodex.datasets.StellarLibrary: probably not enough data lolwith HD ID: 106315
26/09/11 15:33:19 WARN com.cse.exodex.datasets.StellarLibrary: probably not enough data lolwith HD ID: 106315
26/09/11 15:33:19 WARN com.cse.exodex.datasets.StellarLibrary: probably not enough data lolwith HD ID: 106315
26/09/11 15:33:19 WARN com.cse.exodex.datasets.StellarLibrary: probably not enough data lolwith HD ID: 106315
26/09/11 15:33:19 WARN com.cse.exodex.datasets.StellarLibrary: probably not enough data lolwith HD ID: 106315
26/09/11 15:33:19 WARN com.cse.exodex.datasets.StellarLibrary: probably not enough data lolwith HD ID: 106315
26/09/11 15:33:19 WARN com.cse.exodex.datasets.StellarLibrary: probably not enough data lolwith HD ID: 106315
26/09/11 15:33:19 WARN com.cse.exodex.datasets.StellarLibrary: probably not enough data lolwith HD ID: 106315
26/09/11 15:33:19 WARN com.cse.exodex.datasets.StellarLibrary: probably not enough data lolwith HD ID: 106315
26/09/11 15:33:19 WARN com.cse.exodex.datasets.StellarLibrary: probably not enough data lolwith HD ID: 106315
26/09/11 15:33:19 WARN com.cse.exodex.datasets.StellarLibrary: probably not enough data lolwith HD ID: 106315
26/09/11 15:33:19 WARN com.cse.exodex.datasets.StellarLibrary: probably not enough data lolwith HD ID: 106315
26/09/11 15:33:19 WARN com.cse.exodex.datasets.StellarLibrary: probably not enough data lolwith HD ID: 106315
26/09/11 15:33:19 WARN com.cse.exodex.datasets.StellarLibrary: probably not enough data lolwith HD ID: 106315
26/09/11 15:33:19 WARN com.cse.exodex.datasets.StellarLibrary: probably not enough data lolwith HD ID: 106315
26/09/11 15:33:19 WARN com.cse.exodex.datasets.StellarLibrary: probably not enough data lolwith HD ID: 106315
26/09/11 15:33:19 WARN com.cse.exodex.datasets.StellarLibrary: probably not enough data lolwith HD ID: 106315
26/09/11 15:33:19 WARN com.cse.exodex.datasets.StellarLibrary: probably not enough data lolwith HD ID: 106315
26/09/11 15:33:19 WARN com.cse.exodex.datasets.StellarLibrary: probably not enough data lolwith HD ID: 106315
26/09/11 15:33:19 WARN com.cse.exodex.datasets.StellarLibrary: probably not enough data lolwith HD ID: 106315
26/09/11 15:33:19 WARN com.cse.exodex.datasets.StellarLibrary: probably not enough data lolwith HD ID: 106315
26/09/11 15:33:19 WARN com.cse.exodex.datasets.StellarLibrary: probably not enough data lolwith HD ID: 106315
26/09/11 15:33:19 WARN com.cse.exodex.datasets.StellarLibrary: probably not enough data lolwith HD ID: 106315
26/09/11 15:33:19 WARN com.cse.exodex.datasets.StellarLibrary: probably not enough data lolwith HD ID: 106315
26/09/11 15:33:19 WARN com.cse.exodex.datasets.StellarLibrary: probably not enough data lolwith HD ID: 106315
26/09/11 15:33:19 WARN com.cse.exodex.datasets.StellarLibrary: probably not enough data lolwith HD ID: 106315
26/09/11 15:33:19 WARN com.cse.exodex.datasets.StellarLibrary: probably not enough data lolwith HD ID: 106315
26/09/11 15:33:19 WARN com.cse.exodex.datasets.StellarLibrary: probably not enough data lolwith HD ID: 106315
26/09/11 15:33:19 WARN com.cse.exodex.datasets.StellarLibrary: probably not enough data lolwith HD ID: 106315
26/09/11 15:33:19 WARN com.cse.exodex.datasets.StellarLibrary: probably not enough data lolwith HD ID: 106315
26/09/11 15:33:19 WARN com.cse.exodex.datasets.StellarLibrary: probably not enough data lolwith HD ID: 106315
26/09/11 15:33:19 WARN com.cse.exodex.datasets.StellarLibrary: probably not enough data lolwith HD ID: 106315
26/09/11 15:33:19 WARN com.cse.exodex.datasets.StellarLibrary: probably not enough data lolwith HD ID: 106315
26/09/11 15:33:19 WARN com.cse.exodex.datasets.StellarLibrary: probably not enough data lolwith HD ID: 106315
26/09/11 15:33:19 WARN com.cse.exodex.datasets.StellarLibrary: probably not enough data lolwith BF id: BayerFlamsteed{flamsteedDesignation=null, bayerDesignation='null', number=106515, constellation=null, prettyName='106515'}
26/09/11 15:33:19 WARN com.cse.exodex.datasets.StellarLibrary: probably not enough data lolwith BF id: BayerFlamsteed{flamsteedDesignation=null, bayerDesignation='null', number=59743, constellation=null, prettyName='59743'}
26/09/11 15:33:19 WARN com.cse.exodex.datasets.StellarLibrary: probably not enough data lolwith BF id: BayerFlamsteed{flamsteedDesignation=null, bayerDesignation='null', number=106515, constellation=null, prettyName='106515'}
26/09/11 15:33:19 WARN com.cse.exodex.datasets.StellarLibrary: probably not enough data lolwith BF id: BayerFlamsteed{flamsteedDesignation=null, bayerDesignation='null', number=106515, constellation=null, prettyName='106515'}
26/09/11 15:33:19 WARN com.cse.exodex.datasets.StellarLibrary: probably not enough data lolwith BF id: BayerFlamsteed{flamsteedDesignation=null, bayerDesignation='null', number=59743, constellation=null, prettyName='59743'}
26/09/11 15:33:19 WARN com.cse.exodex.datasets.StellarLibrary: probably not enough data lolwith BF id: BayerFlamsteed{flamsteedDesignation=null, bayerDesignation='null', number=106515, constellation=null, prettyName='106515'}
26/09/11 15:33:19 WARN com.cse.exodex.datasets.StellarLibrary: probably not enough data lolwith BF id: BayerFlamsteed{flamsteedDesignation=null, bayerDesignation='null', number=106515, constellation=null, prettyName='106515'}
26/09/11 15:33:19 WARN com.cse.exodex.datasets.StellarLibrary: probably not enough data lolwith BF id: BayerFlamsteed{flamsteedDesignation=null, bayerDesignation='null', number=59743, constellation=null, prettyName='59743'}
26/09/11 15:33:19 WARN com.cse.exodex.datasets.StellarLibrary: probably not enough data lolwith BF id: BayerFlamsteed{flamsteedDesignation=null, bayerDesignation='null', number=106515, constellation=null, prettyName='106515'}
26/09/11 15:33:19 WARN com.cse.exodex.datasets.StellarLibrary: probably not enough data lolwith BF id: BayerFlamsteed{flamsteedDesignation=null, bayerDesignation='null', number=106515, constellation=null, prettyName='106515'}
26/09/11 15:33:19 WARN com.cse.exodex.datasets.StellarLibrary: probably not enough data lolwith BF id: BayerFlamsteed{flamsteedDesignation=null, bayerDesignation='null', number=59743, constellation=null, prettyName='59743'}
26/09/11 15:33:19 WARN com.cse.exodex.datasets.StellarLibrary: probably not enough data lolwith BF id: BayerFlamsteed{flamsteedDesignation=null, bayerDesignation='null', number=106515, constellation=null, prettyName='106515'}
26/09/11 15:33:19 WARN com.cse.exodex.datasets.StellarLibrary: probably not enough data lolwith HD ID: 110067
26/09/11 15:33:19 WARN com.cse.exodex.datasets.StellarLibrary: probably not enough data lolwith HD ID: 110067
26/09/11 15:33:19 WARN com.cse.exodex.datasets.StellarLibrary: probably not enough data lolwith HD ID: 110067
26/09/11 15:33:19 WARN com.cse.exodex.datasets.StellarLibrary: probably not enough data lolwith HD ID: 110067
26/09/11 15:33:19 WARN com.cse.exodex.datasets.StellarLibrary: probably not enough data lolwith HD ID: 110067
26/09/11 15:33:19 WARN com.cse.exodex.datasets.StellarLibrary: probably not enough data lolwith HD ID: 110067
26/09/11 15:33:19 WARN com.cse.exodex.datasets.StellarLibrary: probably not enough data lolwith HD ID: 110067
26/09/11 15:33:19 WARN com.cse.exodex.datasets.StellarLibrary: probably not enough data lolwith HD ID: 110067
26/09/11 15:33:19 WARN com.cse.exodex.datasets.StellarLibrary: probably not enough data lolwith HD ID: 110067
26/09/11 15:33:19 WARN com.cse.exodex.datasets.StellarLibrary: probably not enough data lolwith HD ID: 110067
26/09/11 15:33:19 WARN com.cse.exodex.datasets.StellarLibrary: probably not enough data lolwith HD ID: 110067
26/09/11 15:33:19 WARN com.cse.exodex.datasets.StellarLibrary: probably not enough data lolwith HD ID: 110067
26/09/11 15:33:19 WARN com.cse.exodex.datasets.StellarLibrary: probably not enough data lolwith BF id: BayerFlamsteed{flamsteedDesignation=null, bayerDesignation='null', number=115404, constellation=null, prettyName='115404'}
26/09/11 15:33:19 WARN com.cse.exodex.datasets.StellarLibrary: probably not enough data lolwith BF id: BayerFlamsteed{flamsteedDesignation=null, bayerDesignation='null', number=64797, constellation=null, prettyName='64797'}
26/09/11 15:33:19 WARN com.cse.exodex.datasets.StellarLibrary: probably not enough data lolwith BF id: BayerFlamsteed{flamsteedDesignation=null, bayerDesignation='null', number=115404, constellation=null, prettyName='115404'}
26/09/11 15:33:19 WARN com.cse.exodex.datasets.StellarLibrary: probably not enough data lolwith BF id: BayerFlamsteed{flamsteedDesignation=null, bayerDesignation='null', number=115404, constellation=null, prettyName='115404'}
26/09/11 15:33:19 WARN com.cse.exodex.datasets.StellarLibrary: probably not enough data lolwith BF id: BayerFlamsteed{flamsteedDesignation=null, bayerDesignation='null', number=64797, constellation=null, prettyName='64797'}
26/09/11 15:33:19 WARN com.cse.exodex.datasets.StellarLibrary: probably not enough data lolwith BF id: BayerFlamsteed{flamsteedDesignation=null, bayerDesignation='null', number=115404, constellation=null, prettyName='115404'}
26/09/11 15:33:19 WARN com.cse.exodex.datasets.StellarLibrary: probably not enough data lolwith BF id: BayerFlamsteed{flamsteedDesignation=null, bayerDesignation='null', number=133131, constellation=null, prettyName='133131'}
26/09/11 15:33:19 WARN com.cse.exodex.datasets.StellarLibrary: probably not enough data lolwith BF id: BayerFlamsteed{flamsteedDesignation=null, bayerDesignation='null', number=73674, constellation=null, prettyName='73674'}
26/09/11 15:33:19 WARN com.cse.exodex.datasets.StellarLibrary: probably not enough data lolwith BF id: BayerFlamsteed{flamsteedDesignation=null, bayerDesignation='null', number=133131, constellation=null, prettyName='133131'}
26/09/11 15:33:19 WARN com.cse.exodex.datasets.StellarLibrary: probably not enough data lolwith BF id: BayerFlamsteed{flamsteedDesignation=null, bayerDesignation='null', number=133131, constellation=null, prettyName='133131'}
26/09/11 15:33:19 WARN com.cse.exodex.datasets.StellarLibrary: probably not enough data lolwith BF id: BayerFlamsteed{flamsteedDesignation=null, bayerDesignation='null', number=73674, constellation=null, prettyName='73674'}
26/09/11 15:33:19 WARN com.cse.exodex.datasets.StellarLibrary: probably not enough data lolwith BF id: BayerFlamsteed{flamsteedDesignation=null, bayerDesignation='null', number=133131, constellation=null, prettyName='133131'}
26/09/11 15:33:19 WARN com.cse.exodex.datasets.StellarLibrary: probably not enough data lolwith BF id: BayerFlamsteed{flamsteedDesignation=null, bayerDesignation='null', number=133131, constellation=null, prettyName='133131'}
26/09/11 15:33:19 WARN com.cse.exodex.datasets.StellarLibrary: probably not enough data lolwith BF id: BayerFlamsteed{flamsteedDesignation=null, bayerDesignation='null', number=73674, constellation=null, prettyName='73674'}
26/09/11 15:33:19 WARN com.cse.exodex.datasets.StellarLibrary: probably not enough data lolwith BF id: BayerFlamsteed{flamsteedDesignation=null, bayerDesignation='null', number=133131, constellation=null, prettyName='133131'}
26/09/11 15:33:19 WARN com.cse.exodex.datasets.StellarLibrary: probably not enough data lolwith BF id: BayerFlamsteed{flamsteedDesignation=null, bayerDesignation='null', number=135344, constellation=null, prettyName='135344'}
26/09/11 15:33:19 WARN com.cse.exodex.datasets.StellarLibrary: probably not enough data lolwith BF id: BayerFlamsteed{flamsteedDesignation=null, bayerDesignation='null', number=135344, constellation=null, prettyName='135344'}
26/09/11 15:33:19 WARN com.cse.exodex.datasets.StellarLibrary: probably not enough data lolwith HD ID: 137496
26/09/11 15:33:19 WARN com.cse.exodex.datasets.StellarLibrary: probably not enough data lolwith HD ID: 137496
26/09/11 15:33:19 WARN com.cse.exodex.datasets.StellarLibrary: probably not enough data lolwith HD ID: 137496
26/09/11 15:33:19 WARN com.cse.exodex.datasets.StellarLibrary: probably not enough data lolwith HD ID: 137496
26/09/11 15:33:19 WARN com.cse.exodex.datasets.StellarLibrary: probably not enough data lolwith BF id: BayerFlamsteed{flamsteedDesignation=null, bayerDesignation='null', number=142022, constellation=null, prettyName='142022'}
26/09/11 15:33:19 WARN com.cse.exodex.datasets.StellarLibrary: probably not enough data lolwith BF id: BayerFlamsteed{flamsteedDesignation=null, bayerDesignation='null', number=142022, constellation=null, prettyName='142022'}
26/09/11 15:33:19 WARN com.cse.exodex.datasets.StellarLibrary: probably not enough data lolwith BF id: BayerFlamsteed{flamsteedDesignation=null, bayerDesignation='null', number=142022, constellation=null, prettyName='142022'}
26/09/11 15:33:19 WARN com.cse.exodex.datasets.StellarLibrary: probably not enough data lolwith BF id: BayerFlamsteed{flamsteedDesignation=null, bayerDesignation='null', number=143811, constellation=null, prettyName='143811'}
26/09/11 15:33:19 WARN com.cse.exodex.datasets.StellarLibrary: probably not enough data lolwith BF id: BayerFlamsteed{flamsteedDesignation=null, bayerDesignation='null', number=143811, constellation=null, prettyName='143811'}
26/09/11 15:33:19 WARN com.cse.exodex.datasets.StellarLibrary: probably not enough data lolwith BF id: BayerFlamsteed{flamsteedDesignation=14, bayerDesignation='null', number=null, constellation=Constellation{constellation='Hercules', genitive='Herculis'}, prettyName='14 Herculis'}
26/09/11 15:33:19 WARN com.cse.exodex.datasets.StellarLibrary: probably not enough data lolwith BF id: BayerFlamsteed{flamsteedDesignation=14, bayerDesignation='null', number=null, constellation=Constellation{constellation='Hercules', genitive='Herculis'}, prettyName='14 Herculis'}
26/09/11 15:33:19 WARN com.cse.exodex.datasets.StellarLibrary: probably not enough data lolwith BF id: BayerFlamsteed{flamsteedDesignation=14, bayerDesignation='null', number=null, constellation=Constellation{constellation='Hercules', genitive='Herculis'}, prettyName='14 Herculis'}
26/09/11 15:33:19 WARN com.cse.exodex.datasets.StellarLibrary: probably not enough data lolwith HD ID: 145934
26/09/11 15:33:19 WARN com.cse.exodex.datasets.StellarLibrary: probably not enough data lolwith HD ID: 145934
26/09/11 15:33:19 WARN com.cse.exodex.datasets.StellarLibrary: probably not enough data lolwith HD ID: 145934
26/09/11 15:33:19 WARN com.cse.exodex.datasets.StellarLibrary: probably not enough data lolwith HD ID: 145934
26/09/11 15:33:19 WARN com.cse.exodex.datasets.StellarLibrary: probably not enough data lolwith HD ID: 145934
26/09/11 15:33:19 WARN com.cse.exodex.datasets.StellarLibrary: probably not enough data lolwith HD ID: 145934
26/09/11 15:33:19 WARN com.cse.exodex.datasets.StellarLibrary: probably not enough data lolwith HD ID: 152843
26/09/11 15:33:19 WARN com.cse.exodex.datasets.StellarLibrary: probably not enough data lolwith HD ID: 152843
26/09/11 15:33:19 WARN com.cse.exodex.datasets.StellarLibrary: probably not enough data lolwith HD ID: 152843
26/09/11 15:33:19 WARN com.cse.exodex.datasets.StellarLibrary: probably not enough data lolwith HD ID: 152843
26/09/11 15:33:19 WARN com.cse.exodex.datasets.StellarLibrary: probably not enough data lolwith HD ID: 152843
26/09/11 15:33:19 WARN com.cse.exodex.datasets.StellarLibrary: probably not enough data lolwith HD ID: 152843
26/09/11 15:33:19 WARN com.cse.exodex.datasets.StellarLibrary: probably not enough data lolwith HD ID: 152843
26/09/11 15:33:19 WARN com.cse.exodex.datasets.StellarLibrary: probably not enough data lolwith HD ID: 152843
26/09/11 15:33:19 WARN com.cse.exodex.datasets.StellarLibrary: probably not enough data lolwith HD ID: 152843
26/09/11 15:33:19 WARN com.cse.exodex.datasets.StellarLibrary: probably not enough data lolwith HD ID: 152843
26/09/11 15:33:19 WARN com.cse.exodex.datasets.StellarLibrary: probably not enough data lolwith HD ID: 152843
26/09/11 15:33:19 WARN com.cse.exodex.datasets.StellarLibrary: probably not enough data lolwith HD ID: 152843
26/09/11 15:33:19 WARN com.cse.exodex.datasets.StellarLibrary: probably not enough data lolwith HD ID: 169142
26/09/11 15:33:19 WARN com.cse.exodex.datasets.StellarLibrary: probably not enough data lolwith HD ID: 169142
26/09/11 15:33:19 WARN com.cse.exodex.datasets.StellarLibrary: probably not enough data lolwith HD ID: 17092
26/09/11 15:33:19 WARN com.cse.exodex.datasets.StellarLibrary: probably not enough data lolwith HD ID: 17092
26/09/11 15:33:19 WARN com.cse.exodex.datasets.StellarLibrary: probably not enough data lolwith HD ID: 17092
26/09/11 15:33:19 WARN com.cse.exodex.datasets.StellarLibrary: probably not enough data lolwith HD ID: 17092
26/09/11 15:33:19 WARN com.cse.exodex.datasets.StellarLibrary: probably not enough data lolwith HD ID: 17092
26/09/11 15:33:19 WARN com.cse.exodex.datasets.StellarLibrary: probably not enough data lolwith HD ID: 17092
26/09/11 15:33:19 WARN com.cse.exodex.datasets.StellarLibrary: probably not enough data lolwith HD ID: 171028
26/09/11 15:33:19 WARN com.cse.exodex.datasets.StellarLibrary: probably not enough data lolwith HD ID: 171028
26/09/11 15:33:19 WARN com.cse.exodex.datasets.StellarLibrary: probably not enough data lolwith HD ID: 171028
26/09/11 15:33:19 WARN com.cse.exodex.datasets.StellarLibrary: probably not enough data lolwith HD ID: 171028
26/09/11 15:33:19 WARN com.cse.exodex.datasets.StellarLibrary: probably not enough data lolwith BF id: BayerFlamsteed{flamsteedDesignation=null, bayerDesignation='null', number=178911, constellation=null, prettyName='178911'}
26/09/11 15:33:19 WARN com.cse.exodex.datasets.StellarLibrary: probably not enough data lolwith BF id: BayerFlamsteed{flamsteedDesignation=null, bayerDesignation='null', number=178911, constellation=null, prettyName='178911'}
26/09/11 15:33:19 WARN com.cse.exodex.datasets.StellarLibrary: probably not enough data lolwith BF id: BayerFlamsteed{flamsteedDesignation=null, bayerDesignation='null', number=178911, constellation=null, prettyName='178911'}
26/09/11 15:33:19 WARN com.cse.exodex.datasets.StellarLibrary: probably not enough data lolwith BF id: BayerFlamsteed{flamsteedDesignation=null, bayerDesignation='null', number=178911, constellation=null, prettyName='178911'}
26/09/11 15:33:19 WARN com.cse.exodex.datasets.StellarLibrary: probably not enough data lolwith BF id: BayerFlamsteed{flamsteedDesignation=null, bayerDesignation='null', number=178911, constellation=null, prettyName='178911'}
26/09/11 15:33:19 WARN com.cse.exodex.datasets.StellarLibrary: probably not enough data lolwith BF id: BayerFlamsteed{flamsteedDesignation=null, bayerDesignation='null', number=196885, constellation=null, prettyName='196885'}
26/09/11 15:33:19 WARN com.cse.exodex.datasets.StellarLibrary: probably not enough data lolwith BF id: BayerFlamsteed{flamsteedDesignation=null, bayerDesignation='null', number=196885, constellation=null, prettyName='196885'}
26/09/11 15:33:19 WARN com.cse.exodex.datasets.StellarLibrary: probably not enough data lolwith BF id: BayerFlamsteed{flamsteedDesignation=null, bayerDesignation='null', number=196885, constellation=null, prettyName='196885'}
26/09/11 15:33:19 WARN com.cse.exodex.datasets.StellarLibrary: probably not enough data lolwith BF id: BayerFlamsteed{flamsteedDesignation=null, bayerDesignation='null', number=202772, constellation=null, prettyName='202772'}
26/09/11 15:33:19 WARN com.cse.exodex.datasets.StellarLibrary: probably not enough data lolwith BF id: BayerFlamsteed{flamsteedDesignation=null, bayerDesignation='null', number=202772, constellation=null, prettyName='202772'}
26/09/11 15:33:19 WARN com.cse.exodex.datasets.StellarLibrary: probably not enough data lolwith BF id: BayerFlamsteed{flamsteedDesignation=null, bayerDesignation='null', number=202772, constellation=null, prettyName='202772'}
26/09/11 15:33:19 WARN com.cse.exodex.datasets.StellarLibrary: probably not enough data lolwith BF id: BayerFlamsteed{flamsteedDesignation=null, bayerDesignation='null', number=202772, constellation=null, prettyName='202772'}
26/09/11 15:33:19 WARN com.cse.exodex.datasets.StellarLibrary: probably not enough data lolwith BF id: BayerFlamsteed{flamsteedDesignation=null, bayerDesignation='null', number=202772, constellation=null, prettyName='202772'}
26/09/11 15:33:19 WARN com.cse.exodex.datasets.StellarLibrary: probably not enough data lolwith BF id: BayerFlamsteed{flamsteedDesignation=null, bayerDesignation='null', number=202772, constellation=null, prettyName='202772'}
26/09/11 15:33:19 WARN com.cse.exodex.datasets.StellarLibrary: probably not enough data lolwith BF id: BayerFlamsteed{flamsteedDesignation=null, bayerDesignation='null', number=202772, constellation=null, prettyName='202772'}
26/09/11 15:33:19 WARN com.cse.exodex.datasets.StellarLibrary: probably not enough data lolwith BF id: BayerFlamsteed{flamsteedDesignation=null, bayerDesignation='null', number=202772, constellation=null, prettyName='202772'}
26/09/11 15:33:19 WARN com.cse.exodex.datasets.StellarLibrary: probably not enough data lolwith HD ID: 216536
26/09/11 15:33:19 WARN com.cse.exodex.datasets.StellarLibrary: probably not enough data lolwith HD ID: 216536
26/09/11 15:33:19 WARN com.cse.exodex.datasets.StellarLibrary: probably not enough data lolwith HD ID: 216536
26/09/11 15:33:19 WARN com.cse.exodex.datasets.StellarLibrary: probably not enough data lolwith HD ID: 216536
26/09/11 15:33:19 WARN com.cse.exodex.datasets.StellarLibrary: probably not enough data lolwith HD ID: 219415
26/09/11 15:33:19 WARN com.cse.exodex.datasets.StellarLibrary: probably not enough data lolwith HD ID: 219415
26/09/11 15:33:19 WARN com.cse.exodex.datasets.StellarLibrary: probably not enough data lolwith HD ID: 219666
26/09/11 15:33:19 WARN com.cse.exodex.datasets.StellarLibrary: probably not enough data lolwith HD ID: 219666
26/09/11 15:33:19 WARN com.cse.exodex.datasets.StellarLibrary: probably not enough data lolwith HD ID: 219666
26/09/11 15:33:19 WARN com.cse.exodex.datasets.StellarLibrary: probably not enough data lolwith HD ID: 219666
26/09/11 15:33:19 WARN com.cse.exodex.datasets.StellarLibrary: probably not enough data lolwith HD ID: 219666
26/09/11 15:33:19 WARN com.cse.exodex.datasets.StellarLibrary: probably not enough data lolwith HD ID: 219666
26/09/11 15:33:19 WARN com.cse.exodex.datasets.StellarLibrary: probably not enough data lolwith HD ID: 219666
26/09/11 15:33:19 WARN com.cse.exodex.datasets.StellarLibrary: probably not enough data lolwith HD ID: 219666
26/09/11 15:33:19 WARN com.cse.exodex.datasets.StellarLibrary: probably not enough data lolwith HD ID: 219666
26/09/11 15:33:19 WARN com.cse.exodex.datasets.StellarLibrary: probably not enough data lolwith HD ID: 219666
26/09/11 15:33:19 WARN com.cse.exodex.datasets.StellarLibrary: probably not enough data lolwith HD ID: 219666
26/09/11 15:33:19 WARN com.cse.exodex.datasets.StellarLibrary: probably not enough data lolwith HD ID: 219666
26/09/11 15:33:19 WARN com.cse.exodex.datasets.StellarLibrary: probably not enough data lolwith HD ID: 224018
26/09/11 15:33:19 WARN com.cse.exodex.datasets.StellarLibrary: probably not enough data lolwith HD ID: 224018
26/09/11 15:33:19 WARN com.cse.exodex.datasets.StellarLibrary: probably not enough data lolwith HD ID: 224018
26/09/11 15:33:19 WARN com.cse.exodex.datasets.StellarLibrary: probably not enough data lolwith HD ID: 224018
26/09/11 15:33:19 WARN com.cse.exodex.datasets.StellarLibrary: probably not enough data lolwith HD ID: 224018
26/09/11 15:33:19 WARN com.cse.exodex.datasets.StellarLibrary: probably not enough data lolwith HD ID: 224018
26/09/11 15:33:19 WARN com.cse.exodex.datasets.StellarLibrary: probably not enough data lolwith HD ID: 233604
26/09/11 15:33:19 WARN com.cse.exodex.datasets.StellarLibrary: probably not enough data lolwith HD ID: 233604
26/09/11 15:33:19 WARN com.cse.exodex.datasets.StellarLibrary: probably not enough data lolwith HD ID: 240210
26/09/11 15:33:19 WARN com.cse.exodex.datasets.StellarLibrary: probably not enough data lolwith HD ID: 240210
26/09/11 15:33:19 WARN com.cse.exodex.datasets.StellarLibrary: probably not enough data lolwith HD ID: 2685
26/09/11 15:33:19 WARN com.cse.exodex.datasets.StellarLibrary: probably not enough data lolwith HD ID: 2685
26/09/11 15:33:19 WARN com.cse.exodex.datasets.StellarLibrary: probably not enough data lolwith HD ID: 2685
26/09/11 15:33:19 WARN com.cse.exodex.datasets.StellarLibrary: probably not enough data lolwith HD ID: 2685
26/09/11 15:33:19 WARN com.cse.exodex.datasets.StellarLibrary: probably not enough data lolwith HD ID: 2685
26/09/11 15:33:19 WARN com.cse.exodex.datasets.StellarLibrary: probably not enough data lolwith HD ID: 2685
26/09/11 15:33:19 WARN com.cse.exodex.datasets.StellarLibrary: probably not enough data lolwith HD ID: 2685
26/09/11 15:33:19 WARN com.cse.exodex.datasets.StellarLibrary: probably not enough data lolwith HD ID: 2685
26/09/11 15:33:19 WARN com.cse.exodex.datasets.StellarLibrary: probably not enough data lolwith BF id: BayerFlamsteed{flamsteedDesignation=null, bayerDesignation='null', number=284149, constellation=null, prettyName='284149'}
26/09/11 15:33:19 WARN com.cse.exodex.datasets.StellarLibrary: probably not enough data lolwith BF id: BayerFlamsteed{flamsteedDesignation=null, bayerDesignation='null', number=284149, constellation=null, prettyName='284149'}
26/09/11 15:33:19 WARN com.cse.exodex.datasets.StellarLibrary: probably not enough data lolwith HD ID: 332231
26/09/11 15:33:19 WARN com.cse.exodex.datasets.StellarLibrary: probably not enough data lolwith HD ID: 332231
26/09/11 15:33:19 WARN com.cse.exodex.datasets.StellarLibrary: probably not enough data lolwith HD ID: 332231
26/09/11 15:33:19 WARN com.cse.exodex.datasets.StellarLibrary: probably not enough data lolwith HD ID: 332231
26/09/11 15:33:19 WARN com.cse.exodex.datasets.StellarLibrary: probably not enough data lolwith HD ID: 332231
26/09/11 15:33:19 WARN com.cse.exodex.datasets.StellarLibrary: probably not enough data lolwith HD ID: 332231
26/09/11 15:33:19 WARN com.cse.exodex.datasets.StellarLibrary: probably not enough data lolwith HD ID: 332231
26/09/11 15:33:19 WARN com.cse.exodex.datasets.StellarLibrary: probably not enough data lolwith HD ID: 332231
26/09/11 15:33:19 WARN com.cse.exodex.datasets.StellarLibrary: probably not enough data lolwith HD ID: 332231
26/09/11 15:33:19 WARN com.cse.exodex.datasets.StellarLibrary: probably not enough data lolwith HD ID: 332231
26/09/11 15:33:19 WARN com.cse.exodex.datasets.StellarLibrary: probably not enough data lolwith BF id: BayerFlamsteed{flamsteedDesignation=null, bayerDesignation='null', number=41004, constellation=null, prettyName='41004'}
26/09/11 15:33:19 WARN com.cse.exodex.datasets.StellarLibrary: probably not enough data lolwith BF id: BayerFlamsteed{flamsteedDesignation=null, bayerDesignation='null', number=28393, constellation=null, prettyName='28393'}
26/09/11 15:33:19 WARN com.cse.exodex.datasets.StellarLibrary: probably not enough data lolwith BF id: BayerFlamsteed{flamsteedDesignation=null, bayerDesignation='null', number=41004, constellation=null, prettyName='41004'}
26/09/11 15:33:19 WARN com.cse.exodex.datasets.StellarLibrary: probably not enough data lolwith BF id: BayerFlamsteed{flamsteedDesignation=null, bayerDesignation='null', number=41004, constellation=null, prettyName='41004'}
26/09/11 15:33:19 WARN com.cse.exodex.datasets.StellarLibrary: probably not enough data lolwith BF id: BayerFlamsteed{flamsteedDesignation=null, bayerDesignation='null', number=28393, constellation=null, prettyName='28393'}
26/09/11 15:33:19 WARN com.cse.exodex.datasets.StellarLibrary: probably not enough data lolwith BF id: BayerFlamsteed{flamsteedDesignation=null, bayerDesignation='null', number=41004, constellation=null, prettyName='41004'}
26/09/11 15:33:19 WARN com.cse.exodex.datasets.StellarLibrary: probably not enough data lolwith BF id: BayerFlamsteed{flamsteedDesignation=null, bayerDesignation='null', number=41004, constellation=null, prettyName='41004'}
26/09/11 15:33:19 WARN com.cse.exodex.datasets.StellarLibrary: probably not enough data lolwith BF id: BayerFlamsteed{flamsteedDesignation=null, bayerDesignation='null', number=28393, constellation=null, prettyName='28393'}
26/09/11 15:33:19 WARN com.cse.exodex.datasets.StellarLibrary: probably not enough data lolwith BF id: BayerFlamsteed{flamsteedDesignation=null, bayerDesignation='null', number=41004, constellation=null, prettyName='41004'}
26/09/11 15:33:19 WARN com.cse.exodex.datasets.StellarLibrary: probably not enough data lolwith HD ID: 5583
26/09/11 15:33:19 WARN com.cse.exodex.datasets.StellarLibrary: probably not enough data lolwith HD ID: 5583
26/09/11 15:33:19 WARN com.cse.exodex.datasets.StellarLibrary: probably not enough data lolwith HD ID: 56414
26/09/11 15:33:19 WARN com.cse.exodex.datasets.StellarLibrary: probably not enough data lolwith HD ID: 56414
26/09/11 15:33:19 WARN com.cse.exodex.datasets.StellarLibrary: probably not enough data lolwith HD ID: 56414
26/09/11 15:33:19 WARN com.cse.exodex.datasets.StellarLibrary: probably not enough data lolwith HD ID: 56414
26/09/11 15:33:19 WARN com.cse.exodex.datasets.StellarLibrary: probably not enough data lolwith BF id: BayerFlamsteed{flamsteedDesignation=null, bayerDesignation='null', number=59686, constellation=null, prettyName='59686'}
26/09/11 15:33:19 WARN com.cse.exodex.datasets.StellarLibrary: probably not enough data lolwith HD ID: 6061
26/09/11 15:33:19 WARN com.cse.exodex.datasets.StellarLibrary: probably not enough data lolwith HD ID: 6061
26/09/11 15:33:19 WARN com.cse.exodex.datasets.StellarLibrary: probably not enough data lolwith HD ID: 6061
26/09/11 15:33:19 WARN com.cse.exodex.datasets.StellarLibrary: probably not enough data lolwith HD ID: 6061
26/09/11 15:33:19 WARN com.cse.exodex.datasets.StellarLibrary: probably not enough data lolwith HD ID: 6061
26/09/11 15:33:19 WARN com.cse.exodex.datasets.StellarLibrary: probably not enough data lolwith HD ID: 6061
26/09/11 15:33:19 WARN com.cse.exodex.datasets.StellarLibrary: probably not enough data lolwith HD ID: 70573
26/09/11 15:33:19 WARN com.cse.exodex.datasets.StellarLibrary: probably not enough data lolwith HD ID: 70573
26/09/11 15:33:19 WARN com.cse.exodex.datasets.StellarLibrary: probably not enough data lolwith HD ID: 80653
26/09/11 15:33:19 WARN com.cse.exodex.datasets.StellarLibrary: probably not enough data lolwith HD ID: 80653
26/09/11 15:33:19 WARN com.cse.exodex.datasets.StellarLibrary: probably not enough data lolwith HD ID: 80653
26/09/11 15:33:19 WARN com.cse.exodex.datasets.StellarLibrary: probably not enough data lolwith HD ID: 80653
26/09/11 15:33:19 WARN com.cse.exodex.datasets.StellarLibrary: probably not enough data lolwith HD ID: 80653
26/09/11 15:33:19 WARN com.cse.exodex.datasets.StellarLibrary: probably not enough data lolwith HD ID: 80653
26/09/11 15:33:19 WARN com.cse.exodex.datasets.StellarLibrary: probably not enough data lolwith HD ID: 80653
26/09/11 15:33:19 WARN com.cse.exodex.datasets.StellarLibrary: probably not enough data lolwith HD ID: 80653
26/09/11 15:33:19 WARN com.cse.exodex.datasets.StellarLibrary: probably not enough data lolwith HD ID: 80653
26/09/11 15:33:19 WARN com.cse.exodex.datasets.StellarLibrary: probably not enough data lolwith HD ID: 80653
26/09/11 15:33:19 WARN com.cse.exodex.datasets.StellarLibrary: probably not enough data lolwith BF id: BayerFlamsteed{flamsteedDesignation=null, bayerDesignation='null', number=93963, constellation=null, prettyName='93963'}
26/09/11 15:33:19 WARN com.cse.exodex.datasets.StellarLibrary: probably not enough data lolwith BF id: BayerFlamsteed{flamsteedDesignation=null, bayerDesignation='null', number=93963, constellation=null, prettyName='93963'}
26/09/11 15:33:19 WARN com.cse.exodex.datasets.StellarLibrary: probably not enough data lolwith BF id: BayerFlamsteed{flamsteedDesignation=null, bayerDesignation='null', number=93963, constellation=null, prettyName='93963'}
26/09/11 15:33:19 WARN com.cse.exodex.datasets.StellarLibrary: probably not enough data lolwith BF id: BayerFlamsteed{flamsteedDesignation=null, bayerDesignation='null', number=93963, constellation=null, prettyName='93963'}
26/09/11 15:33:19 WARN com.cse.exodex.datasets.StellarLibrary: probably not enough data lolwith BF id: BayerFlamsteed{flamsteedDesignation=null, bayerDesignation='null', number=93963, constellation=null, prettyName='93963'}
26/09/11 15:33:19 WARN com.cse.exodex.datasets.StellarLibrary: probably not enough data lolwith BF id: BayerFlamsteed{flamsteedDesignation=null, bayerDesignation='null', number=93963, constellation=null, prettyName='93963'}
26/09/11 15:33:19 WARN com.cse.exodex.datasets.StellarLibrary: probably not enough data lolwith BF id: BayerFlamsteed{flamsteedDesignation=null, bayerDesignation='null', number=93963, constellation=null, prettyName='93963'}
26/09/11 15:33:19 WARN com.cse.exodex.datasets.StellarLibrary: probably not enough data lolwith BF id: BayerFlamsteed{flamsteedDesignation=null, bayerDesignation='null', number=93963, constellation=null, prettyName='93963'}
26/09/11 15:33:19 WARN com.cse.exodex.datasets.StellarLibrary: probably not enough data lolwith BF id: BayerFlamsteed{flamsteedDesignation=null, bayerDesignation='null', number=93963, constellation=null, prettyName='93963'}
26/09/11 15:33:19 WARN com.cse.exodex.datasets.StellarLibrary: probably not enough data lolwith BF id: BayerFlamsteed{flamsteedDesignation=null, bayerDesignation='null', number=93963, constellation=null, prettyName='93963'}
26/09/11 15:33:19 WARN com.cse.exodex.datasets.StellarLibrary: probably not enough data lolwith BF id: BayerFlamsteed{flamsteedDesignation=null, bayerDesignation='null', number=93963, constellation=null, prettyName='93963'}
26/09/11 15:33:19 WARN com.cse.exodex.datasets.StellarLibrary: probably not enough data lolwith BF id: BayerFlamsteed{flamsteedDesignation=null, bayerDesignation='null', number=93963, constellation=null, prettyName='93963'}
26/09/11 15:33:19 WARN com.cse.exodex.datasets.StellarLibrary: probably not enough data lolwith BF id: BayerFlamsteed{flamsteedDesignation=null, bayerDesignation='null', number=93963, constellation=null, prettyName='93963'}
26/09/11 15:33:19 WARN com.cse.exodex.datasets.StellarLibrary: probably not enough data lolwith BF id: BayerFlamsteed{flamsteedDesignation=null, bayerDesignation='null', number=93963, constellation=null, prettyName='93963'}
26/09/11 15:33:19 WARN com.cse.exodex.datasets.StellarLibrary: probably not enough data lolwith HD ID: 95872
26/09/11 15:33:19 WARN com.cse.exodex.datasets.StellarLibrary: probably not enough data lolwith HD ID: 95872
26/09/11 15:33:19 WARN com.cse.exodex.datasets.StellarLibrary: probably not enough data lolwith HD ID: 95872
26/09/11 15:33:19 WARN com.cse.exodex.datasets.StellarLibrary: probably not enough data lolwith HD ID: 95872
26/09/11 15:33:19 WARN com.cse.exodex.datasets.StellarLibrary: probably not enough data lolwith BF id: BayerFlamsteed{flamsteedDesignation=null, bayerDesignation='null', number=65, constellation=null, prettyName='65'}
26/09/11 15:33:19 WARN com.cse.exodex.datasets.StellarLibrary: probably not enough data lolwith BF id: BayerFlamsteed{flamsteedDesignation=null, bayerDesignation='null', number=65, constellation=null, prettyName='65'}
26/09/11 15:33:19 WARN com.cse.exodex.datasets.StellarLibrary: probably not enough data lolwith BF id: BayerFlamsteed{flamsteedDesignation=null, bayerDesignation='null', number=65, constellation=null, prettyName='65'}
26/09/11 15:33:19 WARN com.cse.exodex.datasets.StellarLibrary: probably not enough data lolwith BF id: BayerFlamsteed{flamsteedDesignation=null, bayerDesignation='null', number=65, constellation=null, prettyName='65'}
26/09/11 15:33:19 WARN com.cse.exodex.datasets.StellarLibrary: probably not enough data lolwith BF id: BayerFlamsteed{flamsteedDesignation=null, bayerDesignation='null', number=65, constellation=null, prettyName='65'}
26/09/11 15:33:19 WARN com.cse.exodex.datasets.StellarLibrary: probably not enough data lolwith BF id: BayerFlamsteed{flamsteedDesignation=null, bayerDesignation='null', number=65, constellation=null, prettyName='65'}
26/09/11 15:33:19 WARN com.cse.exodex.datasets.StellarLibrary: probably not enough data lolwith BF id: BayerFlamsteed{flamsteedDesignation=null, bayerDesignation='null', number=65, constellation=null, prettyName='65'}
26/09/11 15:33:19 WARN com.cse.exodex.datasets.StellarLibrary: probably not enough data lolwith BF id: BayerFlamsteed{flamsteedDesignation=null, bayerDesignation='null', number=65, constellation=null, prettyName='65'}
26/09/11 15:33:19 WARN com.cse.exodex.datasets.StellarLibrary: probably not enough data lolwith BF id: BayerFlamsteed{flamsteedDesignation=null, bayerDesignation='null', number=79098, constellation=null, prettyName='79098'}
26/09/11 15:33:19 WARN com.cse.exodex.datasets.StellarLibrary: probably not enough data lolwith BF id: BayerFlamsteed{flamsteedDesignation=null, bayerDesignation='null', number=79098, constellation=null, prettyName='79098'}
26/09/11 15:33:19 WARN com.cse.exodex.datasets.StellarLibrary: probably not enough data lolwith BF id: BayerFlamsteed{flamsteedDesignation=null, bayerDesignation='null', number=81208, constellation=null, prettyName='81208'}
26/09/11 15:33:19 WARN com.cse.exodex.datasets.StellarLibrary: probably not enough data lolwith BF id: BayerFlamsteed{flamsteedDesignation=null, bayerDesignation='null', number=81208, constellation=null, prettyName='81208'}
26/09/11 15:33:19 WARN com.cse.exodex.datasets.StellarLibrary: probably not enough data lolwith BF id: BayerFlamsteed{flamsteedDesignation=null, bayerDesignation='null', number=null, constellation=Constellation{constellation='Libra', genitive='Librae'}, prettyName='Librae'}
26/09/11 15:33:19 WARN com.cse.exodex.datasets.StellarLibrary: probably not enough data lolwith BF id: BayerFlamsteed{flamsteedDesignation=null, bayerDesignation='null', number=null, constellation=Constellation{constellation='Pegasus', genitive='Pegasi'}, prettyName='Pegasi'}
26/09/11 15:33:19 WARN com.cse.exodex.datasets.StellarLibrary: probably not enough data lolwith BF id: BayerFlamsteed{flamsteedDesignation=null, bayerDesignation='null', number=null, constellation=Constellation{constellation='Pices', genitive='Piscium'}, prettyName='Piscium'}
26/09/11 15:33:19 WARN com.cse.exodex.datasets.StellarLibrary: probably not enough data lolwith BF id: BayerFlamsteed{flamsteedDesignation=null, bayerDesignation='null', number=null, constellation=Constellation{constellation='Aquarius', genitive='Aquarii'}, prettyName='Aquarii'}
26/09/11 15:33:19 WARN com.cse.exodex.datasets.StellarLibrary: probably not enough data lolwith BF id: BayerFlamsteed{flamsteedDesignation=null, bayerDesignation='null', number=null, constellation=Constellation{constellation='Aquarius', genitive='Aquarii'}, prettyName='Aquarii'}
26/09/11 15:33:19 WARN com.cse.exodex.datasets.StellarLibrary: probably not enough data lolwith BF id: BayerFlamsteed{flamsteedDesignation=null, bayerDesignation='null', number=15, constellation=null, prettyName='15'}
26/09/11 15:33:20 WARN com.cse.exodex.datasets.StellarLibrary: probably not enough data lolwith HD ID: 286123
26/09/11 15:33:20 WARN com.cse.exodex.datasets.StellarLibrary: probably not enough data lolwith HD ID: 286123
26/09/11 15:33:20 WARN com.cse.exodex.datasets.StellarLibrary: probably not enough data lolwith HD ID: 286123
26/09/11 15:33:20 WARN com.cse.exodex.datasets.StellarLibrary: probably not enough data lolwith HD ID: 286123
26/09/11 15:33:20 WARN com.cse.exodex.datasets.StellarLibrary: probably not enough data lolwith HD ID: 285181
26/09/11 15:33:20 WARN com.cse.exodex.datasets.StellarLibrary: probably not enough data lolwith HD ID: 285181
26/09/11 15:33:20 WARN com.cse.exodex.datasets.StellarLibrary: probably not enough data lolwith HD ID: 285181
26/09/11 15:33:20 WARN com.cse.exodex.datasets.StellarLibrary: probably not enough data lolwith HD ID: 285181
26/09/11 15:33:20 WARN com.cse.exodex.datasets.StellarLibrary: probably not enough data lolwith HD ID: 119130
26/09/11 15:33:20 WARN com.cse.exodex.datasets.StellarLibrary: probably not enough data lolwith HD ID: 80653
26/09/11 15:33:20 WARN com.cse.exodex.datasets.StellarLibrary: probably not enough data lolwith HD ID: 80653
26/09/11 15:33:20 WARN com.cse.exodex.datasets.StellarLibrary: probably not enough data lolwith HD ID: 80653
26/09/11 15:33:20 WARN com.cse.exodex.datasets.StellarLibrary: probably not enough data lolwith HD ID: 80653
26/09/11 15:33:20 WARN com.cse.exodex.datasets.StellarLibrary: probably not enough data lolwith HD ID: 332124
26/09/11 15:33:20 WARN com.cse.exodex.datasets.StellarLibrary: probably not enough data lolwith HD ID: 332124
26/09/11 15:33:20 WARN com.cse.exodex.datasets.StellarLibrary: probably not enough data lolwith HD ID: 332124
26/09/11 15:33:20 WARN com.cse.exodex.datasets.StellarLibrary: probably not enough data lolwith HD ID: 332124
26/09/11 15:33:20 WARN com.cse.exodex.datasets.StellarLibrary: probably not enough data lolwith HD ID: 343246
26/09/11 15:33:20 WARN com.cse.exodex.datasets.StellarLibrary: probably not enough data lolwith HD ID: 343246
26/09/11 15:33:20 WARN com.cse.exodex.datasets.StellarLibrary: probably not enough data lolwith HD ID: 343246
26/09/11 15:33:20 WARN com.cse.exodex.datasets.StellarLibrary: probably not enough data lolwith HD ID: 343246
26/09/11 15:33:20 WARN com.cse.exodex.datasets.StellarLibrary: probably not enough data lolwith HD ID: 343246
26/09/11 15:33:20 WARN com.cse.exodex.datasets.StellarLibrary: probably not enough data lolwith HD ID: 343246
26/09/11 15:33:20 WARN com.cse.exodex.datasets.StellarLibrary: probably not enough data lolwith HD ID: 343246
26/09/11 15:33:20 WARN com.cse.exodex.datasets.StellarLibrary: probably not enough data lolwith HD ID: 343246
26/09/11 15:33:20 WARN com.cse.exodex.datasets.StellarLibrary: probably not enough data lolwith BF id: BayerFlamsteed{flamsteedDesignation=null, bayerDesignation='null', number=null, constellation=null, prettyName=''}
26/09/11 15:33:21 WARN com.cse.exodex.datasets.StellarLibrary: probably not enough data lolwith HD ID: 175289
26/09/11 15:33:21 WARN com.cse.exodex.datasets.StellarLibrary: probably not enough data lolwith HD ID: 175289
26/09/11 15:33:21 WARN com.cse.exodex.datasets.StellarLibrary: probably not enough data lolwith HD ID: 175289
26/09/11 15:33:21 WARN com.cse.exodex.datasets.StellarLibrary: probably not enough data lolwith HD ID: 175289
26/09/11 15:33:21 WARN com.cse.exodex.datasets.StellarLibrary: probably not enough data lolwith HD ID: 175289
26/09/11 15:33:21 WARN com.cse.exodex.datasets.StellarLibrary: probably not enough data lolwith HD ID: 175289
26/09/11 15:33:21 WARN com.cse.exodex.datasets.StellarLibrary: probably not enough data lolwith HD ID: 175289
26/09/11 15:33:21 WARN com.cse.exodex.datasets.StellarLibrary: probably not enough data lolwith HD ID: 175289
26/09/11 15:33:21 WARN com.cse.exodex.datasets.StellarLibrary: probably not enough data lolwith HD ID: 175289
26/09/11 15:33:21 WARN com.cse.exodex.datasets.StellarLibrary: probably not enough data lolwith HD ID: 175289
26/09/11 15:33:21 WARN com.cse.exodex.datasets.StellarLibrary: probably not enough data lolwith HD ID: 175289
26/09/11 15:33:21 WARN com.cse.exodex.datasets.StellarLibrary: probably not enough data lolwith HD ID: 175289
26/09/11 15:33:21 WARN com.cse.exodex.datasets.StellarLibrary: probably not enough data lolwith BF id: BayerFlamsteed{flamsteedDesignation=null, bayerDesignation='null', number=1445, constellation=null, prettyName='1445'}
26/09/11 15:33:21 WARN com.cse.exodex.datasets.StellarLibrary: probably not enough data lolwith BF id: BayerFlamsteed{flamsteedDesignation=null, bayerDesignation='null', number=1445, constellation=null, prettyName='1445'}
26/09/11 15:33:21 WARN com.cse.exodex.datasets.StellarLibrary: probably not enough data lolwith BF id: BayerFlamsteed{flamsteedDesignation=null, bayerDesignation='null', number=1445, constellation=null, prettyName='1445'}
26/09/11 15:33:21 WARN com.cse.exodex.datasets.StellarLibrary: probably not enough data lolwith BF id: BayerFlamsteed{flamsteedDesignation=null, bayerDesignation='null', number=1445, constellation=null, prettyName='1445'}
26/09/11 15:33:21 WARN com.cse.exodex.datasets.StellarLibrary: probably not enough data lolwith BF id: BayerFlamsteed{flamsteedDesignation=null, bayerDesignation='null', number=1445, constellation=null, prettyName='1445'}
26/09/11 15:33:21 WARN com.cse.exodex.datasets.StellarLibrary: probably not enough data lolwith BF id: BayerFlamsteed{flamsteedDesignation=null, bayerDesignation='null', number=1445, constellation=null, prettyName='1445'}
26/09/11 15:33:21 WARN com.cse.exodex.datasets.StellarLibrary: probably not enough data lolwith BF id: BayerFlamsteed{flamsteedDesignation=null, bayerDesignation='null', number=1445, constellation=null, prettyName='1445'}
26/09/11 15:33:21 WARN com.cse.exodex.datasets.StellarLibrary: probably not enough data lolwith BF id: BayerFlamsteed{flamsteedDesignation=null, bayerDesignation='null', number=1445, constellation=null, prettyName='1445'}
26/09/11 15:33:21 WARN com.cse.exodex.datasets.StellarLibrary: probably not enough data lolwith BF id: BayerFlamsteed{flamsteedDesignation=null, bayerDesignation='null', number=1445, constellation=null, prettyName='1445'}
26/09/11 15:33:21 WARN com.cse.exodex.datasets.StellarLibrary: probably not enough data lolwith BF id: BayerFlamsteed{flamsteedDesignation=null, bayerDesignation='null', number=1445, constellation=null, prettyName='1445'}
26/09/11 15:33:21 WARN com.cse.exodex.datasets.StellarLibrary: probably not enough data lolwith BF id: BayerFlamsteed{flamsteedDesignation=null, bayerDesignation='null', number=16, constellation=null, prettyName='16'}
26/09/11 15:33:21 WARN com.cse.exodex.datasets.StellarLibrary: probably not enough data lolwith BF id: BayerFlamsteed{flamsteedDesignation=null, bayerDesignation='null', number=16, constellation=null, prettyName='16'}
26/09/11 15:33:21 WARN com.cse.exodex.datasets.StellarLibrary: probably not enough data lolwith BF id: BayerFlamsteed{flamsteedDesignation=null, bayerDesignation='null', number=62, constellation=null, prettyName='62'}
26/09/11 15:33:21 WARN com.cse.exodex.datasets.StellarLibrary: probably not enough data lolwith HD ID: 85628
26/09/11 15:33:21 WARN com.cse.exodex.datasets.StellarLibrary: probably not enough data lolwith HD ID: 85628
26/09/11 15:33:21 WARN com.cse.exodex.datasets.StellarLibrary: probably not enough data lolwith HD ID: 85628
26/09/11 15:33:21 WARN com.cse.exodex.datasets.StellarLibrary: probably not enough data lolwith HD ID: 85628
26/09/11 15:33:21 WARN com.cse.exodex.datasets.StellarLibrary: probably not enough data lolwith HD ID: 85628
26/09/11 15:33:21 WARN com.cse.exodex.datasets.StellarLibrary: probably not enough data lolwith BF id: BayerFlamsteed{flamsteedDesignation=null, bayerDesignation='null', number=null, constellation=Constellation{constellation='Serpens*', genitive='Serpentis'}, prettyName='Serpentis'}
26/09/11 15:33:21 WARN com.cse.exodex.datasets.StellarLibrary: probably not enough data lolwith BF id: BayerFlamsteed{flamsteedDesignation=null, bayerDesignation='null', number=null, constellation=Constellation{constellation='Serpens*', genitive='Serpentis'}, prettyName='Serpentis'}
26/09/11 15:33:21 WARN com.cse.exodex.datasets.StellarLibrary: probably not enough data lolwith BF id: BayerFlamsteed{flamsteedDesignation=null, bayerDesignation='null', number=null, constellation=Constellation{constellation='Serpens*', genitive='Serpentis'}, prettyName='Serpentis'}
26/09/11 15:33:21 WARN com.cse.exodex.datasets.StellarLibrary: probably not enough data lolwith BF id: BayerFlamsteed{flamsteedDesignation=null, bayerDesignation='null', number=null, constellation=Constellation{constellation='Serpens*', genitive='Serpentis'}, prettyName='Serpentis'}
26/09/11 15:33:21 WARN com.cse.exodex.datasets.StellarLibrary: probably not enough data lolwith BF id: BayerFlamsteed{flamsteedDesignation=null, bayerDesignation='null', number=null, constellation=Constellation{constellation='Serpens*', genitive='Serpentis'}, prettyName='Serpentis'}
26/09/11 15:33:21 WARN com.cse.exodex.datasets.StellarLibrary: probably not enough data lolwith BF id: BayerFlamsteed{flamsteedDesignation=null, bayerDesignation='null', number=null, constellation=Constellation{constellation='Serpens*', genitive='Serpentis'}, prettyName='Serpentis'}
26/09/11 15:33:21 WARN com.cse.exodex.datasets.StellarLibrary: probably not enough data lolwith BF id: BayerFlamsteed{flamsteedDesignation=null, bayerDesignation='null', number=null, constellation=Constellation{constellation='Virgo', genitive='Virginis'}, prettyName='Virginis'}
26/09/11 15:33:21 WARN com.cse.exodex.datasets.StellarLibrary: probably not enough data lolwith BF id: BayerFlamsteed{flamsteedDesignation=null, bayerDesignation='null', number=null, constellation=Constellation{constellation='Virgo', genitive='Virginis'}, prettyName='Virginis'}
26/09/11 15:33:21 WARN com.cse.exodex.datasets.StellarLibrary: probably not enough data lolwith BF id: BayerFlamsteed{flamsteedDesignation=null, bayerDesignation='null', number=null, constellation=Constellation{constellation='Virgo', genitive='Virginis'}, prettyName='Virginis'}
26/09/11 15:33:21 WARN com.cse.exodex.datasets.StellarLibrary: probably not enough data lolwith BF id: BayerFlamsteed{flamsteedDesignation=null, bayerDesignation='null', number=null, constellation=Constellation{constellation='Virgo', genitive='Virginis'}, prettyName='Virginis'}
26/09/11 15:33:21 WARN com.cse.exodex.datasets.StellarLibrary: probably not enough data lolwith BF id: BayerFlamsteed{flamsteedDesignation=null, bayerDesignation='null', number=null, constellation=Constellation{constellation='Telescopium', genitive='Telescopii'}, prettyName='Telescopii'}
26/09/11 15:33:21 WARN com.cse.exodex.datasets.StellarLibrary: probably not enough data lolwith BF id: BayerFlamsteed{flamsteedDesignation=null, bayerDesignation='null', number=null, constellation=Constellation{constellation='Centaurus', genitive='Centauri'}, prettyName='Centauri'}
26/09/11 15:33:21 WARN com.cse.exodex.datasets.StellarLibrary: probably not enough data lolwith BF id: BayerFlamsteed{flamsteedDesignation=null, bayerDesignation='null', number=null, constellation=Constellation{constellation='Centaurus', genitive='Centauri'}, prettyName='Centauri'}
26/09/11 15:33:21 WARN com.cse.exodex.datasets.StellarLibrary: probably not enough data lolwith BF id: BayerFlamsteed{flamsteedDesignation=null, bayerDesignation='null', number=null, constellation=Constellation{constellation='Centaurus', genitive='Centauri'}, prettyName='Centauri'}
26/09/11 15:33:21 WARN com.cse.exodex.datasets.StellarLibrary: probably not enough data lolwith BF id: BayerFlamsteed{flamsteedDesignation=null, bayerDesignation='null', number=null, constellation=Constellation{constellation='Centaurus', genitive='Centauri'}, prettyName='Centauri'}
26/09/11 15:33:21 WARN com.cse.exodex.datasets.StellarLibrary: probably not enough data lolwith BF id: BayerFlamsteed{flamsteedDesignation=null, bayerDesignation='null', number=null, constellation=Constellation{constellation='Centaurus', genitive='Centauri'}, prettyName='Centauri'}
26/09/11 15:33:21 WARN com.cse.exodex.datasets.StellarLibrary: probably not enough data lolwith BF id: BayerFlamsteed{flamsteedDesignation=null, bayerDesignation='null', number=null, constellation=Constellation{constellation='Centaurus', genitive='Centauri'}, prettyName='Centauri'}
26/09/11 15:33:21 WARN com.cse.exodex.datasets.StellarLibrary: probably not enough data lolwith BF id: BayerFlamsteed{flamsteedDesignation=null, bayerDesignation='null', number=null, constellation=Constellation{constellation='Centaurus', genitive='Centauri'}, prettyName='Centauri'}
26/09/11 15:33:21 WARN com.cse.exodex.datasets.StellarLibrary: probably not enough data lolwith BF id: BayerFlamsteed{flamsteedDesignation=null, bayerDesignation='null', number=42, constellation=null, prettyName='42'}
26/09/11 15:33:21 WARN com.cse.exodex.datasets.StellarLibrary: probably not enough data lolwith BF id: BayerFlamsteed{flamsteedDesignation=null, bayerDesignation='null', number=42, constellation=null, prettyName='42'}
26/09/11 15:33:21 WARN com.cse.exodex.datasets.StellarLibrary: probably not enough data lolwith BF id: BayerFlamsteed{flamsteedDesignation=null, bayerDesignation='null', number=42, constellation=null, prettyName='42'}
26/09/11 15:33:21 WARN com.cse.exodex.datasets.StellarLibrary: probably not enough data lolwith BF id: BayerFlamsteed{flamsteedDesignation=null, bayerDesignation='null', number=null, constellation=Constellation{constellation='Caelum', genitive='Caeli'}, prettyName='Caeli'}
26/09/11 15:33:21 WARN com.cse.exodex.datasets.StellarLibrary: probably not enough data lolwith BF id: BayerFlamsteed{flamsteedDesignation=null, bayerDesignation='null', number=12, constellation=null, prettyName='12'}
26/09/11 15:33:21 WARN com.cse.exodex.datasets.StellarLibrary: probably not enough data lolwith BF id: BayerFlamsteed{flamsteedDesignation=null, bayerDesignation='null', number=172900988, constellation=null, prettyName='172900988'}
26/09/11 15:33:21 WARN com.cse.exodex.datasets.StellarLibrary: probably not enough data lolwith BF id: BayerFlamsteed{flamsteedDesignation=null, bayerDesignation='null', number=172900988, constellation=null, prettyName='172900988'}
26/09/11 15:33:21 WARN com.cse.exodex.datasets.StellarLibrary: probably not enough data lolwith BF id: BayerFlamsteed{flamsteedDesignation=null, bayerDesignation='null', number=172900988, constellation=null, prettyName='172900988'}
26/09/11 15:33:21 WARN com.cse.exodex.datasets.StellarLibrary: probably not enough data lolwith BF id: BayerFlamsteed{flamsteedDesignation=null, bayerDesignation='null', number=172900988, constellation=null, prettyName='172900988'}
26/09/11 15:33:21 WARN com.cse.exodex.datasets.StellarLibrary: probably not enough data lolwith BF id: BayerFlamsteed{flamsteedDesignation=null, bayerDesignation='null', number=172900988, constellation=null, prettyName='172900988'}
26/09/11 15:33:21 WARN com.cse.exodex.datasets.StellarLibrary: probably not enough data lolwith BF id: BayerFlamsteed{flamsteedDesignation=null, bayerDesignation='null', number=172900988, constellation=null, prettyName='172900988'}
26/09/11 15:33:21 WARN com.cse.exodex.datasets.StellarLibrary: probably not enough data lolwith BF id: BayerFlamsteed{flamsteedDesignation=null, bayerDesignation='null', number=172900988, constellation=null, prettyName='172900988'}
26/09/11 15:33:21 WARN com.cse.exodex.datasets.StellarLibrary: probably not enough data lolwith HD ID: 212729
26/09/11 15:33:21 WARN com.cse.exodex.datasets.StellarLibrary: probably not enough data lolwith HD ID: 212729
26/09/11 15:33:21 WARN com.cse.exodex.datasets.StellarLibrary: probably not enough data lolwith HD ID: 212729
26/09/11 15:33:21 WARN com.cse.exodex.datasets.StellarLibrary: probably not enough data lolwith HD ID: 271181
26/09/11 15:33:21 WARN com.cse.exodex.datasets.StellarLibrary: probably not enough data lolwith HD ID: 271181
26/09/11 15:33:21 WARN com.cse.exodex.datasets.StellarLibrary: probably not enough data lolwith HD ID: 271181
26/09/11 15:33:21 WARN com.cse.exodex.datasets.StellarLibrary: probably not enough data lolwith HD ID: 82139
26/09/11 15:33:21 WARN com.cse.exodex.datasets.StellarLibrary: probably not enough data lolwith HD ID: 82139
26/09/11 15:33:21 WARN com.cse.exodex.datasets.StellarLibrary: probably not enough data lolwith HD ID: 82139
26/09/11 15:33:21 WARN com.cse.exodex.datasets.StellarLibrary: probably not enough data lolwith HD ID: 148193
26/09/11 15:33:21 WARN com.cse.exodex.datasets.StellarLibrary: probably not enough data lolwith HD ID: 148193
26/09/11 15:33:21 WARN com.cse.exodex.datasets.StellarLibrary: probably not enough data lolwith HD ID: 148193
26/09/11 15:33:21 WARN com.cse.exodex.datasets.StellarLibrary: probably not enough data lolwith HD ID: 148193
26/09/11 15:33:21 WARN com.cse.exodex.datasets.StellarLibrary: probably not enough data lolwith HD ID: 148193
26/09/11 15:33:21 WARN com.cse.exodex.datasets.StellarLibrary: probably not enough data lolwith HD ID: 148193
26/09/11 15:33:21 WARN com.cse.exodex.datasets.StellarLibrary: probably not enough data lolwith HD ID: 34562
26/09/11 15:33:21 WARN com.cse.exodex.datasets.StellarLibrary: probably not enough data lolwith HD ID: 34562
26/09/11 15:33:21 WARN com.cse.exodex.datasets.StellarLibrary: probably not enough data lolwith HD ID: 34562
26/09/11 15:33:21 WARN com.cse.exodex.datasets.StellarLibrary: probably not enough data lolwith HD ID: 119355
26/09/11 15:33:21 WARN com.cse.exodex.datasets.StellarLibrary: probably not enough data lolwith HD ID: 119355
26/09/11 15:33:21 WARN com.cse.exodex.datasets.StellarLibrary: probably not enough data lolwith HD ID: 290498
26/09/11 15:33:21 WARN com.cse.exodex.datasets.StellarLibrary: probably not enough data lolwith HD ID: 290498
26/09/11 15:33:21 WARN com.cse.exodex.datasets.StellarLibrary: probably not enough data lolwith HD ID: 290498
26/09/11 15:33:21 WARN com.cse.exodex.datasets.StellarLibrary: probably not enough data lolwith HD ID: 290498
26/09/11 15:33:21 WARN com.cse.exodex.datasets.StellarLibrary: probably not enough data lolwith HD ID: 288842
26/09/11 15:33:21 WARN com.cse.exodex.datasets.StellarLibrary: probably not enough data lolwith HD ID: 288842
26/09/11 15:33:21 WARN com.cse.exodex.datasets.StellarLibrary: probably not enough data lolwith HD ID: 115447
26/09/11 15:33:21 WARN com.cse.exodex.datasets.StellarLibrary: probably not enough data lolwith HD ID: 115447
26/09/11 15:33:21 WARN com.cse.exodex.datasets.StellarLibrary: probably not enough data lolwith HD ID: 307842
26/09/11 15:33:21 WARN com.cse.exodex.datasets.StellarLibrary: probably not enough data lolwith HD ID: 307842
26/09/11 15:33:21 WARN com.cse.exodex.datasets.StellarLibrary: probably not enough data lolwith HD ID: 307842
26/09/11 15:33:21 WARN com.cse.exodex.datasets.StellarLibrary: probably not enough data lolwith HD ID: 307842
26/09/11 15:33:21 WARN com.cse.exodex.datasets.StellarLibrary: probably not enough data lolwith BF id: BayerFlamsteed{flamsteedDesignation=null, bayerDesignation='null', number=1556, constellation=null, prettyName='1556'}
26/09/11 15:33:21 WARN com.cse.exodex.datasets.StellarLibrary: probably not enough data lolwith BF id: BayerFlamsteed{flamsteedDesignation=null, bayerDesignation='null', number=1621, constellation=null, prettyName='1621'}
26/09/11 15:33:21 WARN com.cse.exodex.datasets.StellarLibrary: probably not enough data lolwith BF id: BayerFlamsteed{flamsteedDesignation=null, bayerDesignation='null', number=null, constellation=Constellation{constellation='Fornax', genitive='Fornacis'}, prettyName='Fornacis'}
26/09/11 15:33:21 WARN com.cse.exodex.datasets.StellarLibrary: probably not enough data lolwith BF id: BayerFlamsteed{flamsteedDesignation=null, bayerDesignation='null', number=null, constellation=Constellation{constellation='Fornax', genitive='Fornacis'}, prettyName='Fornacis'}
26/09/11 15:33:21 WARN com.cse.exodex.datasets.StellarLibrary: probably not enough data lolwith BF id: BayerFlamsteed{flamsteedDesignation=null, bayerDesignation='null', number=391, constellation=Constellation{constellation='Pegasus', genitive='Pegasi'}, prettyName='391 Pegasi'}
26/09/11 15:33:21 WARN com.cse.exodex.datasets.StellarLibrary: probably not enough data lolwith BF id: BayerFlamsteed{flamsteedDesignation=null, bayerDesignation='null', number=1298, constellation=Constellation{constellation='Taurus', genitive='Tauri'}, prettyName='1298 Tauri'}
26/09/11 15:33:21 WARN com.cse.exodex.datasets.StellarLibrary: probably not enough data lolwith BF id: BayerFlamsteed{flamsteedDesignation=null, bayerDesignation='null', number=1298, constellation=Constellation{constellation='Taurus', genitive='Tauri'}, prettyName='1298 Tauri'}
26/09/11 15:33:21 WARN com.cse.exodex.datasets.StellarLibrary: probably not enough data lolwith BF id: BayerFlamsteed{flamsteedDesignation=null, bayerDesignation='null', number=1298, constellation=Constellation{constellation='Taurus', genitive='Tauri'}, prettyName='1298 Tauri'}
26/09/11 15:33:21 WARN com.cse.exodex.datasets.StellarLibrary: probably not enough data lolwith BF id: BayerFlamsteed{flamsteedDesignation=null, bayerDesignation='null', number=1298, constellation=Constellation{constellation='Taurus', genitive='Tauri'}, prettyName='1298 Tauri'}
26/09/11 15:33:21 WARN com.cse.exodex.datasets.StellarLibrary: probably not enough data lolwith BF id: BayerFlamsteed{flamsteedDesignation=null, bayerDesignation='null', number=1298, constellation=Constellation{constellation='Taurus', genitive='Tauri'}, prettyName='1298 Tauri'}
26/09/11 15:33:21 WARN com.cse.exodex.datasets.StellarLibrary: probably not enough data lolwith BF id: BayerFlamsteed{flamsteedDesignation=null, bayerDesignation='null', number=1298, constellation=Constellation{constellation='Taurus', genitive='Tauri'}, prettyName='1298 Tauri'}
26/09/11 15:33:21 WARN com.cse.exodex.datasets.StellarLibrary: probably not enough data lolwith BF id: BayerFlamsteed{flamsteedDesignation=null, bayerDesignation='null', number=1298, constellation=Constellation{constellation='Taurus', genitive='Tauri'}, prettyName='1298 Tauri'}
26/09/11 15:33:21 WARN com.cse.exodex.datasets.StellarLibrary: probably not enough data lolwith BF id: BayerFlamsteed{flamsteedDesignation=null, bayerDesignation='null', number=1298, constellation=Constellation{constellation='Taurus', genitive='Tauri'}, prettyName='1298 Tauri'}
26/09/11 15:33:21 WARN com.cse.exodex.datasets.StellarLibrary: probably not enough data lolwith BF id: BayerFlamsteed{flamsteedDesignation=null, bayerDesignation='null', number=1298, constellation=Constellation{constellation='Taurus', genitive='Tauri'}, prettyName='1298 Tauri'}
26/09/11 15:33:21 WARN com.cse.exodex.datasets.StellarLibrary: probably not enough data lolwith BF id: BayerFlamsteed{flamsteedDesignation=null, bayerDesignation='null', number=1298, constellation=Constellation{constellation='Taurus', genitive='Tauri'}, prettyName='1298 Tauri'}
26/09/11 15:33:21 WARN com.cse.exodex.datasets.StellarLibrary: probably not enough data lolwith BF id: BayerFlamsteed{flamsteedDesignation=null, bayerDesignation='null', number=1298, constellation=Constellation{constellation='Taurus', genitive='Tauri'}, prettyName='1298 Tauri'}
26/09/11 15:33:21 WARN com.cse.exodex.datasets.StellarLibrary: probably not enough data lolwith BF id: BayerFlamsteed{flamsteedDesignation=null, bayerDesignation='null', number=1298, constellation=Constellation{constellation='Taurus', genitive='Tauri'}, prettyName='1298 Tauri'}
26/09/11 15:33:21 WARN com.cse.exodex.datasets.StellarLibrary: probably not enough data lolwith BF id: BayerFlamsteed{flamsteedDesignation=null, bayerDesignation='null', number=1298, constellation=Constellation{constellation='Taurus', genitive='Tauri'}, prettyName='1298 Tauri'}
26/09/11 15:33:21 WARN com.cse.exodex.datasets.StellarLibrary: probably not enough data lolwith BF id: BayerFlamsteed{flamsteedDesignation=null, bayerDesignation='null', number=1298, constellation=Constellation{constellation='Taurus', genitive='Tauri'}, prettyName='1298 Tauri'}
26/09/11 15:33:21 WARN com.cse.exodex.datasets.StellarLibrary: probably not enough data lolwith BF id: BayerFlamsteed{flamsteedDesignation=null, bayerDesignation='null', number=1298, constellation=Constellation{constellation='Taurus', genitive='Tauri'}, prettyName='1298 Tauri'}
26/09/11 15:33:21 WARN com.cse.exodex.datasets.StellarLibrary: probably not enough data lolwith BF id: BayerFlamsteed{flamsteedDesignation=null, bayerDesignation='null', number=1298, constellation=Constellation{constellation='Taurus', genitive='Tauri'}, prettyName='1298 Tauri'}
26/09/11 15:33:21 WARN com.cse.exodex.datasets.StellarLibrary: probably not enough data lolwith BF id: BayerFlamsteed{flamsteedDesignation=null, bayerDesignation='null', number=1298, constellation=Constellation{constellation='Taurus', genitive='Tauri'}, prettyName='1298 Tauri'}
26/09/11 15:33:21 WARN com.cse.exodex.datasets.StellarLibrary: probably not enough data lolwith BF id: BayerFlamsteed{flamsteedDesignation=null, bayerDesignation='null', number=1298, constellation=Constellation{constellation='Taurus', genitive='Tauri'}, prettyName='1298 Tauri'}
26/09/11 15:33:21 WARN com.cse.exodex.datasets.StellarLibrary: probably not enough data lolwith BF id: BayerFlamsteed{flamsteedDesignation=null, bayerDesignation='null', number=1298, constellation=Constellation{constellation='Taurus', genitive='Tauri'}, prettyName='1298 Tauri'}
26/09/11 15:33:21 WARN com.cse.exodex.datasets.StellarLibrary: probably not enough data lolwith BF id: BayerFlamsteed{flamsteedDesignation=null, bayerDesignation='null', number=1298, constellation=Constellation{constellation='Taurus', genitive='Tauri'}, prettyName='1298 Tauri'}
26/09/11 15:33:21 WARN com.cse.exodex.datasets.StellarLibrary: probably not enough data lolwith BF id: BayerFlamsteed{flamsteedDesignation=null, bayerDesignation='null', number=2376, constellation=Constellation{constellation='Orion', genitive='Orionis'}, prettyName='2376 Orionis'}
26/09/11 15:33:21 WARN com.cse.exodex.datasets.StellarLibrary: probably not enough data lolwith BF id: BayerFlamsteed{flamsteedDesignation=null, bayerDesignation='null', number=830, constellation=Constellation{constellation='Taurus', genitive='Tauri'}, prettyName='830 Tauri'}
26/09/11 15:33:21 WARN com.cse.exodex.datasets.StellarLibrary: probably not enough data lolwith BF id: BayerFlamsteed{flamsteedDesignation=null, bayerDesignation='null', number=830, constellation=Constellation{constellation='Taurus', genitive='Tauri'}, prettyName='830 Tauri'}
26/09/11 15:33:21 WARN com.cse.exodex.datasets.StellarLibrary: probably not enough data lolwith HD ID: 134004
26/09/11 15:33:21 WARN com.cse.exodex.datasets.StellarLibrary: probably not enough data lolwith HD ID: 134004
26/09/11 15:33:21 WARN com.cse.exodex.datasets.StellarLibrary: probably not enough data lolwith HD ID: 134004
26/09/11 15:33:21 WARN com.cse.exodex.datasets.StellarLibrary: probably not enough data lolwith HD ID: 134004
26/09/11 15:33:21 WARN com.cse.exodex.datasets.StellarLibrary: probably not enough data lolwith HD ID: 146389
26/09/11 15:33:21 WARN com.cse.exodex.datasets.StellarLibrary: probably not enough data lolwith HD ID: 146389
26/09/11 15:33:21 WARN com.cse.exodex.datasets.StellarLibrary: probably not enough data lolwith HD ID: 146389
26/09/11 15:33:21 WARN com.cse.exodex.datasets.StellarLibrary: probably not enough data lolwith HD ID: 146389
26/09/11 15:33:21 WARN com.cse.exodex.datasets.StellarLibrary: probably not enough data lolwith HD ID: 146389
26/09/11 15:33:21 WARN com.cse.exodex.datasets.StellarLibrary: probably not enough data lolwith HD ID: 146389
26/09/11 15:33:21 WARN com.cse.exodex.datasets.StellarLibrary: probably not enough data lolwith HD ID: 146389
26/09/11 15:33:21 WARN com.cse.exodex.datasets.StellarLibrary: probably not enough data lolwith HD ID: 146389
26/09/11 15:33:21 WARN com.cse.exodex.datasets.StellarLibrary: probably not enough data lolwith HD ID: 146389
26/09/11 15:33:21 WARN com.cse.exodex.datasets.StellarLibrary: probably not enough data lolwith HD ID: 193334
26/09/11 15:33:21 WARN com.cse.exodex.datasets.StellarLibrary: probably not enough data lolwith HD ID: 193334
26/09/11 15:33:21 WARN com.cse.exodex.datasets.StellarLibrary: probably not enough data lolwith HD ID: 193334
26/09/11 15:33:21 WARN com.cse.exodex.datasets.StellarLibrary: probably not enough data lolwith HD ID: 193334
26/09/11 15:33:21 WARN com.cse.exodex.datasets.StellarLibrary: probably not enough data lolwith HD ID: 193334
26/09/11 15:33:21 WARN com.cse.exodex.datasets.StellarLibrary: probably not enough data lolwith HD ID: 197286
26/09/11 15:33:21 WARN com.cse.exodex.datasets.StellarLibrary: probably not enough data lolwith HD ID: 197286
26/09/11 15:33:21 WARN com.cse.exodex.datasets.StellarLibrary: probably not enough data lolwith HD ID: 197286
26/09/11 15:33:21 WARN com.cse.exodex.datasets.StellarLibrary: probably not enough data lolwith HD ID: 197286
26/09/11 15:33:21 WARN com.cse.exodex.datasets.StellarLibrary: probably not enough data lolwith HD ID: 197286
26/09/11 15:33:21 WARN com.cse.exodex.datasets.StellarLibrary: probably not enough data lolwith HD ID: 197286
26/09/11 15:33:21 WARN com.cse.exodex.datasets.StellarLibrary: probably not enough data lolwith HD ID: 197286
26/09/11 15:33:21 WARN com.cse.exodex.datasets.StellarLibrary: probably not enough data lolwith HD ID: 197286
26/09/11 15:33:21 WARN com.cse.exodex.datasets.StellarLibrary: probably not enough data lolwith HD ID: 197286
26/09/11 15:33:21 WARN com.cse.exodex.datasets.StellarLibrary: probably not enough data lolwith HD ID: 197286
26/09/11 15:33:21 WARN com.cse.exodex.datasets.StellarLibrary: probably not enough data lolwith HD ID: 197286
26/09/11 15:33:21 WARN com.cse.exodex.datasets.StellarLibrary: probably not enough data lolwith HD ID: 197286
26/09/11 15:33:21 WARN com.cse.exodex.datasets.StellarLibrary: probably not enough data lolwith HD ID: 197286
26/09/11 15:33:21 WARN com.cse.exodex.datasets.StellarLibrary: probably not enough data lolwith HD ID: 358155
26/09/11 15:33:21 WARN com.cse.exodex.datasets.StellarLibrary: probably not enough data lolwith HD ID: 358155
26/09/11 15:33:21 WARN com.cse.exodex.datasets.StellarLibrary: probably not enough data lolwith HD ID: 358155
26/09/11 15:33:21 WARN com.cse.exodex.datasets.StellarLibrary: probably not enough data lolwith HD ID: 358155
26/09/11 15:33:21 WARN com.cse.exodex.datasets.StellarLibrary: probably not enough data lolwith HD ID: 358155
26/09/11 15:33:21 WARN com.cse.exodex.datasets.StellarLibrary: probably not enough data lolwith HD ID: 202678
26/09/11 15:33:21 WARN com.cse.exodex.datasets.StellarLibrary: probably not enough data lolwith HD ID: 202678
26/09/11 15:33:21 WARN com.cse.exodex.datasets.StellarLibrary: probably not enough data lolwith HD ID: 202678
26/09/11 15:33:21 WARN com.cse.exodex.datasets.StellarLibrary: probably not enough data lolwith HD ID: 202678
26/09/11 15:33:21 WARN com.cse.exodex.datasets.StellarLibrary: probably not enough data lolwith HD ID: 202678
26/09/11 15:33:21 WARN com.cse.exodex.datasets.StellarLibrary: probably not enough data lolwith HD ID: 202678
26/09/11 15:33:21 WARN com.cse.exodex.datasets.StellarLibrary: probably not enough data lolwith HD ID: 202678
26/09/11 15:33:21 WARN com.cse.exodex.datasets.StellarLibrary: probably not enough data lolwith HD ID: 202678
26/09/11 15:33:21 WARN com.cse.exodex.datasets.StellarLibrary: probably not enough data lolwith BF id: BayerFlamsteed{flamsteedDesignation=null, bayerDesignation='null', number=null, constellation=Constellation{constellation='Cetus', genitive='Ceti'}, prettyName='Ceti'}
26/09/11 15:33:21 WARN com.cse.exodex.datasets.StellarLibrary: probably not enough data lolwith BF id: BayerFlamsteed{flamsteedDesignation=null, bayerDesignation='null', number=null, constellation=Constellation{constellation='Cetus', genitive='Ceti'}, prettyName='Ceti'}
26/09/11 15:33:21 WARN com.cse.exodex.datasets.StellarLibrary: probably not enough data lolwith BF id: BayerFlamsteed{flamsteedDesignation=null, bayerDesignation='null', number=null, constellation=Constellation{constellation='Cetus', genitive='Ceti'}, prettyName='Ceti'}
26/09/11 15:33:21 WARN com.cse.exodex.datasets.StellarLibrary: probably not enough data lolwith BF id: BayerFlamsteed{flamsteedDesignation=null, bayerDesignation='null', number=null, constellation=Constellation{constellation='Cetus', genitive='Ceti'}, prettyName='Ceti'}
26/09/11 15:33:21 WARN com.cse.exodex.datasets.StellarLibrary: probably not enough data lolwith BF id: BayerFlamsteed{flamsteedDesignation=null, bayerDesignation='null', number=null, constellation=Constellation{constellation='Cetus', genitive='Ceti'}, prettyName='Ceti'}
26/09/11 15:33:21 WARN com.cse.exodex.datasets.StellarLibrary: probably not enough data lolwith BF id: BayerFlamsteed{flamsteedDesignation=null, bayerDesignation='null', number=null, constellation=Constellation{constellation='Cetus', genitive='Ceti'}, prettyName='Ceti'}
26/09/11 15:33:21 WARN com.cse.exodex.datasets.StellarLibrary: probably not enough data lolwith BF id: BayerFlamsteed{flamsteedDesignation=null, bayerDesignation='null', number=null, constellation=Constellation{constellation='Cetus', genitive='Ceti'}, prettyName='Ceti'}
26/09/11 15:33:21 WARN com.cse.exodex.datasets.StellarLibrary: probably not enough data lolwith BF id: BayerFlamsteed{flamsteedDesignation=null, bayerDesignation='null', number=null, constellation=Constellation{constellation='Cetus', genitive='Ceti'}, prettyName='Ceti'}
26/09/11 15:33:21 WARN com.cse.exodex.datasets.StellarLibrary: probably not enough data lolwith BF id: BayerFlamsteed{flamsteedDesignation=null, bayerDesignation='null', number=null, constellation=Constellation{constellation='Cetus', genitive='Ceti'}, prettyName='Ceti'}
26/09/11 15:33:21 WARN com.cse.exodex.datasets.StellarLibrary: probably not enough data lolwith BF id: BayerFlamsteed{flamsteedDesignation=null, bayerDesignation='null', number=null, constellation=Constellation{constellation='Aries', genitive='Arietis'}, prettyName='Arietis'}
26/09/11 15:33:21 WARN com.cse.exodex.datasets.StellarLibrary: probably not enough data lolwith BF id: BayerFlamsteed{flamsteedDesignation=null, bayerDesignation='null', number=null, constellation=Constellation{constellation='Taurus', genitive='Tauri'}, prettyName='Tauri'}
26/09/11 15:33:21 WARN com.cse.exodex.datasets.StellarLibrary: probably not enough data lolwith BF id: BayerFlamsteed{flamsteedDesignation=null, bayerDesignation='null', number=null, constellation=Constellation{constellation='Cancer', genitive='Cancri'}, prettyName='Cancri'}
26/09/11 15:33:21 WARN com.cse.exodex.datasets.StellarLibrary: probably not enough data lolwith BF id: BayerFlamsteed{flamsteedDesignation=null, bayerDesignation='null', number=null, constellation=Constellation{constellation='Pictor', genitive='Pictoris'}, prettyName='Pictoris'}
26/09/11 15:33:21 WARN com.cse.exodex.datasets.StellarLibrary: probably not enough data lolwith BF id: BayerFlamsteed{flamsteedDesignation=null, bayerDesignation='null', number=null, constellation=Constellation{constellation='Pictor', genitive='Pictoris'}, prettyName='Pictoris'}
26/09/11 15:33:21 WARN com.cse.exodex.datasets.StellarLibrary: probably not enough data lolwith BF id: BayerFlamsteed{flamsteedDesignation=null, bayerDesignation='null', number=null, constellation=Constellation{constellation='Pictor', genitive='Pictoris'}, prettyName='Pictoris'}
26/09/11 15:33:21 WARN com.cse.exodex.datasets.StellarLibrary: probably not enough data lolwith BF id: BayerFlamsteed{flamsteedDesignation=null, bayerDesignation='null', number=null, constellation=Constellation{constellation='Pictor', genitive='Pictoris'}, prettyName='Pictoris'}
26/09/11 15:33:21 WARN com.cse.exodex.datasets.StellarLibrary: probably not enough data lolwith BF id: BayerFlamsteed{flamsteedDesignation=null, bayerDesignation='null', number=null, constellation=Constellation{constellation='Pictor', genitive='Pictoris'}, prettyName='Pictoris'}
26/09/11 15:33:21 WARN com.cse.exodex.datasets.StellarLibrary: probably not enough data lolwith BF id: BayerFlamsteed{flamsteedDesignation=null, bayerDesignation='null', number=null, constellation=Constellation{constellation='Pictor', genitive='Pictoris'}, prettyName='Pictoris'}
26/09/11 15:33:21 WARN com.cse.exodex.datasets.StellarLibrary: probably not enough data lolwith BF id: BayerFlamsteed{flamsteedDesignation=null, bayerDesignation='null', number=null, constellation=Constellation{constellation='Pictor', genitive='Pictoris'}, prettyName='Pictoris'}
26/09/11 15:33:21 WARN com.cse.exodex.datasets.StellarLibrary: probably not enough data lolwith BF id: BayerFlamsteed{flamsteedDesignation=null, bayerDesignation='null', number=null, constellation=Constellation{constellation='Pictor', genitive='Pictoris'}, prettyName='Pictoris'}
26/09/11 15:33:21 WARN com.cse.exodex.datasets.StellarLibrary: probably not enough data lolwith BF id: BayerFlamsteed{flamsteedDesignation=null, bayerDesignation='null', number=null, constellation=Constellation{constellation='Pictor', genitive='Pictoris'}, prettyName='Pictoris'}
26/09/11 15:33:21 WARN com.cse.exodex.datasets.StellarLibrary: probably not enough data lolwith BF id: BayerFlamsteed{flamsteedDesignation=null, bayerDesignation='null', number=null, constellation=Constellation{constellation='Pictor', genitive='Pictoris'}, prettyName='Pictoris'}
26/09/11 15:33:21 WARN com.cse.exodex.datasets.StellarLibrary: probably not enough data lolwith BF id: BayerFlamsteed{flamsteedDesignation=null, bayerDesignation='null', number=null, constellation=Constellation{constellation='Pictor', genitive='Pictoris'}, prettyName='Pictoris'}
26/09/11 15:33:21 WARN com.cse.exodex.datasets.StellarLibrary: probably not enough data lolwith BF id: BayerFlamsteed{flamsteedDesignation=null, bayerDesignation='null', number=null, constellation=Constellation{constellation='Pictor', genitive='Pictoris'}, prettyName='Pictoris'}
26/09/11 15:33:21 WARN com.cse.exodex.datasets.StellarLibrary: probably not enough data lolwith BF id: BayerFlamsteed{flamsteedDesignation=null, bayerDesignation='null', number=null, constellation=Constellation{constellation='Pictor', genitive='Pictoris'}, prettyName='Pictoris'}
26/09/11 15:33:21 WARN com.cse.exodex.datasets.StellarLibrary: probably not enough data lolwith BF id: BayerFlamsteed{flamsteedDesignation=null, bayerDesignation='null', number=null, constellation=Constellation{constellation='Pictor', genitive='Pictoris'}, prettyName='Pictoris'}
26/09/11 15:33:21 WARN com.cse.exodex.datasets.StellarLibrary: probably not enough data lolwith BF id: BayerFlamsteed{flamsteedDesignation=null, bayerDesignation='null', number=null, constellation=Constellation{constellation='Pictor', genitive='Pictoris'}, prettyName='Pictoris'}
26/09/11 15:33:21 WARN com.cse.exodex.datasets.StellarLibrary: probably not enough data lolwith BF id: BayerFlamsteed{flamsteedDesignation=null, bayerDesignation='null', number=null, constellation=Constellation{constellation='Pictor', genitive='Pictoris'}, prettyName='Pictoris'}
26/09/11 15:33:21 WARN com.cse.exodex.datasets.StellarLibrary: probably not enough data lolwith BF id: BayerFlamsteed{flamsteedDesignation=null, bayerDesignation='null', number=null, constellation=Constellation{constellation='Pictor', genitive='Pictoris'}, prettyName='Pictoris'}
26/09/11 15:33:21 WARN com.cse.exodex.datasets.StellarLibrary: probably not enough data lolwith BF id: BayerFlamsteed{flamsteedDesignation=null, bayerDesignation='null', number=null, constellation=Constellation{constellation='Ursa Minor', genitive='Ursae Minoris'}, prettyName='Ursae Minoris'}
26/09/11 15:33:21 WARN com.cse.exodex.datasets.StellarLibrary: probably not enough data lolwith BF id: BayerFlamsteed{flamsteedDesignation=null, bayerDesignation='null', number=null, constellation=Constellation{constellation='Corona Borealis', genitive='Coronae Borealis'}, prettyName='Coronae Borealis'}
26/09/11 15:33:21 WARN com.cse.exodex.datasets.StellarLibrary: probably not enough data lolwith BF id: BayerFlamsteed{flamsteedDesignation=null, bayerDesignation='null', number=null, constellation=Constellation{constellation='Eridanus', genitive='Eridani'}, prettyName='Eridani'}
26/09/11 15:33:21 WARN com.cse.exodex.datasets.StellarLibrary: probably not enough data lolwith BF id: BayerFlamsteed{flamsteedDesignation=null, bayerDesignation='null', number=null, constellation=Constellation{constellation='Eridanus', genitive='Eridani'}, prettyName='Eridani'}
26/09/11 15:33:21 WARN com.cse.exodex.datasets.StellarLibrary: probably not enough data lolwith BF id: BayerFlamsteed{flamsteedDesignation=null, bayerDesignation='null', number=null, constellation=Constellation{constellation='Eridanus', genitive='Eridani'}, prettyName='Eridani'}
26/09/11 15:33:21 WARN com.cse.exodex.datasets.StellarLibrary: probably not enough data lolwith BF id: BayerFlamsteed{flamsteedDesignation=null, bayerDesignation='null', number=null, constellation=Constellation{constellation='Eridanus', genitive='Eridani'}, prettyName='Eridani'}
26/09/11 15:33:21 WARN com.cse.exodex.datasets.StellarLibrary: probably not enough data lolwith BF id: BayerFlamsteed{flamsteedDesignation=null, bayerDesignation='null', number=null, constellation=Constellation{constellation='Eridanus', genitive='Eridani'}, prettyName='Eridani'}
26/09/11 15:33:21 WARN com.cse.exodex.datasets.StellarLibrary: probably not enough data lolwith BF id: BayerFlamsteed{flamsteedDesignation=null, bayerDesignation='null', number=null, constellation=Constellation{constellation='Eridanus', genitive='Eridani'}, prettyName='Eridani'}
26/09/11 15:33:21 WARN com.cse.exodex.datasets.StellarLibrary: probably not enough data lolwith BF id: BayerFlamsteed{flamsteedDesignation=null, bayerDesignation='null', number=null, constellation=Constellation{constellation='Eridanus', genitive='Eridani'}, prettyName='Eridani'}
26/09/11 15:33:21 WARN com.cse.exodex.datasets.StellarLibrary: probably not enough data lolwith BF id: BayerFlamsteed{flamsteedDesignation=null, bayerDesignation='null', number=null, constellation=Constellation{constellation='Taurus', genitive='Tauri'}, prettyName='Tauri'}
26/09/11 15:33:21 WARN com.cse.exodex.datasets.StellarLibrary: probably not enough data lolwith BF id: BayerFlamsteed{flamsteedDesignation=null, bayerDesignation='null', number=null, constellation=Constellation{constellation='Taurus', genitive='Tauri'}, prettyName='Tauri'}
26/09/11 15:33:21 WARN com.cse.exodex.datasets.StellarLibrary: probably not enough data lolwith BF id: BayerFlamsteed{flamsteedDesignation=null, bayerDesignation='null', number=null, constellation=Constellation{constellation='Taurus', genitive='Tauri'}, prettyName='Tauri'}
26/09/11 15:33:21 WARN com.cse.exodex.datasets.StellarLibrary: probably not enough data lolwith BF id: BayerFlamsteed{flamsteedDesignation=null, bayerDesignation='null', number=null, constellation=Constellation{constellation='Taurus', genitive='Tauri'}, prettyName='Tauri'}
26/09/11 15:33:21 WARN com.cse.exodex.datasets.StellarLibrary: probably not enough data lolwith BF id: BayerFlamsteed{flamsteedDesignation=null, bayerDesignation='null', number=null, constellation=Constellation{constellation='Cepheus', genitive='Cephei'}, prettyName='Cephei'}
26/09/11 15:33:21 WARN com.cse.exodex.datasets.StellarLibrary: probably not enough data lolwith BF id: BayerFlamsteed{flamsteedDesignation=null, bayerDesignation='null', number=null, constellation=Constellation{constellation='Cepheus', genitive='Cephei'}, prettyName='Cephei'}
26/09/11 15:33:21 WARN com.cse.exodex.datasets.StellarLibrary: probably not enough data lolwith BF id: BayerFlamsteed{flamsteedDesignation=null, bayerDesignation='null', number=null, constellation=Constellation{constellation='Cepheus', genitive='Cephei'}, prettyName='Cephei'}
26/09/11 15:33:21 WARN com.cse.exodex.datasets.StellarLibrary: probably not enough data lolwith BF id: BayerFlamsteed{flamsteedDesignation=null, bayerDesignation='null', number=null, constellation=Constellation{constellation='Cepheus', genitive='Cephei'}, prettyName='Cephei'}
26/09/11 15:33:21 WARN com.cse.exodex.datasets.StellarLibrary: probably not enough data lolwith BF id: BayerFlamsteed{flamsteedDesignation=null, bayerDesignation='null', number=null, constellation=Constellation{constellation='Cepheus', genitive='Cephei'}, prettyName='Cephei'}
26/09/11 15:33:21 WARN com.cse.exodex.datasets.StellarLibrary: probably not enough data lolwith BF id: BayerFlamsteed{flamsteedDesignation=null, bayerDesignation='null', number=null, constellation=Constellation{constellation='Libra', genitive='Librae'}, prettyName='Librae'}
26/09/11 15:33:21 WARN com.cse.exodex.datasets.StellarLibrary: probably not enough data lolwith BF id: BayerFlamsteed{flamsteedDesignation=null, bayerDesignation='null', number=null, constellation=Constellation{constellation='Libra', genitive='Librae'}, prettyName='Librae'}
26/09/11 15:33:21 WARN com.cse.exodex.datasets.StellarLibrary: probably not enough data lolwith BF id: BayerFlamsteed{flamsteedDesignation=null, bayerDesignation='null', number=null, constellation=Constellation{constellation='Libra', genitive='Librae'}, prettyName='Librae'}
26/09/11 15:33:21 WARN com.cse.exodex.datasets.StellarLibrary: probably not enough data lolwith BF id: BayerFlamsteed{flamsteedDesignation=null, bayerDesignation='null', number=null, constellation=Constellation{constellation='Libra', genitive='Librae'}, prettyName='Librae'}
26/09/11 15:33:21 WARN com.cse.exodex.datasets.StellarLibrary: probably not enough data lolwith BF id: BayerFlamsteed{flamsteedDesignation=null, bayerDesignation='null', number=null, constellation=Constellation{constellation='Pices', genitive='Piscium'}, prettyName='Piscium'}
26/09/11 15:33:21 WARN com.cse.exodex.datasets.StellarLibrary: probably not enough data lolwith BF id: BayerFlamsteed{flamsteedDesignation=null, bayerDesignation='null', number=1, constellation=Constellation{constellation='Leo', genitive='Leonis'}, prettyName='1 Leonis'}
26/09/11 15:33:21 WARN com.cse.exodex.datasets.StellarLibrary: probably not enough data lolwith BF id: BayerFlamsteed{flamsteedDesignation=null, bayerDesignation='null', number=50583, constellation=null, prettyName='50583'}
26/09/11 15:33:21 WARN com.cse.exodex.datasets.StellarLibrary: probably not enough data lolwith BF id: BayerFlamsteed{flamsteedDesignation=null, bayerDesignation='null', number=null, constellation=Constellation{constellation='Draco', genitive='Draconis'}, prettyName='Draconis'}
26/09/11 15:33:21 WARN com.cse.exodex.datasets.StellarLibrary: probably not enough data lolwith BF id: BayerFlamsteed{flamsteedDesignation=null, bayerDesignation='null', number=null, constellation=Constellation{constellation='Draco', genitive='Draconis'}, prettyName='Draconis'}
26/09/11 15:33:21 WARN com.cse.exodex.datasets.StellarLibrary: probably not enough data lolwith BF id: BayerFlamsteed{flamsteedDesignation=null, bayerDesignation='null', number=null, constellation=Constellation{constellation='Draco', genitive='Draconis'}, prettyName='Draconis'}
26/09/11 15:33:21 WARN com.cse.exodex.datasets.StellarLibrary: probably not enough data lolwith BF id: BayerFlamsteed{flamsteedDesignation=null, bayerDesignation='null', number=null, constellation=Constellation{constellation='Draco', genitive='Draconis'}, prettyName='Draconis'}
26/09/11 15:33:21 WARN com.cse.exodex.datasets.StellarLibrary: probably not enough data lolwith BF id: BayerFlamsteed{flamsteedDesignation=null, bayerDesignation='null', number=null, constellation=Constellation{constellation='Draco', genitive='Draconis'}, prettyName='Draconis'}
26/09/11 15:33:21 WARN com.cse.exodex.datasets.StellarLibrary: probably not enough data lolwith BF id: BayerFlamsteed{flamsteedDesignation=null, bayerDesignation='null', number=null, constellation=Constellation{constellation='Andromeda', genitive='Andromedae'}, prettyName='Andromedae'}
26/09/11 15:33:21 WARN com.cse.exodex.datasets.StellarLibrary: probably not enough data lolwith BF id: BayerFlamsteed{flamsteedDesignation=null, bayerDesignation='null', number=null, constellation=Constellation{constellation='Andromeda', genitive='Andromedae'}, prettyName='Andromedae'}
26/09/11 15:33:21 WARN com.cse.exodex.datasets.StellarLibrary: probably not enough data lolwith BF id: BayerFlamsteed{flamsteedDesignation=null, bayerDesignation='null', number=null, constellation=Constellation{constellation='Andromeda', genitive='Andromedae'}, prettyName='Andromedae'}
26/09/11 15:33:21 WARN com.cse.exodex.datasets.StellarLibrary: probably not enough data lolwith BF id: BayerFlamsteed{flamsteedDesignation=null, bayerDesignation='null', number=null, constellation=Constellation{constellation='Corona Borealis', genitive='Coronae Borealis'}, prettyName='Coronae Borealis'}
26/09/11 15:33:21 WARN com.cse.exodex.datasets.StellarLibrary: probably not enough data lolwith BF id: BayerFlamsteed{flamsteedDesignation=null, bayerDesignation='null', number=null, constellation=Constellation{constellation='Corona Borealis', genitive='Coronae Borealis'}, prettyName='Coronae Borealis'}
26/09/11 15:33:21 WARN com.cse.exodex.datasets.StellarLibrary: probably not enough data lolwith BF id: BayerFlamsteed{flamsteedDesignation=null, bayerDesignation='null', number=null, constellation=Constellation{constellation='Corona Borealis', genitive='Coronae Borealis'}, prettyName='Coronae Borealis'}
26/09/11 15:33:21 WARN com.cse.exodex.datasets.StellarLibrary: probably not enough data lolwith BF id: BayerFlamsteed{flamsteedDesignation=null, bayerDesignation='null', number=null, constellation=Constellation{constellation='Corona Borealis', genitive='Coronae Borealis'}, prettyName='Coronae Borealis'}
26/09/11 15:33:21 WARN com.cse.exodex.datasets.StellarLibrary: probably not enough data lolwith BF id: BayerFlamsteed{flamsteedDesignation=null, bayerDesignation='null', number=null, constellation=Constellation{constellation='Corona Borealis', genitive='Coronae Borealis'}, prettyName='Coronae Borealis'}
26/09/11 15:33:21 WARN com.cse.exodex.datasets.StellarLibrary: probably not enough data lolwith BF id: BayerFlamsteed{flamsteedDesignation=null, bayerDesignation='null', number=null, constellation=Constellation{constellation='Corona Borealis', genitive='Coronae Borealis'}, prettyName='Coronae Borealis'}
26/09/11 15:33:21 WARN com.cse.exodex.datasets.StellarLibrary: probably not enough data lolwith BF id: BayerFlamsteed{flamsteedDesignation=null, bayerDesignation='null', number=null, constellation=Constellation{constellation='Corona Borealis', genitive='Coronae Borealis'}, prettyName='Coronae Borealis'}
26/09/11 15:33:21 WARN com.cse.exodex.datasets.StellarLibrary: probably not enough data lolwith BF id: BayerFlamsteed{flamsteedDesignation=null, bayerDesignation='null', number=null, constellation=Constellation{constellation='Corona Borealis', genitive='Coronae Borealis'}, prettyName='Coronae Borealis'}
26/09/11 15:33:21 WARN com.cse.exodex.datasets.StellarLibrary: probably not enough data lolwith BF id: BayerFlamsteed{flamsteedDesignation=null, bayerDesignation='null', number=null, constellation=Constellation{constellation='Corona Borealis', genitive='Coronae Borealis'}, prettyName='Coronae Borealis'}
26/09/11 15:33:21 WARN com.cse.exodex.datasets.StellarLibrary: probably not enough data lolwith BF id: BayerFlamsteed{flamsteedDesignation=null, bayerDesignation='null', number=null, constellation=Constellation{constellation='Corona Borealis', genitive='Coronae Borealis'}, prettyName='Coronae Borealis'}
26/09/11 15:33:21 WARN com.cse.exodex.datasets.StellarLibrary: probably not enough data lolwith BF id: BayerFlamsteed{flamsteedDesignation=null, bayerDesignation='null', number=null, constellation=Constellation{constellation='Corona Borealis', genitive='Coronae Borealis'}, prettyName='Coronae Borealis'}
26/09/11 15:33:21 WARN com.cse.exodex.datasets.StellarLibrary: probably not enough data lolwith BF id: BayerFlamsteed{flamsteedDesignation=null, bayerDesignation='null', number=null, constellation=Constellation{constellation='Leo', genitive='Leonis'}, prettyName='Leonis'}
26/09/11 15:33:21 WARN com.cse.exodex.datasets.StellarLibrary: probably not enough data lolwith BF id: BayerFlamsteed{flamsteedDesignation=null, bayerDesignation='null', number=2, constellation=Constellation{constellation='Scorpius', genitive='Scorpii'}, prettyName='2 Scorpii'}
26/09/11 15:33:21 WARN com.cse.exodex.datasets.StellarLibrary: probably not enough data lolwith BF id: BayerFlamsteed{flamsteedDesignation=null, bayerDesignation='null', number=null, constellation=Constellation{constellation='Ophiuchus', genitive='Ophiuchi'}, prettyName='Ophiuchi'}
26/09/11 15:33:21 WARN com.cse.exodex.datasets.StellarLibrary: probably not enough data lolwith BF id: BayerFlamsteed{flamsteedDesignation=null, bayerDesignation='null', number=null, constellation=Constellation{constellation='Ophiuchus', genitive='Ophiuchi'}, prettyName='Ophiuchi'}
26/09/11 15:33:21 WARN com.cse.exodex.datasets.StellarLibrary: probably not enough data lolwith BF id: BayerFlamsteed{flamsteedDesignation=null, bayerDesignation='null', number=null, constellation=Constellation{constellation='Ophiuchus', genitive='Ophiuchi'}, prettyName='Ophiuchi'}
26/09/11 15:33:21 WARN com.cse.exodex.datasets.StellarLibrary: probably not enough data lolwith BF id: BayerFlamsteed{flamsteedDesignation=null, bayerDesignation='null', number=null, constellation=Constellation{constellation='Ophiuchus', genitive='Ophiuchi'}, prettyName='Ophiuchi'}
26/09/11 15:33:21 WARN com.cse.exodex.datasets.StellarLibrary: probably not enough data lolwith BF id: BayerFlamsteed{flamsteedDesignation=null, bayerDesignation='null', number=null, constellation=Constellation{constellation='Ophiuchus', genitive='Ophiuchi'}, prettyName='Ophiuchi'}
26/09/11 15:33:21 WARN com.cse.exodex.datasets.StellarLibrary: probably not enough data lolwith BF id: BayerFlamsteed{flamsteedDesignation=null, bayerDesignation='null', number=null, constellation=Constellation{constellation='Ophiuchus', genitive='Ophiuchi'}, prettyName='Ophiuchi'}
26/09/11 15:33:21 WARN com.cse.exodex.datasets.StellarLibrary: probably not enough data lolwith BF id: BayerFlamsteed{flamsteedDesignation=null, bayerDesignation='null', number=null, constellation=Constellation{constellation='Serpens*', genitive='Serpentis'}, prettyName='Serpentis'}
26/09/11 15:33:21 WARN com.cse.exodex.datasets.StellarLibrary: probably not enough data lolwith BF id: BayerFlamsteed{flamsteedDesignation=null, bayerDesignation='null', number=null, constellation=Constellation{constellation='Serpens*', genitive='Serpentis'}, prettyName='Serpentis'}
26/09/11 15:33:21 WARN com.cse.exodex.datasets.StellarLibrary: probably not enough data lolwith BF id: BayerFlamsteed{flamsteedDesignation=null, bayerDesignation='null', number=null, constellation=Constellation{constellation='Corona Borealis', genitive='Coronae Borealis'}, prettyName='Coronae Borealis'}
26/09/11 15:33:21 WARN com.cse.exodex.datasets.StellarLibrary: probably not enough data lolwith BF id: BayerFlamsteed{flamsteedDesignation=null, bayerDesignation='null', number=null, constellation=Constellation{constellation='Corona Borealis', genitive='Coronae Borealis'}, prettyName='Coronae Borealis'}
26/09/11 15:33:21 WARN com.cse.exodex.datasets.StellarLibrary: probably not enough data lolwith BF id: BayerFlamsteed{flamsteedDesignation=null, bayerDesignation='null', number=null, constellation=Constellation{constellation='Ursa Major', genitive='Ursae Majoris'}, prettyName='Ursae Majoris'}
26/09/11 15:33:21 WARN com.cse.exodex.datasets.StellarLibrary: probably not enough data lolwith BF id: BayerFlamsteed{flamsteedDesignation=null, bayerDesignation='null', number=null, constellation=Constellation{constellation='Ursa Major', genitive='Ursae Majoris'}, prettyName='Ursae Majoris'}
26/09/11 15:33:21 WARN com.cse.exodex.datasets.StellarLibrary: probably not enough data lolwith BF id: BayerFlamsteed{flamsteedDesignation=null, bayerDesignation='null', number=null, constellation=Constellation{constellation='Corona Borealis', genitive='Coronae Borealis'}, prettyName='Coronae Borealis'}
26/09/11 15:33:21 WARN com.cse.exodex.datasets.StellarLibrary: probably not enough data lolwith BF id: BayerFlamsteed{flamsteedDesignation=null, bayerDesignation='null', number=null, constellation=Constellation{constellation='Corona Borealis', genitive='Coronae Borealis'}, prettyName='Coronae Borealis'}
26/09/11 15:33:21 WARN com.cse.exodex.datasets.StellarLibrary: probably not enough data lolwith BF id: BayerFlamsteed{flamsteedDesignation=null, bayerDesignation='null', number=null, constellation=Constellation{constellation='Corona Borealis', genitive='Coronae Borealis'}, prettyName='Coronae Borealis'}
26/09/11 15:33:21 WARN com.cse.exodex.datasets.StellarLibrary: probably not enough data lolwith BF id: BayerFlamsteed{flamsteedDesignation=null, bayerDesignation='null', number=null, constellation=Constellation{constellation='Corona Borealis', genitive='Coronae Borealis'}, prettyName='Coronae Borealis'}
26/09/11 15:33:21 WARN com.cse.exodex.datasets.StellarLibrary: probably not enough data lolwith BF id: BayerFlamsteed{flamsteedDesignation=null, bayerDesignation='null', number=null, constellation=Constellation{constellation='Corona Borealis', genitive='Coronae Borealis'}, prettyName='Coronae Borealis'}
26/09/11 15:33:21 WARN com.cse.exodex.datasets.StellarLibrary: probably not enough data lolwith BF id: BayerFlamsteed{flamsteedDesignation=null, bayerDesignation='null', number=null, constellation=Constellation{constellation='Corona Borealis', genitive='Coronae Borealis'}, prettyName='Coronae Borealis'}
26/09/11 15:33:21 WARN com.cse.exodex.datasets.StellarLibrary: probably not enough data lolwith BF id: BayerFlamsteed{flamsteedDesignation=null, bayerDesignation='null', number=null, constellation=Constellation{constellation='Corona Borealis', genitive='Coronae Borealis'}, prettyName='Coronae Borealis'}
26/09/11 15:33:21 WARN com.cse.exodex.datasets.StellarLibrary: probably not enough data lolwith BF id: BayerFlamsteed{flamsteedDesignation=null, bayerDesignation='null', number=null, constellation=Constellation{constellation='Corona Borealis', genitive='Coronae Borealis'}, prettyName='Coronae Borealis'}
26/09/11 15:33:21 WARN com.cse.exodex.datasets.StellarLibrary: probably not enough data lolwith BF id: BayerFlamsteed{flamsteedDesignation=null, bayerDesignation='null', number=null, constellation=Constellation{constellation='Corona Borealis', genitive='Coronae Borealis'}, prettyName='Coronae Borealis'}
26/09/11 15:33:21 WARN com.cse.exodex.datasets.StellarLibrary: probably not enough data lolwith BF id: BayerFlamsteed{flamsteedDesignation=null, bayerDesignation='null', number=null, constellation=Constellation{constellation='Corona Borealis', genitive='Coronae Borealis'}, prettyName='Coronae Borealis'}
26/09/11 15:33:21 WARN com.cse.exodex.datasets.StellarLibrary: probably not enough data lolwith BF id: BayerFlamsteed{flamsteedDesignation=null, bayerDesignation='null', number=null, constellation=Constellation{constellation='Corona Borealis', genitive='Coronae Borealis'}, prettyName='Coronae Borealis'}
26/09/11 15:33:21 WARN com.cse.exodex.datasets.StellarLibrary: probably not enough data lolwith BF id: BayerFlamsteed{flamsteedDesignation=null, bayerDesignation='null', number=null, constellation=Constellation{constellation='Corona Borealis', genitive='Coronae Borealis'}, prettyName='Coronae Borealis'}
26/09/11 15:33:21 WARN com.cse.exodex.datasets.StellarLibrary: probably not enough data lolwith BF id: BayerFlamsteed{flamsteedDesignation=null, bayerDesignation='null', number=null, constellation=Constellation{constellation='Corona Borealis', genitive='Coronae Borealis'}, prettyName='Coronae Borealis'}
26/09/11 15:33:21 WARN com.cse.exodex.datasets.StellarLibrary: probably not enough data lolwith BF id: BayerFlamsteed{flamsteedDesignation=null, bayerDesignation='null', number=null, constellation=Constellation{constellation='Bootes', genitive='Bootis'}, prettyName='Bootis'}
26/09/11 15:33:21 WARN com.cse.exodex.datasets.StellarLibrary: probably not enough data lolwith BF id: BayerFlamsteed{flamsteedDesignation=null, bayerDesignation='null', number=null, constellation=Constellation{constellation='Bootes', genitive='Bootis'}, prettyName='Bootis'}
26/09/11 15:33:21 WARN com.cse.exodex.datasets.StellarLibrary: probably not enough data lolwith BF id: BayerFlamsteed{flamsteedDesignation=null, bayerDesignation='null', number=null, constellation=Constellation{constellation='Bootes', genitive='Bootis'}, prettyName='Bootis'}
26/09/11 15:33:21 WARN com.cse.exodex.datasets.StellarLibrary: probably not enough data lolwith BF id: BayerFlamsteed{flamsteedDesignation=null, bayerDesignation='null', number=null, constellation=Constellation{constellation='Bootes', genitive='Bootis'}, prettyName='Bootis'}
26/09/11 15:33:21 WARN com.cse.exodex.datasets.StellarLibrary: probably not enough data lolwith BF id: BayerFlamsteed{flamsteedDesignation=null, bayerDesignation='null', number=null, constellation=Constellation{constellation='Bootes', genitive='Bootis'}, prettyName='Bootis'}
26/09/11 15:33:21 WARN com.cse.exodex.datasets.StellarLibrary: probably not enough data lolwith BF id: BayerFlamsteed{flamsteedDesignation=null, bayerDesignation='null', number=null, constellation=Constellation{constellation='Cetus', genitive='Ceti'}, prettyName='Ceti'}
26/09/11 15:33:21 WARN com.cse.exodex.datasets.StellarLibrary: probably not enough data lolwith BF id: BayerFlamsteed{flamsteedDesignation=null, bayerDesignation='null', number=null, constellation=Constellation{constellation='Cetus', genitive='Ceti'}, prettyName='Ceti'}
26/09/11 15:33:21 WARN com.cse.exodex.datasets.StellarLibrary: probably not enough data lolwith BF id: BayerFlamsteed{flamsteedDesignation=null, bayerDesignation='null', number=null, constellation=Constellation{constellation='Cetus', genitive='Ceti'}, prettyName='Ceti'}
26/09/11 15:33:21 WARN com.cse.exodex.datasets.StellarLibrary: probably not enough data lolwith BF id: BayerFlamsteed{flamsteedDesignation=null, bayerDesignation='null', number=null, constellation=Constellation{constellation='Gemini', genitive='Geminorum'}, prettyName='Geminorum'}
26/09/11 15:33:21 WARN com.cse.exodex.datasets.StellarLibrary: probably not enough data lolwith BF id: BayerFlamsteed{flamsteedDesignation=null, bayerDesignation='null', number=null, constellation=Constellation{constellation='Gemini', genitive='Geminorum'}, prettyName='Geminorum'}
26/09/11 15:33:21 WARN com.cse.exodex.datasets.StellarLibrary: probably not enough data lolwith BF id: BayerFlamsteed{flamsteedDesignation=null, bayerDesignation='null', number=null, constellation=Constellation{constellation='Andromeda', genitive='Andromedae'}, prettyName='Andromedae'}
26/09/11 15:33:21 WARN com.cse.exodex.datasets.StellarLibrary: probably not enough data lolwith BF id: BayerFlamsteed{flamsteedDesignation=null, bayerDesignation='null', number=null, constellation=Constellation{constellation='Andromeda', genitive='Andromedae'}, prettyName='Andromedae'}
26/09/11 15:33:21 WARN com.cse.exodex.datasets.StellarLibrary: probably not enough data lolwith BF id: BayerFlamsteed{flamsteedDesignation=null, bayerDesignation='null', number=null, constellation=Constellation{constellation='Andromeda', genitive='Andromedae'}, prettyName='Andromedae'}
26/09/11 15:33:21 WARN com.cse.exodex.datasets.StellarLibrary: probably not enough data lolwith BF id: BayerFlamsteed{flamsteedDesignation=null, bayerDesignation='null', number=null, constellation=Constellation{constellation='Andromeda', genitive='Andromedae'}, prettyName='Andromedae'}
26/09/11 15:33:21 WARN com.cse.exodex.datasets.StellarLibrary: probably not enough data lolwith BF id: BayerFlamsteed{flamsteedDesignation=null, bayerDesignation='null', number=null, constellation=Constellation{constellation='Andromeda', genitive='Andromedae'}, prettyName='Andromedae'}
26/09/11 15:33:21 WARN com.cse.exodex.datasets.StellarLibrary: probably not enough data lolwith BF id: BayerFlamsteed{flamsteedDesignation=null, bayerDesignation='null', number=null, constellation=Constellation{constellation='Andromeda', genitive='Andromedae'}, prettyName='Andromedae'}
26/09/11 15:33:21 WARN com.cse.exodex.datasets.StellarLibrary: probably not enough data lolwith BF id: BayerFlamsteed{flamsteedDesignation=null, bayerDesignation='null', number=null, constellation=Constellation{constellation='Andromeda', genitive='Andromedae'}, prettyName='Andromedae'}
26/09/11 15:33:21 WARN com.cse.exodex.datasets.StellarLibrary: probably not enough data lolwith BF id: BayerFlamsteed{flamsteedDesignation=null, bayerDesignation='null', number=null, constellation=Constellation{constellation='Andromeda', genitive='Andromedae'}, prettyName='Andromedae'}
26/09/11 15:33:21 WARN com.cse.exodex.datasets.StellarLibrary: probably not enough data lolwith BF id: BayerFlamsteed{flamsteedDesignation=null, bayerDesignation='null', number=null, constellation=Constellation{constellation='Andromeda', genitive='Andromedae'}, prettyName='Andromedae'}
26/09/11 15:33:21 WARN com.cse.exodex.datasets.StellarLibrary: probably not enough data lolwith BF id: BayerFlamsteed{flamsteedDesignation=null, bayerDesignation='null', number=null, constellation=Constellation{constellation='Andromeda', genitive='Andromedae'}, prettyName='Andromedae'}
26/09/11 15:33:21 WARN com.cse.exodex.datasets.StellarLibrary: probably not enough data lolwith BF id: BayerFlamsteed{flamsteedDesignation=null, bayerDesignation='null', number=null, constellation=Constellation{constellation='Andromeda', genitive='Andromedae'}, prettyName='Andromedae'}
26/09/11 15:33:21 WARN com.cse.exodex.datasets.StellarLibrary: probably not enough data lolwith BF id: BayerFlamsteed{flamsteedDesignation=null, bayerDesignation='null', number=null, constellation=Constellation{constellation='Andromeda', genitive='Andromedae'}, prettyName='Andromedae'}
26/09/11 15:33:21 WARN com.cse.exodex.datasets.StellarLibrary: probably not enough data lolwith BF id: BayerFlamsteed{flamsteedDesignation=null, bayerDesignation='null', number=null, constellation=Constellation{constellation='Andromeda', genitive='Andromedae'}, prettyName='Andromedae'}
26/09/11 15:33:21 WARN com.cse.exodex.datasets.StellarLibrary: probably not enough data lolwith BF id: BayerFlamsteed{flamsteedDesignation=null, bayerDesignation='null', number=null, constellation=Constellation{constellation='Andromeda', genitive='Andromedae'}, prettyName='Andromedae'}
26/09/11 15:33:21 WARN com.cse.exodex.datasets.StellarLibrary: probably not enough data lolwith BF id: BayerFlamsteed{flamsteedDesignation=null, bayerDesignation='null', number=null, constellation=Constellation{constellation='Andromeda', genitive='Andromedae'}, prettyName='Andromedae'}
26/09/11 15:33:21 WARN com.cse.exodex.datasets.StellarLibrary: probably not enough data lolwith BF id: BayerFlamsteed{flamsteedDesignation=null, bayerDesignation='null', number=null, constellation=Constellation{constellation='Andromeda', genitive='Andromedae'}, prettyName='Andromedae'}
26/09/11 15:33:21 WARN com.cse.exodex.datasets.StellarLibrary: probably not enough data lolwith BF id: BayerFlamsteed{flamsteedDesignation=null, bayerDesignation='null', number=null, constellation=Constellation{constellation='Andromeda', genitive='Andromedae'}, prettyName='Andromedae'}
26/09/11 15:33:21 WARN com.cse.exodex.datasets.StellarLibrary: probably not enough data lolwith BF id: BayerFlamsteed{flamsteedDesignation=null, bayerDesignation='null', number=null, constellation=Constellation{constellation='Andromeda', genitive='Andromedae'}, prettyName='Andromedae'}
26/09/11 15:33:21 WARN com.cse.exodex.datasets.StellarLibrary: probably not enough data lolwith BF id: BayerFlamsteed{flamsteedDesignation=null, bayerDesignation='null', number=null, constellation=Constellation{constellation='Andromeda', genitive='Andromedae'}, prettyName='Andromedae'}
26/09/11 15:33:21 WARN com.cse.exodex.datasets.StellarLibrary: probably not enough data lolwith BF id: BayerFlamsteed{flamsteedDesignation=null, bayerDesignation='null', number=null, constellation=Constellation{constellation='Andromeda', genitive='Andromedae'}, prettyName='Andromedae'}
26/09/11 15:33:21 WARN com.cse.exodex.datasets.StellarLibrary: probably not enough data lolwith BF id: BayerFlamsteed{flamsteedDesignation=null, bayerDesignation='null', number=null, constellation=Constellation{constellation='Andromeda', genitive='Andromedae'}, prettyName='Andromedae'}
26/09/11 15:33:21 WARN com.cse.exodex.datasets.StellarLibrary: probably not enough data lolwith BF id: BayerFlamsteed{flamsteedDesignation=null, bayerDesignation='null', number=null, constellation=Constellation{constellation='Andromeda', genitive='Andromedae'}, prettyName='Andromedae'}
26/09/11 15:33:21 WARN com.cse.exodex.datasets.StellarLibrary: probably not enough data lolwith BF id: BayerFlamsteed{flamsteedDesignation=null, bayerDesignation='null', number=null, constellation=Constellation{constellation='Leo', genitive='Leonis'}, prettyName='Leonis'}
26/09/11 15:33:21 WARN com.cse.exodex.datasets.StellarLibrary: probably not enough data lolwith BF id: BayerFlamsteed{flamsteedDesignation=null, bayerDesignation='null', number=null, constellation=Constellation{constellation='Aquila', genitive='Aquilae'}, prettyName='Aquilae'}
26/09/11 15:33:21 WARN com.cse.exodex.datasets.StellarLibrary: probably not enough data lolwith BF id: BayerFlamsteed{flamsteedDesignation=null, bayerDesignation='null', number=null, constellation=Constellation{constellation='Aquila', genitive='Aquilae'}, prettyName='Aquilae'}
26/09/11 15:33:21 WARN com.cse.exodex.datasets.StellarLibrary: probably not enough data lolwith BF id: BayerFlamsteed{flamsteedDesignation=null, bayerDesignation='null', number=null, constellation=Constellation{constellation='Aquila', genitive='Aquilae'}, prettyName='Aquilae'}
26/09/11 15:33:21 INFO com.cse.exodex.datasets.catalogs.NasaExoplanetCatalog: Loaded 40144 exoplanets from main_data.csv; unmatched hosts: 36557
26/09/11 15:33:21 INFO com.cse.exodex.datasets.catalogs.NasaExoplanetCatalog: Found stars from HYG
26/09/11 15:38:27 WARN com.cse.exodex.datasets.StarClassifier2: Warning: could not parse star classification: C5p
26/09/11 15:38:27 WARN com.cse.exodex.datasets.StarClassifier2: Warning: could not parse star classification: R...
26/09/11 15:38:27 WARN com.cse.exodex.datasets.StarClassifier2: Warning: could not parse star classification: C5II
26/09/11 15:38:27 WARN com.cse.exodex.datasets.StarClassifier2: Warning: could not parse star classification: WC8
26/09/11 15:38:27 WARN com.cse.exodex.datasets.StarClassifier2: Warning: could not parse star classification: N0v
26/09/11 15:38:27 WARN com.cse.exodex.datasets.StarClassifier2: Warning: could not parse star classification: C8
26/09/11 15:38:27 WARN com.cse.exodex.datasets.StarClassifier2: Warning: could not parse star classification: S66ev
26/09/11 15:38:27 WARN com.cse.exodex.datasets.StarClassifier2: Warning: could not parse star classification: C4.5v
26/09/11 15:38:27 WARN com.cse.exodex.datasets.StarClassifier2: Warning: could not parse star classification: C6II
26/09/11 15:38:27 WARN com.cse.exodex.datasets.StarClassifier2: Warning: could not parse star classification: N0v
26/09/11 15:38:27 WARN com.cse.exodex.datasets.StarClassifier2: Warning: could not parse star classification: R...
26/09/11 15:38:27 WARN com.cse.exodex.datasets.StarClassifier2: Warning: could not parse star classification: WN5
26/09/11 15:38:27 WARN com.cse.exodex.datasets.StarClassifier2: Warning: could not parse star classification: Rp...
26/09/11 15:38:27 WARN com.cse.exodex.datasets.StarClassifier2: Warning: could not parse star classification: R...
26/09/11 15:38:27 WARN com.cse.exodex.datasets.StarClassifier2: Warning: could not parse star classification: C0ev
26/09/11 15:38:28 WARN com.cse.exodex.datasets.StarClassifier2: Warning: could not parse star classification: WN2
26/09/11 15:38:28 WARN com.cse.exodex.datasets.StarClassifier2: Warning: could not parse star classification: C
26/09/11 15:38:28 WARN com.cse.exodex.datasets.StarClassifier2: Warning: could not parse star classification: N0
26/09/11 15:38:28 WARN com.cse.exodex.datasets.StarClassifier2: Warning: could not parse star classification: C
26/09/11 15:38:28 WARN com.cse.exodex.datasets.StarClassifier2: Warning: could not parse star classification: N0v
26/09/11 15:38:28 WARN com.cse.exodex.datasets.StarClassifier2: Warning: could not parse star classification: WN3+...
26/09/11 15:38:28 WARN com.cse.exodex.datasets.StarClassifier2: Warning: could not parse star classification: R6
26/09/11 15:38:28 WARN com.cse.exodex.datasets.StarClassifier2: Warning: could not parse star classification: C0ev
26/09/11 15:38:28 WARN com.cse.exodex.datasets.StarClassifier2: Warning: could not parse star classification: DF
26/09/11 15:38:28 WARN com.cse.exodex.datasets.StarClassifier2: Warning: could not parse star classification: C5II
26/09/11 15:38:28 WARN com.cse.exodex.datasets.StarClassifier2: Warning: could not parse star classification: N0v
26/09/11 15:38:28 WARN com.cse.exodex.datasets.StarClassifier2: Warning: could not parse star classification: R...
26/09/11 15:38:28 WARN com.cse.exodex.datasets.StarClassifier2: Warning: could not parse star classification: C8
26/09/11 15:38:28 WARN com.cse.exodex.datasets.StarClassifier2: Warning: could not parse star classification: DAn...
26/09/11 15:38:28 WARN com.cse.exodex.datasets.StarClassifier2: Warning: could not parse star classification: C...
26/09/11 15:38:28 WARN com.cse.exodex.datasets.StarClassifier2: Warning: could not parse star classification: DAwe...
26/09/11 15:38:28 WARN com.cse.exodex.datasets.StarClassifier2: Warning: could not parse star classification: C54(N3)
26/09/11 15:38:28 WARN com.cse.exodex.datasets.StarClassifier2: Warning: could not parse star classification: R4v
26/09/11 15:38:28 WARN com.cse.exodex.datasets.StarClassifier2: Warning: could not parse star classification: WC...
26/09/11 15:38:28 WARN com.cse.exodex.datasets.StarClassifier2: Warning: could not parse star classification: WC...
26/09/11 15:38:28 WARN com.cse.exodex.datasets.StarClassifier2: Warning: could not parse star classification: R...
26/09/11 15:38:28 WARN com.cse.exodex.datasets.StarClassifier2: Warning: could not parse star classification: Se
26/09/11 15:38:28 WARN com.cse.exodex.datasets.StarClassifier2: Warning: could not parse star classification: R5
26/09/11 15:38:28 WARN com.cse.exodex.datasets.StarClassifier2: Warning: could not parse star classification: C5II
26/09/11 15:38:28 WARN com.cse.exodex.datasets.StarClassifier2: Warning: could not parse star classification: Npvar
26/09/11 15:38:28 WARN com.cse.exodex.datasets.StarClassifier2: Warning: could not parse star classification: R
26/09/11 15:38:28 WARN com.cse.exodex.datasets.StarClassifier2: Warning: could not parse star classification: C0e
26/09/11 15:38:28 WARN com.cse.exodex.datasets.StarClassifier2: Warning: could not parse star classification: C6.4ev
26/09/11 15:38:28 WARN com.cse.exodex.datasets.StarClassifier2: Warning: could not parse star classification: S5.3 SB:
26/09/11 15:38:28 WARN com.cse.exodex.datasets.StarClassifier2: Warning: could not parse star classification: C
26/09/11 15:38:28 WARN com.cse.exodex.datasets.StarClassifier2: Warning: could not parse star classification: R...
26/09/11 15:38:28 WARN com.cse.exodex.datasets.StarClassifier2: Warning: could not parse star classification: R...
26/09/11 15:38:28 WARN com.cse.exodex.datasets.StarClassifier2: Warning: could not parse star classification: R...
26/09/11 15:38:28 WARN com.cse.exodex.datasets.StarClassifier2: Warning: could not parse star classification: R8v
26/09/11 15:38:28 WARN com.cse.exodex.datasets.StarClassifier2: Warning: could not parse star classification: S42v
26/09/11 15:38:28 WARN com.cse.exodex.datasets.StarClassifier2: Warning: could not parse star classification: C+
26/09/11 15:38:28 WARN com.cse.exodex.datasets.StarClassifier2: Warning: could not parse star classification: Ce+...
26/09/11 15:38:28 WARN com.cse.exodex.datasets.StarClassifier2: Warning: could not parse star classification: R...
26/09/11 15:38:28 WARN com.cse.exodex.datasets.StarClassifier2: Warning: could not parse star classification: C
26/09/11 15:38:28 WARN com.cse.exodex.datasets.StarClassifier2: Warning: could not parse star classification: R...
26/09/11 15:38:28 WARN com.cse.exodex.datasets.StarClassifier2: Warning: could not parse star classification: C4II
26/09/11 15:38:28 WARN com.cse.exodex.datasets.StarClassifier2: Warning: could not parse star classification: N5
26/09/11 15:38:28 WARN com.cse.exodex.datasets.StarClassifier2: Warning: could not parse star classification: C5II
26/09/11 15:38:28 WARN com.cse.exodex.datasets.StarClassifier2: Warning: could not parse star classification: N0v
26/09/11 15:38:28 WARN com.cse.exodex.datasets.StarClassifier2: Warning: could not parse star classification: N...
26/09/11 15:38:28 WARN com.cse.exodex.datasets.StarClassifier2: Warning: could not parse star classification: Ce+...
26/09/11 15:38:28 WARN com.cse.exodex.datasets.StarClassifier2: Warning: could not parse star classification: C0ev
26/09/11 15:38:28 WARN com.cse.exodex.datasets.StarClassifier2: Warning: could not parse star classification: C76e
26/09/11 15:38:28 WARN com.cse.exodex.datasets.StarClassifier2: Warning: could not parse star classification: N0v
26/09/11 15:38:28 WARN com.cse.exodex.datasets.StarClassifier2: Warning: could not parse star classification: N5
26/09/11 15:38:28 WARN com.cse.exodex.datasets.StarClassifier2: Warning: could not parse star classification: DAw...
26/09/11 15:38:28 WARN com.cse.exodex.datasets.StarClassifier2: Warning: could not parse star classification: C5II
26/09/11 15:38:28 WARN com.cse.exodex.datasets.StarClassifier2: Warning: could not parse star classification: C5II
26/09/11 15:38:28 WARN com.cse.exodex.datasets.StarClassifier2: Warning: could not parse star classification: CII...
26/09/11 15:38:28 WARN com.cse.exodex.datasets.StarClassifier2: Warning: could not parse star classification: C4II
26/09/11 15:38:28 WARN com.cse.exodex.datasets.StarClassifier2: Warning: could not parse star classification: N0
26/09/11 15:38:28 WARN com.cse.exodex.datasets.StarClassifier2: Warning: could not parse star classification: S41
26/09/11 15:38:28 WARN com.cse.exodex.datasets.StarClassifier2: Warning: could not parse star classification: N0v
26/09/11 15:38:28 WARN com.cse.exodex.datasets.StarClassifier2: Warning: could not parse star classification: N0v
26/09/11 15:38:28 WARN com.cse.exodex.datasets.StarClassifier2: Warning: could not parse star classification: C6II
26/09/11 15:38:28 WARN com.cse.exodex.datasets.StarClassifier2: Warning: could not parse star classification: C
26/09/11 15:38:28 WARN com.cse.exodex.datasets.StarClassifier2: Warning: could not parse star classification: WN...
26/09/11 15:38:28 WARN com.cse.exodex.datasets.StarClassifier2: Warning: could not parse star classification: C0e
26/09/11 15:38:28 WARN com.cse.exodex.datasets.StarClassifier2: Warning: could not parse star classification: N0v
26/09/11 15:38:28 WARN com.cse.exodex.datasets.StarClassifier2: Warning: could not parse star classification: C5II
26/09/11 15:38:28 WARN com.cse.exodex.datasets.StarClassifier2: Warning: could not parse star classification: C5II
26/09/11 15:38:29 WARN com.cse.exodex.datasets.StarClassifier2: Warning: could not parse star classification: C4II
26/09/11 15:38:29 WARN com.cse.exodex.datasets.StarClassifier2: Warning: could not parse star classification: R...
26/09/11 15:38:29 WARN com.cse.exodex.datasets.StarClassifier2: Warning: could not parse star classification: S
26/09/11 15:38:29 WARN com.cse.exodex.datasets.StarClassifier2: Warning: could not parse star classification: R...
26/09/11 15:38:29 WARN com.cse.exodex.datasets.StarClassifier2: Warning: could not parse star classification: N0v
26/09/11 15:38:29 WARN com.cse.exodex.datasets.StarClassifier2: Warning: could not parse star classification: N0
26/09/11 15:38:29 WARN com.cse.exodex.datasets.StarClassifier2: Warning: could not parse star classification: N0
26/09/11 15:38:29 WARN com.cse.exodex.datasets.StarClassifier2: Warning: could not parse star classification: Sevar
26/09/11 15:38:29 WARN com.cse.exodex.datasets.StarClassifier2: Warning: could not parse star classification: C5II
26/09/11 15:38:29 WARN com.cse.exodex.datasets.StarClassifier2: Warning: could not parse star classification: C6II
26/09/11 15:38:29 WARN com.cse.exodex.datasets.StarClassifier2: Warning: could not parse star classification: CVIIe+
26/09/11 15:38:29 WARN com.cse.exodex.datasets.StarClassifier2: Warning: could not parse star classification: C5II
26/09/11 15:38:29 WARN com.cse.exodex.datasets.StarClassifier2: Warning: could not parse star classification: N0
26/09/11 15:38:29 WARN com.cse.exodex.datasets.StarClassifier2: Warning: could not parse star classification: C8.3v
26/09/11 15:38:29 WARN com.cse.exodex.datasets.StarClassifier2: Warning: could not parse star classification: N0v
26/09/11 15:38:29 WARN com.cse.exodex.datasets.StarClassifier2: Warning: could not parse star classification: pec(NOVA)
26/09/11 15:38:29 WARN com.cse.exodex.datasets.StarClassifier2: Warning: could not parse star classification: C5II
26/09/11 15:38:29 WARN com.cse.exodex.datasets.StarClassifier2: Warning: could not parse star classification: C+
26/09/11 15:38:29 WARN com.cse.exodex.datasets.StarClassifier2: Warning: could not parse star classification: N0v
26/09/11 15:38:29 WARN com.cse.exodex.datasets.StarClassifier2: Warning: could not parse star classification: C5II
26/09/11 15:38:29 WARN com.cse.exodex.datasets.StarClassifier2: Warning: could not parse star classification: N0
26/09/11 15:38:29 WARN com.cse.exodex.datasets.StarClassifier2: Warning: could not parse star classification: N0
26/09/11 15:38:29 WARN com.cse.exodex.datasets.StarClassifier2: Warning: could not parse star classification: DAn
26/09/11 15:38:29 WARN com.cse.exodex.datasets.StarClassifier2: Warning: could not parse star classification: S51
26/09/11 15:38:29 WARN com.cse.exodex.datasets.StarClassifier2: Warning: could not parse star classification: C4II
26/09/11 15:38:29 WARN com.cse.exodex.datasets.StarClassifier2: Warning: could not parse star classification: WN5 (SB1)
26/09/11 15:38:29 WARN com.cse.exodex.datasets.StarClassifier2: Warning: could not parse star classification: C3II
26/09/11 15:38:29 WARN com.cse.exodex.datasets.StarClassifier2: Warning: could not parse star classification: N0v
26/09/11 15:38:29 WARN com.cse.exodex.datasets.StarClassifier2: Warning: could not parse star classification: R6pv
26/09/11 15:38:29 WARN com.cse.exodex.datasets.StarClassifier2: Warning: could not parse star classification: C5II
26/09/11 15:38:29 WARN com.cse.exodex.datasets.StarClassifier2: Warning: could not parse star classification: C7I
26/09/11 15:38:29 WARN com.cse.exodex.datasets.StarClassifier2: Warning: could not parse star classification: S39e
26/09/11 15:38:29 WARN com.cse.exodex.datasets.StarClassifier2: Warning: could not parse star classification: N5
26/09/11 15:38:29 WARN com.cse.exodex.datasets.StarClassifier2: Warning: could not parse star classification: S39e
26/09/11 15:38:29 WARN com.cse.exodex.datasets.StarClassifier2: Warning: could not parse star classification: C5II
26/09/11 15:38:29 WARN com.cse.exodex.datasets.StarClassifier2: Warning: could not parse star classification: C0ev
26/09/11 15:38:29 WARN com.cse.exodex.datasets.StarClassifier2: Warning: could not parse star classification: C8e
26/09/11 15:38:29 WARN com.cse.exodex.datasets.StarClassifier2: Warning: could not parse star classification: C5II
26/09/11 15:38:29 WARN com.cse.exodex.datasets.StarClassifier2: Warning: could not parse star classification: N...
26/09/11 15:38:29 WARN com.cse.exodex.datasets.StarClassifier2: Warning: could not parse star classification: N0
26/09/11 15:38:29 WARN com.cse.exodex.datasets.StarClassifier2: Warning: could not parse star classification: WN...
26/09/11 15:38:29 WARN com.cse.exodex.datasets.StarClassifier2: Warning: could not parse star classification: N0v
26/09/11 15:38:29 WARN com.cse.exodex.datasets.StarClassifier2: Warning: could not parse star classification: C3.2e
26/09/11 15:38:29 WARN com.cse.exodex.datasets.StarClassifier2: Warning: could not parse star classification: N0
26/09/11 15:38:29 WARN com.cse.exodex.datasets.StarClassifier2: Warning: could not parse star classification: C
26/09/11 15:38:29 WARN com.cse.exodex.datasets.StarClassifier2: Warning: could not parse star classification: C5II
26/09/11 15:38:29 WARN com.cse.exodex.datasets.StarClassifier2: Warning: could not parse star classification: CIb...
26/09/11 15:38:29 WARN com.cse.exodex.datasets.StarClassifier2: Warning: could not parse star classification: R4
26/09/11 15:38:29 WARN com.cse.exodex.datasets.StarClassifier2: Warning: could not parse star classification: R9
26/09/11 15:38:29 WARN com.cse.exodex.datasets.StarClassifier2: Warning: could not parse star classification: C...
26/09/11 15:38:29 WARN com.cse.exodex.datasets.StarClassifier2: Warning: could not parse star classification: C...
26/09/11 15:38:29 WARN com.cse.exodex.datasets.StarClassifier2: Warning: could not parse star classification: WC4-N6
26/09/11 15:38:29 WARN com.cse.exodex.datasets.StarClassifier2: Warning: could not parse star classification: WC+...
26/09/11 15:38:29 WARN com.cse.exodex.datasets.StarClassifier2: Warning: could not parse star classification: C3II
26/09/11 15:38:29 WARN com.cse.exodex.datasets.StarClassifier2: Warning: could not parse star classification: S
26/09/11 15:38:29 WARN com.cse.exodex.datasets.StarClassifier2: Warning: could not parse star classification: R8
26/09/11 15:38:29 WARN com.cse.exodex.datasets.StarClassifier2: Warning: could not parse star classification: S62
26/09/11 15:38:29 WARN com.cse.exodex.datasets.StarClassifier2: Warning: could not parse star classification: C...
26/09/11 15:38:29 WARN com.cse.exodex.datasets.StarClassifier2: Warning: could not parse star classification: S42e
26/09/11 15:38:29 WARN com.cse.exodex.datasets.StarClassifier2: Warning: could not parse star classification: C5II
26/09/11 15:38:29 WARN com.cse.exodex.datasets.StarClassifier2: Warning: could not parse star classification: Ce+...
26/09/11 15:38:29 WARN com.cse.exodex.datasets.StarClassifier2: Warning: could not parse star classification: WN...
26/09/11 15:38:29 WARN com.cse.exodex.datasets.StarClassifier2: Warning: could not parse star classification: R...
26/09/11 15:38:29 WARN com.cse.exodex.datasets.StarClassifier2: Warning: could not parse star classification: NV...
26/09/11 15:38:29 WARN com.cse.exodex.datasets.StarClassifier2: Warning: could not parse star classification: Rpvar
26/09/11 15:38:29 WARN com.cse.exodex.datasets.StarClassifier2: Warning: could not parse star classification: C
26/09/11 15:38:29 WARN com.cse.exodex.datasets.StarClassifier2: Warning: could not parse star classification: C
26/09/11 15:38:29 WARN com.cse.exodex.datasets.StarClassifier2: Warning: could not parse star classification: WC8 + O9I
26/09/11 15:38:29 WARN com.cse.exodex.datasets.StarClassifier2: Warning: could not parse star classification: R
26/09/11 15:38:29 WARN com.cse.exodex.datasets.StarClassifier2: Warning: could not parse star classification: R...
26/09/11 15:38:29 WARN com.cse.exodex.datasets.StarClassifier2: Warning: could not parse star classification: C
26/09/11 15:38:29 WARN com.cse.exodex.datasets.StarClassifier2: Warning: could not parse star classification: R8
26/09/11 15:38:29 WARN com.cse.exodex.datasets.StarClassifier2: Warning: could not parse star classification: Sevar
26/09/11 15:38:29 WARN com.cse.exodex.datasets.StarClassifier2: Warning: could not parse star classification: N0e
26/09/11 15:38:29 WARN com.cse.exodex.datasets.StarClassifier2: Warning: could not parse star classification: N0v
26/09/11 15:38:29 WARN com.cse.exodex.datasets.StarClassifier2: Warning: could not parse star classification: N...
26/09/11 15:38:29 WARN com.cse.exodex.datasets.StarClassifier2: Warning: could not parse star classification: R...
26/09/11 15:38:29 WARN com.cse.exodex.datasets.StarClassifier2: Warning: could not parse star classification: C(R)e
26/09/11 15:38:29 WARN com.cse.exodex.datasets.StarClassifier2: Warning: could not parse star classification: R...
26/09/11 15:38:29 WARN com.cse.exodex.datasets.StarClassifier2: Warning: could not parse star classification: C
26/09/11 15:38:29 WARN com.cse.exodex.datasets.StarClassifier2: Warning: could not parse star classification: Ce
26/09/11 15:38:29 WARN com.cse.exodex.datasets.StarClassifier2: Warning: could not parse star classification: WC...
26/09/11 15:38:29 WARN com.cse.exodex.datasets.StarClassifier2: Warning: could not parse star classification: C6II
26/09/11 15:38:29 WARN com.cse.exodex.datasets.StarClassifier2: Warning: could not parse star classification: R6v
26/09/11 15:38:29 WARN com.cse.exodex.datasets.StarClassifier2: Warning: could not parse star classification: R...
26/09/11 15:38:29 WARN com.cse.exodex.datasets.StarClassifier2: Warning: could not parse star classification: R...
26/09/11 15:38:29 WARN com.cse.exodex.datasets.StarClassifier2: Warning: could not parse star classification: R...
26/09/11 15:38:29 WARN com.cse.exodex.datasets.StarClassifier2: Warning: could not parse star classification: R6
26/09/11 15:38:29 WARN com.cse.exodex.datasets.StarClassifier2: Warning: could not parse star classification: R...
26/09/11 15:38:29 WARN com.cse.exodex.datasets.StarClassifier2: Warning: could not parse star classification: WC...
26/09/11 15:38:29 WARN com.cse.exodex.datasets.StarClassifier2: Warning: could not parse star classification: CVIIe
26/09/11 15:38:29 WARN com.cse.exodex.datasets.StarClassifier2: Warning: could not parse star classification: R4
26/09/11 15:38:29 WARN com.cse.exodex.datasets.StarClassifier2: Warning: could not parse star classification: C+
26/09/11 15:38:29 WARN com.cse.exodex.datasets.StarClassifier2: Warning: could not parse star classification: C0e
26/09/11 15:38:29 WARN com.cse.exodex.datasets.StarClassifier2: Warning: could not parse star classification: C
26/09/11 15:38:29 WARN com.cse.exodex.datasets.StarClassifier2: Warning: could not parse star classification: R...
26/09/11 15:38:29 WARN com.cse.exodex.datasets.StarClassifier2: Warning: could not parse star classification: C
26/09/11 15:38:29 WARN com.cse.exodex.datasets.StarClassifier2: Warning: could not parse star classification: WN8
26/09/11 15:38:29 WARN com.cse.exodex.datasets.StarClassifier2: Warning: could not parse star classification: N0v
26/09/11 15:38:29 WARN com.cse.exodex.datasets.StarClassifier2: Warning: could not parse star classification: WC...
26/09/11 15:38:29 WARN com.cse.exodex.datasets.StarClassifier2: Warning: could not parse star classification: CH
26/09/11 15:38:29 WARN com.cse.exodex.datasets.StarClassifier2: Warning: could not parse star classification: WN5
26/09/11 15:38:29 WARN com.cse.exodex.datasets.StarClassifier2: Warning: could not parse star classification: R...
26/09/11 15:38:29 WARN com.cse.exodex.datasets.StarClassifier2: Warning: could not parse star classification: C
26/09/11 15:38:29 WARN com.cse.exodex.datasets.StarClassifier2: Warning: could not parse star classification: WN+...
26/09/11 15:38:29 WARN com.cse.exodex.datasets.StarClassifier2: Warning: could not parse star classification: C
26/09/11 15:38:29 WARN com.cse.exodex.datasets.StarClassifier2: Warning: could not parse star classification: C
26/09/11 15:38:29 WARN com.cse.exodex.datasets.StarClassifier2: Warning: could not parse star classification: WN7 + A(SB1)
26/09/11 15:38:29 WARN com.cse.exodex.datasets.StarClassifier2: Warning: could not parse star classification: WC...
26/09/11 15:38:29 WARN com.cse.exodex.datasets.StarClassifier2: Warning: could not parse star classification: WN7 + A
26/09/11 15:38:29 WARN com.cse.exodex.datasets.StarClassifier2: Warning: could not parse star classification: C5II
26/09/11 15:38:29 WARN com.cse.exodex.datasets.StarClassifier2: Warning: could not parse star classification: C+
26/09/11 15:38:29 WARN com.cse.exodex.datasets.StarClassifier2: Warning: could not parse star classification: C9I
26/09/11 15:38:29 WARN com.cse.exodex.datasets.StarClassifier2: Warning: could not parse star classification: WN+...
26/09/11 15:38:29 WARN com.cse.exodex.datasets.StarClassifier2: Warning: could not parse star classification: R...
26/09/11 15:38:29 WARN com.cse.exodex.datasets.StarClassifier2: Warning: could not parse star classification: R...
26/09/11 15:38:29 WARN com.cse.exodex.datasets.StarClassifier2: Warning: could not parse star classification: R...
26/09/11 15:38:29 WARN com.cse.exodex.datasets.StarClassifier2: Warning: could not parse star classification: R...
26/09/11 15:38:29 WARN com.cse.exodex.datasets.StarClassifier2: Warning: could not parse star classification: WN8 (SB1)
26/09/11 15:38:29 WARN com.cse.exodex.datasets.StarClassifier2: Warning: could not parse star classification: WC+...
26/09/11 15:38:29 WARN com.cse.exodex.datasets.StarClassifier2: Warning: could not parse star classification: C
26/09/11 15:38:29 WARN com.cse.exodex.datasets.StarClassifier2: Warning: could not parse star classification: C+
26/09/11 15:38:29 WARN com.cse.exodex.datasets.StarClassifier2: Warning: could not parse star classification: R...
26/09/11 15:38:29 WARN com.cse.exodex.datasets.StarClassifier2: Warning: could not parse star classification: C...
26/09/11 15:38:30 WARN com.cse.exodex.datasets.StarClassifier2: Warning: could not parse star classification: C+
26/09/11 15:38:30 WARN com.cse.exodex.datasets.StarClassifier2: Warning: could not parse star classification: R...
26/09/11 15:38:30 WARN com.cse.exodex.datasets.StarClassifier2: Warning: could not parse star classification: WN3p
26/09/11 15:38:30 WARN com.cse.exodex.datasets.StarClassifier2: Warning: could not parse star classification: SC45/8e
26/09/11 15:38:30 WARN com.cse.exodex.datasets.StarClassifier2: Warning: could not parse star classification: Npvar
26/09/11 15:38:30 WARN com.cse.exodex.datasets.StarClassifier2: Warning: could not parse star classification: C
26/09/11 15:38:30 WARN com.cse.exodex.datasets.StarClassifier2: Warning: could not parse star classification: R
26/09/11 15:38:30 WARN com.cse.exodex.datasets.StarClassifier2: Warning: could not parse star classification: WN6 + O5V
26/09/11 15:38:30 WARN com.cse.exodex.datasets.StarClassifier2: Warning: could not parse star classification: S15ev
26/09/11 15:38:30 WARN com.cse.exodex.datasets.StarClassifier2: Warning: could not parse star classification: C7Iab
26/09/11 15:38:30 WARN com.cse.exodex.datasets.StarClassifier2: Warning: could not parse star classification: C0
26/09/11 15:38:30 WARN com.cse.exodex.datasets.StarClassifier2: Warning: could not parse star classification: R...
26/09/11 15:38:30 WARN com.cse.exodex.datasets.StarClassifier2: Warning: could not parse star classification: C7I
26/09/11 15:38:30 WARN com.cse.exodex.datasets.StarClassifier2: Warning: could not parse star classification: C0ev
26/09/11 15:38:30 WARN com.cse.exodex.datasets.StarClassifier2: Warning: could not parse star classification: R6p
26/09/11 15:38:30 WARN com.cse.exodex.datasets.StarClassifier2: Warning: could not parse star classification: WC6 + O9.5I
26/09/11 15:38:30 WARN com.cse.exodex.datasets.StarClassifier2: Warning: could not parse star classification: WC...
26/09/11 15:38:30 WARN com.cse.exodex.datasets.StarClassifier2: Warning: could not parse star classification: Npvar
26/09/11 15:38:30 WARN com.cse.exodex.datasets.StarClassifier2: Warning: could not parse star classification: C+
26/09/11 15:38:30 WARN com.cse.exodex.datasets.StarClassifier2: Warning: could not parse star classification: R...
26/09/11 15:38:30 WARN com.cse.exodex.datasets.StarClassifier2: Warning: could not parse star classification: (G3w)F7
26/09/11 15:38:30 WARN com.cse.exodex.datasets.StarClassifier2: Warning: could not parse star classification: WC8
26/09/11 15:38:30 WARN com.cse.exodex.datasets.StarClassifier2: Warning: could not parse star classification: C+
26/09/11 15:38:30 WARN com.cse.exodex.datasets.StarClassifier2: Warning: could not parse star classification: WN7
26/09/11 15:38:30 WARN com.cse.exodex.datasets.StarClassifier2: Warning: could not parse star classification: R
26/09/11 15:38:30 WARN com.cse.exodex.datasets.StarClassifier2: Warning: could not parse star classification: N3v
26/09/11 15:38:30 WARN com.cse.exodex.datasets.StarClassifier2: Warning: could not parse star classification: WC...
26/09/11 15:38:30 WARN com.cse.exodex.datasets.StarClassifier2: Warning: could not parse star classification: R...
26/09/11 15:38:30 WARN com.cse.exodex.datasets.StarClassifier2: Warning: could not parse star classification: C
26/09/11 15:38:30 WARN com.cse.exodex.datasets.StarClassifier2: Warning: could not parse star classification: WN4.5
26/09/11 15:38:30 WARN com.cse.exodex.datasets.StarClassifier2: Warning: could not parse star classification: C+
26/09/11 15:38:30 WARN com.cse.exodex.datasets.StarClassifier2: Warning: could not parse star classification: C
26/09/11 15:38:30 WARN com.cse.exodex.datasets.StarClassifier2: Warning: could not parse star classification: C5II
26/09/11 15:38:30 WARN com.cse.exodex.datasets.StarClassifier2: Warning: could not parse star classification: R
26/09/11 15:38:30 WARN com.cse.exodex.datasets.StarClassifier2: Warning: could not parse star classification: C+
26/09/11 15:38:30 WARN com.cse.exodex.datasets.StarClassifier2: Warning: could not parse star classification: R6
26/09/11 15:38:30 WARN com.cse.exodex.datasets.StarClassifier2: Warning: could not parse star classification: R...
26/09/11 15:38:30 WARN com.cse.exodex.datasets.StarClassifier2: Warning: could not parse star classification: C+
26/09/11 15:38:30 WARN com.cse.exodex.datasets.StarClassifier2: Warning: could not parse star classification: N0v
26/09/11 15:38:30 WARN com.cse.exodex.datasets.StarClassifier2: Warning: could not parse star classification: WN...
26/09/11 15:38:30 WARN com.cse.exodex.datasets.StarClassifier2: Warning: could not parse star classification: R...
26/09/11 15:38:30 WARN com.cse.exodex.datasets.StarClassifier2: Warning: could not parse star classification: WC9
26/09/11 15:38:30 WARN com.cse.exodex.datasets.StarClassifier2: Warning: could not parse star classification: R...
26/09/11 15:38:30 WARN com.cse.exodex.datasets.StarClassifier2: Warning: could not parse star classification: C
26/09/11 15:38:30 WARN com.cse.exodex.datasets.StarClassifier2: Warning: could not parse star classification: C+
26/09/11 15:38:30 WARN com.cse.exodex.datasets.StarClassifier2: Warning: could not parse star classification: R
26/09/11 15:38:30 WARN com.cse.exodex.datasets.StarClassifier2: Warning: could not parse star classification: WC+...
26/09/11 15:38:30 WARN com.cse.exodex.datasets.StarClassifier2: Warning: could not parse star classification: C00 (F8pe)
26/09/11 15:38:30 WARN com.cse.exodex.datasets.StarClassifier2: Warning: could not parse star classification: N2
26/09/11 15:38:30 WARN com.cse.exodex.datasets.StarClassifier2: Warning: could not parse star classification: WN6  SB1
26/09/11 15:38:30 WARN com.cse.exodex.datasets.StarClassifier2: Warning: could not parse star classification: C7.2e
26/09/11 15:38:30 WARN com.cse.exodex.datasets.StarClassifier2: Warning: could not parse star classification: C
26/09/11 15:38:30 WARN com.cse.exodex.datasets.StarClassifier2: Warning: could not parse star classification: C(R)
26/09/11 15:38:30 WARN com.cse.exodex.datasets.StarClassifier2: Warning: could not parse star classification: C
26/09/11 15:38:30 WARN com.cse.exodex.datasets.StarClassifier2: Warning: could not parse star classification: C7I
26/09/11 15:38:30 WARN com.cse.exodex.datasets.StarClassifier2: Warning: could not parse star classification: R...
26/09/11 15:38:30 WARN com.cse.exodex.datasets.StarClassifier2: Warning: could not parse star classification: R...
26/09/11 15:38:30 WARN com.cse.exodex.datasets.StarClassifier2: Warning: could not parse star classification: C6.4v
26/09/11 15:38:30 WARN com.cse.exodex.datasets.StarClassifier2: Warning: could not parse star classification: WN...
26/09/11 15:38:30 WARN com.cse.exodex.datasets.StarClassifier2: Warning: could not parse star classification: WC+...
26/09/11 15:38:30 WARN com.cse.exodex.datasets.StarClassifier2: Warning: could not parse star classification: C+
26/09/11 15:38:30 WARN com.cse.exodex.datasets.StarClassifier2: Warning: could not parse star classification: Ne
26/09/11 15:38:30 WARN com.cse.exodex.datasets.StarClassifier2: Warning: could not parse star classification: WC
26/09/11 15:38:30 WARN com.cse.exodex.datasets.StarClassifier2: Warning: could not parse star classification: Ce(R-Nb)
26/09/11 15:38:30 WARN com.cse.exodex.datasets.StarClassifier2: Warning: could not parse star classification: C...
26/09/11 15:38:30 WARN com.cse.exodex.datasets.StarClassifier2: Warning: could not parse star classification: WC...
26/09/11 15:38:30 WARN com.cse.exodex.datasets.StarClassifier2: Warning: could not parse star classification: WN...
26/09/11 15:38:30 WARN com.cse.exodex.datasets.StarClassifier2: Warning: could not parse star classification: WC...
26/09/11 15:38:30 WARN com.cse.exodex.datasets.StarClassifier2: Warning: could not parse star classification: N0
26/09/11 15:38:30 WARN com.cse.exodex.datasets.StarClassifier2: Warning: could not parse star classification: R3
26/09/11 15:38:30 WARN com.cse.exodex.datasets.StarClassifier2: Warning: could not parse star classification: CII...
26/09/11 15:38:30 WARN com.cse.exodex.datasets.StarClassifier2: Warning: could not parse star classification: C
26/09/11 15:38:30 WARN com.cse.exodex.datasets.StarClassifier2: Warning: could not parse star classification: R...
26/09/11 15:38:30 WARN com.cse.exodex.datasets.StarClassifier2: Warning: could not parse star classification: WN+...
26/09/11 15:38:30 WARN com.cse.exodex.datasets.StarClassifier2: Warning: could not parse star classification: C5II
26/09/11 15:38:30 WARN com.cse.exodex.datasets.StarClassifier2: Warning: could not parse star classification: C
26/09/11 15:38:30 WARN com.cse.exodex.datasets.StarClassifier2: Warning: could not parse star classification: R...
26/09/11 15:38:30 WARN com.cse.exodex.datasets.StarClassifier2: Warning: could not parse star classification: C
26/09/11 15:38:30 WARN com.cse.exodex.datasets.StarClassifier2: Warning: could not parse star classification: R...
26/09/11 15:38:30 WARN com.cse.exodex.datasets.StarClassifier2: Warning: could not parse star classification: Nevar
26/09/11 15:38:30 WARN com.cse.exodex.datasets.StarClassifier2: Warning: could not parse star classification: R4
26/09/11 15:38:30 WARN com.cse.exodex.datasets.StarClassifier2: Warning: could not parse star classification: R...
26/09/11 15:38:30 WARN com.cse.exodex.datasets.StarClassifier2: Warning: could not parse star classification: WC...
26/09/11 15:38:30 WARN com.cse.exodex.datasets.StarClassifier2: Warning: could not parse star classification: N0
26/09/11 15:38:30 WARN com.cse.exodex.datasets.StarClassifier2: Warning: could not parse star classification: R5
26/09/11 15:38:30 WARN com.cse.exodex.datasets.StarClassifier2: Warning: could not parse star classification: WN...
26/09/11 15:38:30 WARN com.cse.exodex.datasets.StarClassifier2: Warning: could not parse star classification: N0
26/09/11 15:38:30 WARN com.cse.exodex.datasets.StarClassifier2: Warning: could not parse star classification: WN...
26/09/11 15:38:30 WARN com.cse.exodex.datasets.StarClassifier2: Warning: could not parse star classification: WC...
26/09/11 15:38:30 WARN com.cse.exodex.datasets.StarClassifier2: Warning: could not parse star classification: R...
26/09/11 15:38:30 WARN com.cse.exodex.datasets.StarClassifier2: Warning: could not parse star classification: R...
26/09/11 15:38:30 WARN com.cse.exodex.datasets.StarClassifier2: Warning: could not parse star classification: WC
26/09/11 15:38:30 WARN com.cse.exodex.datasets.StarClassifier2: Warning: could not parse star classification: R4v
26/09/11 15:38:30 WARN com.cse.exodex.datasets.StarClassifier2: Warning: could not parse star classification: WC...
26/09/11 15:38:30 WARN com.cse.exodex.datasets.StarClassifier2: Warning: could not parse star classification: C
26/09/11 15:38:30 WARN com.cse.exodex.datasets.StarClassifier2: Warning: could not parse star classification: R...
26/09/11 15:38:30 WARN com.cse.exodex.datasets.StarClassifier2: Warning: could not parse star classification: WR
26/09/11 15:38:30 WARN com.cse.exodex.datasets.StarClassifier2: Warning: could not parse star classification: C
26/09/11 15:38:30 WARN com.cse.exodex.datasets.StarClassifier2: Warning: could not parse star classification: C
26/09/11 15:38:30 WARN com.cse.exodex.datasets.StarClassifier2: Warning: could not parse star classification: C8
26/09/11 15:38:30 WARN com.cse.exodex.datasets.StarClassifier2: Warning: could not parse star classification: C5II
26/09/11 15:38:30 WARN com.cse.exodex.datasets.StarClassifier2: Warning: could not parse star classification: C5II
26/09/11 15:38:30 WARN com.cse.exodex.datasets.StarClassifier2: Warning: could not parse star classification: WC...
26/09/11 15:38:30 WARN com.cse.exodex.datasets.StarClassifier2: Warning: could not parse star classification: C
26/09/11 15:38:30 WARN com.cse.exodex.datasets.StarClassifier2: Warning: could not parse star classification: C
26/09/11 15:38:30 WARN com.cse.exodex.datasets.StarClassifier2: Warning: could not parse star classification: C6II
26/09/11 15:38:30 WARN com.cse.exodex.datasets.StarClassifier2: Warning: could not parse star classification: R0
26/09/11 15:38:30 WARN com.cse.exodex.datasets.StarClassifier2: Warning: could not parse star classification: C5II
26/09/11 15:38:30 WARN com.cse.exodex.datasets.StarClassifier2: Warning: could not parse star classification: C5II
26/09/11 15:38:30 WARN com.cse.exodex.datasets.StarClassifier2: Warning: could not parse star classification: C6II
26/09/11 15:38:30 WARN com.cse.exodex.datasets.StarClassifier2: Warning: could not parse star classification: C
26/09/11 15:38:30 WARN com.cse.exodex.datasets.StarClassifier2: Warning: could not parse star classification: WN8 (SB1)
26/09/11 15:38:30 WARN com.cse.exodex.datasets.StarClassifier2: Warning: could not parse star classification: C5II
26/09/11 15:38:30 WARN com.cse.exodex.datasets.StarClassifier2: Warning: could not parse star classification: R2v
26/09/11 15:38:30 WARN com.cse.exodex.datasets.StarClassifier2: Warning: could not parse star classification: WN...
26/09/11 15:38:30 WARN com.cse.exodex.datasets.StarClassifier2: Warning: could not parse star classification: R8
26/09/11 15:38:30 WARN com.cse.exodex.datasets.StarClassifier2: Warning: could not parse star classification: R3
26/09/11 15:38:30 WARN com.cse.exodex.datasets.StarClassifier2: Warning: could not parse star classification: Se
26/09/11 15:38:30 WARN com.cse.exodex.datasets.StarClassifier2: Warning: could not parse star classification: Cp
26/09/11 15:38:30 WARN com.cse.exodex.datasets.StarClassifier2: Warning: could not parse star classification: C
26/09/11 15:38:30 WARN com.cse.exodex.datasets.StarClassifier2: Warning: could not parse star classification: C...
26/09/11 15:38:30 WARN com.cse.exodex.datasets.StarClassifier2: Warning: could not parse star classification: DAw...
26/09/11 15:38:30 WARN com.cse.exodex.datasets.StarClassifier2: Warning: could not parse star classification: C5II
26/09/11 15:38:30 WARN com.cse.exodex.datasets.StarClassifier2: Warning: could not parse star classification: C0
26/09/11 15:38:30 WARN com.cse.exodex.datasets.StarClassifier2: Warning: could not parse star classification: R...
26/09/11 15:38:30 WARN com.cse.exodex.datasets.StarClassifier2: Warning: could not parse star classification: R5
26/09/11 15:38:30 WARN com.cse.exodex.datasets.StarClassifier2: Warning: could not parse star classification: N0v
26/09/11 15:38:30 WARN com.cse.exodex.datasets.StarClassifier2: Warning: could not parse star classification: C
26/09/11 15:38:30 WARN com.cse.exodex.datasets.StarClassifier2: Warning: could not parse star classification: WC...
26/09/11 15:38:30 WARN com.cse.exodex.datasets.StarClassifier2: Warning: could not parse star classification: C6.4e
26/09/11 15:38:30 WARN com.cse.exodex.datasets.StarClassifier2: Warning: could not parse star classification: WN+...
26/09/11 15:38:30 WARN com.cse.exodex.datasets.StarClassifier2: Warning: could not parse star classification: C
26/09/11 15:38:30 WARN com.cse.exodex.datasets.StarClassifier2: Warning: could not parse star classification: DB:p
26/09/11 15:38:30 WARN com.cse.exodex.datasets.StarClassifier2: Warning: could not parse star classification: WN4 (SB1)
26/09/11 15:38:30 WARN com.cse.exodex.datasets.StarClassifier2: Warning: could not parse star classification: S71e:
26/09/11 15:38:30 WARN com.cse.exodex.datasets.StarClassifier2: Warning: could not parse star classification: C...
26/09/11 15:38:30 WARN com.cse.exodex.datasets.StarClassifier2: Warning: could not parse star classification: C6II
26/09/11 15:38:30 WARN com.cse.exodex.datasets.StarClassifier2: Warning: could not parse star classification: R...
26/09/11 15:38:30 WARN com.cse.exodex.datasets.StarClassifier2: Warning: could not parse star classification: N0v
26/09/11 15:38:30 WARN com.cse.exodex.datasets.StarClassifier2: Warning: could not parse star classification: R4
26/09/11 15:38:30 WARN com.cse.exodex.datasets.StarClassifier2: Warning: could not parse star classification: N0
26/09/11 15:38:30 WARN com.cse.exodex.datasets.StarClassifier2: Warning: could not parse star classification: C5II
26/09/11 15:38:30 WARN com.cse.exodex.datasets.StarClassifier2: Warning: could not parse star classification: N0
26/09/11 15:38:30 WARN com.cse.exodex.datasets.StarClassifier2: Warning: could not parse star classification: S75v
26/09/11 15:38:30 WARN com.cse.exodex.datasets.StarClassifier2: Warning: could not parse star classification: WN+...
26/09/11 15:38:30 WARN com.cse.exodex.datasets.StarClassifier2: Warning: could not parse star classification: R3v
26/09/11 15:38:30 WARN com.cse.exodex.datasets.StarClassifier2: Warning: could not parse star classification: N0v
26/09/11 15:38:30 WARN com.cse.exodex.datasets.StarClassifier2: Warning: could not parse star classification: WN6 (SB1)
26/09/11 15:38:30 WARN com.cse.exodex.datasets.StarClassifier2: Warning: could not parse star classification: WC...
26/09/11 15:38:30 WARN com.cse.exodex.datasets.StarClassifier2: Warning: could not parse star classification: WN...
26/09/11 15:38:30 WARN com.cse.exodex.datasets.StarClassifier2: Warning: could not parse star classification: C5II
26/09/11 15:38:30 WARN com.cse.exodex.datasets.StarClassifier2: Warning: could not parse star classification: R...
26/09/11 15:38:30 WARN com.cse.exodex.datasets.StarClassifier2: Warning: could not parse star classification: WC...
26/09/11 15:38:30 WARN com.cse.exodex.datasets.StarClassifier2: Warning: could not parse star classification: WNs...
26/09/11 15:38:30 WARN com.cse.exodex.datasets.StarClassifier2: Warning: could not parse star classification: C
26/09/11 15:38:30 WARN com.cse.exodex.datasets.StarClassifier2: Warning: could not parse star classification: C8e:
26/09/11 15:38:30 WARN com.cse.exodex.datasets.StarClassifier2: Warning: could not parse star classification: WN5 + O6
26/09/11 15:38:30 WARN com.cse.exodex.datasets.StarClassifier2: Warning: could not parse star classification: Cme
26/09/11 15:38:30 WARN com.cse.exodex.datasets.StarClassifier2: Warning: could not parse star classification: WC+...
26/09/11 15:38:30 WARN com.cse.exodex.datasets.StarClassifier2: Warning: could not parse star classification: WN6 (SB1)
26/09/11 15:38:30 WARN com.cse.exodex.datasets.StarClassifier2: Warning: could not parse star classification: N0v
26/09/11 15:38:30 WARN com.cse.exodex.datasets.StarClassifier2: Warning: could not parse star classification: N0
26/09/11 15:38:30 WARN com.cse.exodex.datasets.StarClassifier2: Warning: could not parse star classification: S58v
26/09/11 15:38:30 WARN com.cse.exodex.datasets.StarClassifier2: Warning: could not parse star classification: C
26/09/11 15:38:30 WARN com.cse.exodex.datasets.StarClassifier2: Warning: could not parse star classification: C7.4e
26/09/11 15:38:30 WARN com.cse.exodex.datasets.StarClassifier2: Warning: could not parse star classification: WNs...
26/09/11 15:38:30 WARN com.cse.exodex.datasets.StarClassifier2: Warning: could not parse star classification: pec(NOVA)
26/09/11 15:38:30 WARN com.cse.exodex.datasets.StarClassifier2: Warning: could not parse star classification: R...
26/09/11 15:38:30 WARN com.cse.exodex.datasets.StarClassifier2: Warning: could not parse star classification: R...
26/09/11 15:38:30 WARN com.cse.exodex.datasets.StarClassifier2: Warning: could not parse star classification: C
26/09/11 15:38:30 WARN com.cse.exodex.datasets.StarClassifier2: Warning: could not parse star classification: N0
26/09/11 15:38:30 WARN com.cse.exodex.datasets.StarClassifier2: Warning: could not parse star classification: C+
26/09/11 15:38:30 WARN com.cse.exodex.datasets.StarClassifier2: Warning: could not parse star classification: R...
26/09/11 15:38:30 WARN com.cse.exodex.datasets.StarClassifier2: Warning: could not parse star classification: R...
26/09/11 15:38:30 WARN com.cse.exodex.datasets.StarClassifier2: Warning: could not parse star classification: C5II
26/09/11 15:38:30 WARN com.cse.exodex.datasets.StarClassifier2: Warning: could not parse star classification: N0v
26/09/11 15:38:30 WARN com.cse.exodex.datasets.StarClassifier2: Warning: could not parse star classification: C5II
26/09/11 15:38:30 WARN com.cse.exodex.datasets.StarClassifier2: Warning: could not parse star classification: C6II
26/09/11 15:38:31 WARN com.cse.exodex.datasets.StarClassifier2: Warning: could not parse star classification: NV...
26/09/11 15:38:31 WARN com.cse.exodex.datasets.StarClassifier2: Warning: could not parse star classification: C6.3
26/09/11 15:38:31 WARN com.cse.exodex.datasets.StarClassifier2: Warning: could not parse star classification: C6II
26/09/11 15:38:31 WARN com.cse.exodex.datasets.StarClassifier2: Warning: could not parse star classification: C+
26/09/11 15:38:31 WARN com.cse.exodex.datasets.StarClassifier2: Warning: could not parse star classification: C6II
26/09/11 15:38:31 WARN com.cse.exodex.datasets.StarClassifier2: Warning: could not parse star classification: WN6 + M3III
26/09/11 15:38:31 WARN com.cse.exodex.datasets.StarClassifier2: Warning: could not parse star classification: N0v
26/09/11 15:38:31 WARN com.cse.exodex.datasets.StarClassifier2: Warning: could not parse star classification: R3
26/09/11 15:38:31 WARN com.cse.exodex.datasets.StarClassifier2: Warning: could not parse star classification: pec
26/09/11 15:38:31 WARN com.cse.exodex.datasets.StarClassifier2: Warning: could not parse star classification: N0
26/09/11 15:38:31 WARN com.cse.exodex.datasets.StarClassifier2: Warning: could not parse star classification: C...
26/09/11 15:38:31 WARN com.cse.exodex.datasets.StarClassifier2: Warning: could not parse star classification: C9e
26/09/11 15:38:31 WARN com.cse.exodex.datasets.StarClassifier2: Warning: could not parse star classification: R
26/09/11 15:38:31 WARN com.cse.exodex.datasets.StarClassifier2: Warning: could not parse star classification: S63e
26/09/11 15:38:31 WARN com.cse.exodex.datasets.StarClassifier2: Warning: could not parse star classification: WN6
26/09/11 15:38:31 WARN com.cse.exodex.datasets.StarClassifier2: Warning: could not parse star classification: S57:
26/09/11 15:38:31 WARN com.cse.exodex.datasets.StarClassifier2: Warning: could not parse star classification: WC...
26/09/11 15:38:31 WARN com.cse.exodex.datasets.StarClassifier2: Warning: could not parse star classification: N0
26/09/11 15:38:31 WARN com.cse.exodex.datasets.StarClassifier2: Warning: could not parse star classification: WN7 (SB1)
26/09/11 15:38:31 WARN com.cse.exodex.datasets.StarClassifier2: Warning: could not parse star classification: C6.4
26/09/11 15:38:31 WARN com.cse.exodex.datasets.StarClassifier2: Warning: could not parse star classification: Ne
26/09/11 15:38:31 WARN com.cse.exodex.datasets.StarClassifier2: Warning: could not parse star classification: N
26/09/11 15:38:31 WARN com.cse.exodex.datasets.StarClassifier2: Warning: could not parse star classification: R6
26/09/11 15:38:31 WARN com.cse.exodex.datasets.StarClassifier2: Warning: could not parse star classification: S49e
26/09/11 15:38:31 WARN com.cse.exodex.datasets.StarClassifier2: Warning: could not parse star classification: S...
26/09/11 15:38:31 WARN com.cse.exodex.datasets.StarClassifier2: Warning: could not parse star classification: S51
26/09/11 15:38:31 WARN com.cse.exodex.datasets.StarClassifier2: Warning: could not parse star classification: R...
26/09/11 15:38:31 WARN com.cse.exodex.datasets.StarClassifier2: Warning: could not parse star classification: N0v
26/09/11 15:38:31 WARN com.cse.exodex.datasets.StarClassifier2: Warning: could not parse star classification: WN...
26/09/11 15:38:31 WARN com.cse.exodex.datasets.StarClassifier2: Warning: could not parse star classification: C3.4v
26/09/11 15:38:31 WARN com.cse.exodex.datasets.StarClassifier2: Warning: could not parse star classification: R...
26/09/11 15:38:31 WARN com.cse.exodex.datasets.StarClassifier2: Warning: could not parse star classification: R...
26/09/11 15:38:31 WARN com.cse.exodex.datasets.StarClassifier2: Warning: could not parse star classification: C
26/09/11 15:38:31 WARN com.cse.exodex.datasets.StarClassifier2: Warning: could not parse star classification: WN4.5
26/09/11 15:38:31 WARN com.cse.exodex.datasets.StarClassifier2: Warning: could not parse star classification: N0
26/09/11 15:38:31 WARN com.cse.exodex.datasets.StarClassifier2: Warning: could not parse star classification: C2
26/09/11 15:38:31 WARN com.cse.exodex.datasets.StarClassifier2: Warning: could not parse star classification: WN...
26/09/11 15:38:31 WARN com.cse.exodex.datasets.StarClassifier2: Warning: could not parse star classification: C5II
26/09/11 15:38:31 WARN com.cse.exodex.datasets.StarClassifier2: Warning: could not parse star classification: C...
26/09/11 15:38:31 WARN com.cse.exodex.datasets.StarClassifier2: Warning: could not parse star classification: dK7   J
26/09/11 15:38:31 WARN com.cse.exodex.datasets.StarClassifier2: Warning: could not parse star classification: dF3
26/09/11 15:38:31 WARN com.cse.exodex.datasets.StarClassifier2: Warning: could not parse star classification: pec
26/09/11 15:38:31 WARN com.cse.exodex.datasets.StarClassifier2: Warning: could not parse star classification: DC9?
26/09/11 15:38:31 WARN com.cse.exodex.datasets.StarClassifier2: Warning: could not parse star classification: DA/F
26/09/11 15:38:31 WARN com.cse.exodex.datasets.StarClassifier2: Warning: could not parse star classification: dF9
26/09/11 15:38:31 WARN com.cse.exodex.datasets.StarClassifier2: Warning: could not parse star classification: dF3   J
26/09/11 15:38:31 WARN com.cse.exodex.datasets.StarClassifier2: Warning: could not parse star classification: DC:9
26/09/11 15:38:31 INFO com.cse.exodex.datasets.catalogs.HYGDatabase: Filtering 119614 stars for distance 1.7976931348623157E308
26/09/11 15:38:31 INFO com.cse.exodex.datasets.catalogs.HYGDatabase: Found 119614 stars within 1.7976931348623157E308
26/09/11 15:38:32 WARN com.cse.exodex.datasets.StellarLibrary: probably not enough data lolwith BF id: BayerFlamsteed{flamsteedDesignation=14, bayerDesignation='null', number=null, constellation=Constellation{constellation='Hercules', genitive='Herculis'}, prettyName='14 Herculis'}
26/09/11 15:38:32 WARN com.cse.exodex.datasets.StellarLibrary: probably not enough data lolwith BF id: BayerFlamsteed{flamsteedDesignation=14, bayerDesignation='null', number=null, constellation=Constellation{constellation='Hercules', genitive='Herculis'}, prettyName='14 Herculis'}
26/09/11 15:38:32 WARN com.cse.exodex.datasets.StellarLibrary: probably not enough data lolwith BF id: BayerFlamsteed{flamsteedDesignation=14, bayerDesignation='null', number=null, constellation=Constellation{constellation='Hercules', genitive='Herculis'}, prettyName='14 Herculis'}
26/09/11 15:38:32 WARN com.cse.exodex.datasets.StellarLibrary: probably not enough data lolwith BF id: BayerFlamsteed{flamsteedDesignation=14, bayerDesignation='null', number=null, constellation=Constellation{constellation='Hercules', genitive='Herculis'}, prettyName='14 Herculis'}
26/09/11 15:38:32 WARN com.cse.exodex.datasets.StellarLibrary: probably not enough data lolwith BF id: BayerFlamsteed{flamsteedDesignation=14, bayerDesignation='null', number=null, constellation=Constellation{constellation='Hercules', genitive='Herculis'}, prettyName='14 Herculis'}
26/09/11 15:38:32 WARN com.cse.exodex.datasets.StellarLibrary: probably not enough data lolwith BF id: BayerFlamsteed{flamsteedDesignation=14, bayerDesignation='null', number=null, constellation=Constellation{constellation='Hercules', genitive='Herculis'}, prettyName='14 Herculis'}
26/09/11 15:38:32 WARN com.cse.exodex.datasets.StellarLibrary: probably not enough data lolwith BF id: BayerFlamsteed{flamsteedDesignation=14, bayerDesignation='null', number=null, constellation=Constellation{constellation='Hercules', genitive='Herculis'}, prettyName='14 Herculis'}
26/09/11 15:38:32 WARN com.cse.exodex.datasets.StellarLibrary: probably not enough data lolwith BF id: BayerFlamsteed{flamsteedDesignation=14, bayerDesignation='null', number=null, constellation=Constellation{constellation='Hercules', genitive='Herculis'}, prettyName='14 Herculis'}
26/09/11 15:38:32 WARN com.cse.exodex.datasets.StellarLibrary: probably not enough data lolwith BF id: BayerFlamsteed{flamsteedDesignation=14, bayerDesignation='null', number=null, constellation=Constellation{constellation='Hercules', genitive='Herculis'}, prettyName='14 Herculis'}
26/09/11 15:38:32 WARN com.cse.exodex.datasets.StellarLibrary: probably not enough data lolwith BF id: BayerFlamsteed{flamsteedDesignation=16, bayerDesignation='null', number=null, constellation=null, prettyName='16'}
26/09/11 15:38:32 WARN com.cse.exodex.datasets.StellarLibrary: probably not enough data lolwith BF id: BayerFlamsteed{flamsteedDesignation=16, bayerDesignation='null', number=null, constellation=null, prettyName='16'}
26/09/11 15:38:32 WARN com.cse.exodex.datasets.StellarLibrary: probably not enough data lolwith BF id: BayerFlamsteed{flamsteedDesignation=16, bayerDesignation='null', number=null, constellation=null, prettyName='16'}
26/09/11 15:38:32 WARN com.cse.exodex.datasets.StellarLibrary: probably not enough data lolwith BF id: BayerFlamsteed{flamsteedDesignation=16, bayerDesignation='null', number=null, constellation=null, prettyName='16'}
26/09/11 15:38:32 WARN com.cse.exodex.datasets.StellarLibrary: probably not enough data lolwith BF id: BayerFlamsteed{flamsteedDesignation=16, bayerDesignation='null', number=null, constellation=null, prettyName='16'}
26/09/11 15:38:32 WARN com.cse.exodex.datasets.StellarLibrary: probably not enough data lolwith BF id: BayerFlamsteed{flamsteedDesignation=16, bayerDesignation='null', number=null, constellation=null, prettyName='16'}
26/09/11 15:38:32 WARN com.cse.exodex.datasets.StellarLibrary: probably not enough data lolwith BF id: BayerFlamsteed{flamsteedDesignation=17, bayerDesignation='null', number=null, constellation=Constellation{constellation='Scorpius', genitive='Scorpii'}, prettyName='17 Scorpii'}
26/09/11 15:38:32 WARN com.cse.exodex.datasets.StellarLibrary: probably not enough data lolwith BF id: BayerFlamsteed{flamsteedDesignation=24, bayerDesignation='null', number=null, constellation=Constellation{constellation='Sextans', genitive='Sextantis'}, prettyName='24 Sextantis'}
26/09/11 15:38:32 WARN com.cse.exodex.datasets.StellarLibrary: probably not enough data lolwith BF id: BayerFlamsteed{flamsteedDesignation=24, bayerDesignation='null', number=null, constellation=Constellation{constellation='Sextans', genitive='Sextantis'}, prettyName='24 Sextantis'}
26/09/11 15:38:32 WARN com.cse.exodex.datasets.StellarLibrary: probably not enough data lolwith BF id: BayerFlamsteed{flamsteedDesignation=4, bayerDesignation='null', number=null, constellation=Constellation{constellation='Ursa Major', genitive='Ursae Majoris'}, prettyName='4 Ursae Majoris'}
26/09/11 15:38:32 WARN com.cse.exodex.datasets.StellarLibrary: probably not enough data lolwith BF id: BayerFlamsteed{flamsteedDesignation=4, bayerDesignation='null', number=null, constellation=Constellation{constellation='Ursa Major', genitive='Ursae Majoris'}, prettyName='4 Ursae Majoris'}
26/09/11 15:38:32 WARN com.cse.exodex.datasets.StellarLibrary: probably not enough data lolwith BF id: BayerFlamsteed{flamsteedDesignation=55, bayerDesignation='null', number=null, constellation=null, prettyName='55'}
26/09/11 15:38:32 WARN com.cse.exodex.datasets.StellarLibrary: probably not enough data lolwith BF id: BayerFlamsteed{flamsteedDesignation=55, bayerDesignation='null', number=null, constellation=null, prettyName='55'}
26/09/11 15:38:32 WARN com.cse.exodex.datasets.StellarLibrary: probably not enough data lolwith BF id: BayerFlamsteed{flamsteedDesignation=55, bayerDesignation='null', number=null, constellation=Constellation{constellation='Cancer', genitive='Cancri'}, prettyName='55 Cancri'}
26/09/11 15:38:32 WARN com.cse.exodex.datasets.StellarLibrary: probably not enough data lolwith BF id: BayerFlamsteed{flamsteedDesignation=55, bayerDesignation='null', number=null, constellation=Constellation{constellation='Cancer', genitive='Cancri'}, prettyName='55 Cancri'}
26/09/11 15:38:32 WARN com.cse.exodex.datasets.StellarLibrary: probably not enough data lolwith BF id: BayerFlamsteed{flamsteedDesignation=55, bayerDesignation='null', number=null, constellation=Constellation{constellation='Cancer', genitive='Cancri'}, prettyName='55 Cancri'}
26/09/11 15:38:32 WARN com.cse.exodex.datasets.StellarLibrary: probably not enough data lolwith BF id: BayerFlamsteed{flamsteedDesignation=55, bayerDesignation='null', number=null, constellation=Constellation{constellation='Cancer', genitive='Cancri'}, prettyName='55 Cancri'}
26/09/11 15:38:32 WARN com.cse.exodex.datasets.StellarLibrary: probably not enough data lolwith BF id: BayerFlamsteed{flamsteedDesignation=55, bayerDesignation='null', number=null, constellation=Constellation{constellation='Cancer', genitive='Cancri'}, prettyName='55 Cancri'}
26/09/11 15:38:32 WARN com.cse.exodex.datasets.StellarLibrary: probably not enough data lolwith BF id: BayerFlamsteed{flamsteedDesignation=55, bayerDesignation='null', number=null, constellation=Constellation{constellation='Cancer', genitive='Cancri'}, prettyName='55 Cancri'}
26/09/11 15:38:32 WARN com.cse.exodex.datasets.StellarLibrary: probably not enough data lolwith BF id: BayerFlamsteed{flamsteedDesignation=55, bayerDesignation='null', number=null, constellation=Constellation{constellation='Cancer', genitive='Cancri'}, prettyName='55 Cancri'}
26/09/11 15:38:32 WARN com.cse.exodex.datasets.StellarLibrary: probably not enough data lolwith BF id: BayerFlamsteed{flamsteedDesignation=55, bayerDesignation='null', number=null, constellation=Constellation{constellation='Cancer', genitive='Cancri'}, prettyName='55 Cancri'}
26/09/11 15:38:32 WARN com.cse.exodex.datasets.StellarLibrary: probably not enough data lolwith BF id: BayerFlamsteed{flamsteedDesignation=55, bayerDesignation='null', number=null, constellation=Constellation{constellation='Cancer', genitive='Cancri'}, prettyName='55 Cancri'}
26/09/11 15:38:32 WARN com.cse.exodex.datasets.StellarLibrary: probably not enough data lolwith BF id: BayerFlamsteed{flamsteedDesignation=55, bayerDesignation='null', number=null, constellation=Constellation{constellation='Cancer', genitive='Cancri'}, prettyName='55 Cancri'}
26/09/11 15:38:32 WARN com.cse.exodex.datasets.StellarLibrary: probably not enough data lolwith BF id: BayerFlamsteed{flamsteedDesignation=55, bayerDesignation='null', number=null, constellation=Constellation{constellation='Cancer', genitive='Cancri'}, prettyName='55 Cancri'}
26/09/11 15:38:32 WARN com.cse.exodex.datasets.StellarLibrary: probably not enough data lolwith BF id: BayerFlamsteed{flamsteedDesignation=55, bayerDesignation='null', number=null, constellation=Constellation{constellation='Cancer', genitive='Cancri'}, prettyName='55 Cancri'}
26/09/11 15:38:32 WARN com.cse.exodex.datasets.StellarLibrary: probably not enough data lolwith BF id: BayerFlamsteed{flamsteedDesignation=55, bayerDesignation='null', number=null, constellation=Constellation{constellation='Cancer', genitive='Cancri'}, prettyName='55 Cancri'}
26/09/11 15:38:32 WARN com.cse.exodex.datasets.StellarLibrary: probably not enough data lolwith BF id: BayerFlamsteed{flamsteedDesignation=55, bayerDesignation='null', number=null, constellation=Constellation{constellation='Cancer', genitive='Cancri'}, prettyName='55 Cancri'}
26/09/11 15:38:32 WARN com.cse.exodex.datasets.StellarLibrary: probably not enough data lolwith BF id: BayerFlamsteed{flamsteedDesignation=55, bayerDesignation='null', number=null, constellation=Constellation{constellation='Cancer', genitive='Cancri'}, prettyName='55 Cancri'}
26/09/11 15:38:32 WARN com.cse.exodex.datasets.StellarLibrary: probably not enough data lolwith BF id: BayerFlamsteed{flamsteedDesignation=55, bayerDesignation='null', number=null, constellation=Constellation{constellation='Cancer', genitive='Cancri'}, prettyName='55 Cancri'}
26/09/11 15:38:32 WARN com.cse.exodex.datasets.StellarLibrary: probably not enough data lolwith BF id: BayerFlamsteed{flamsteedDesignation=55, bayerDesignation='null', number=null, constellation=Constellation{constellation='Cancer', genitive='Cancri'}, prettyName='55 Cancri'}
26/09/11 15:38:32 WARN com.cse.exodex.datasets.StellarLibrary: probably not enough data lolwith BF id: BayerFlamsteed{flamsteedDesignation=55, bayerDesignation='null', number=null, constellation=Constellation{constellation='Cancer', genitive='Cancri'}, prettyName='55 Cancri'}
26/09/11 15:38:32 WARN com.cse.exodex.datasets.StellarLibrary: probably not enough data lolwith BF id: BayerFlamsteed{flamsteedDesignation=55, bayerDesignation='null', number=null, constellation=Constellation{constellation='Cancer', genitive='Cancri'}, prettyName='55 Cancri'}
26/09/11 15:38:32 WARN com.cse.exodex.datasets.StellarLibrary: probably not enough data lolwith BF id: BayerFlamsteed{flamsteedDesignation=55, bayerDesignation='null', number=null, constellation=Constellation{constellation='Cancer', genitive='Cancri'}, prettyName='55 Cancri'}
26/09/11 15:38:32 WARN com.cse.exodex.datasets.StellarLibrary: probably not enough data lolwith BF id: BayerFlamsteed{flamsteedDesignation=55, bayerDesignation='null', number=null, constellation=Constellation{constellation='Cancer', genitive='Cancri'}, prettyName='55 Cancri'}
26/09/11 15:38:32 WARN com.cse.exodex.datasets.StellarLibrary: probably not enough data lolwith BF id: BayerFlamsteed{flamsteedDesignation=55, bayerDesignation='null', number=null, constellation=Constellation{constellation='Cancer', genitive='Cancri'}, prettyName='55 Cancri'}
26/09/11 15:38:32 WARN com.cse.exodex.datasets.StellarLibrary: probably not enough data lolwith BF id: BayerFlamsteed{flamsteedDesignation=55, bayerDesignation='null', number=null, constellation=Constellation{constellation='Cancer', genitive='Cancri'}, prettyName='55 Cancri'}
26/09/11 15:38:32 WARN com.cse.exodex.datasets.StellarLibrary: probably not enough data lolwith BF id: BayerFlamsteed{flamsteedDesignation=55, bayerDesignation='null', number=null, constellation=Constellation{constellation='Cancer', genitive='Cancri'}, prettyName='55 Cancri'}
26/09/11 15:38:32 WARN com.cse.exodex.datasets.StellarLibrary: probably not enough data lolwith BF id: BayerFlamsteed{flamsteedDesignation=55, bayerDesignation='null', number=null, constellation=Constellation{constellation='Cancer', genitive='Cancri'}, prettyName='55 Cancri'}
26/09/11 15:38:32 WARN com.cse.exodex.datasets.StellarLibrary: probably not enough data lolwith BF id: BayerFlamsteed{flamsteedDesignation=55, bayerDesignation='null', number=null, constellation=Constellation{constellation='Cancer', genitive='Cancri'}, prettyName='55 Cancri'}
26/09/11 15:38:32 WARN com.cse.exodex.datasets.StellarLibrary: probably not enough data lolwith BF id: BayerFlamsteed{flamsteedDesignation=55, bayerDesignation='null', number=null, constellation=Constellation{constellation='Cancer', genitive='Cancri'}, prettyName='55 Cancri'}
26/09/11 15:38:32 WARN com.cse.exodex.datasets.StellarLibrary: probably not enough data lolwith BF id: BayerFlamsteed{flamsteedDesignation=55, bayerDesignation='null', number=null, constellation=Constellation{constellation='Cancer', genitive='Cancri'}, prettyName='55 Cancri'}
26/09/11 15:38:32 WARN com.cse.exodex.datasets.StellarLibrary: probably not enough data lolwith BF id: BayerFlamsteed{flamsteedDesignation=55, bayerDesignation='null', number=null, constellation=Constellation{constellation='Cancer', genitive='Cancri'}, prettyName='55 Cancri'}
26/09/11 15:38:32 WARN com.cse.exodex.datasets.StellarLibrary: probably not enough data lolwith BF id: BayerFlamsteed{flamsteedDesignation=55, bayerDesignation='null', number=null, constellation=Constellation{constellation='Cancer', genitive='Cancri'}, prettyName='55 Cancri'}
26/09/11 15:38:32 WARN com.cse.exodex.datasets.StellarLibrary: probably not enough data lolwith BF id: BayerFlamsteed{flamsteedDesignation=55, bayerDesignation='null', number=null, constellation=Constellation{constellation='Cancer', genitive='Cancri'}, prettyName='55 Cancri'}
26/09/11 15:38:32 WARN com.cse.exodex.datasets.StellarLibrary: probably not enough data lolwith BF id: BayerFlamsteed{flamsteedDesignation=55, bayerDesignation='null', number=null, constellation=Constellation{constellation='Cancer', genitive='Cancri'}, prettyName='55 Cancri'}
26/09/11 15:38:32 WARN com.cse.exodex.datasets.StellarLibrary: probably not enough data lolwith BF id: BayerFlamsteed{flamsteedDesignation=55, bayerDesignation='null', number=null, constellation=Constellation{constellation='Cancer', genitive='Cancri'}, prettyName='55 Cancri'}
26/09/11 15:38:32 WARN com.cse.exodex.datasets.StellarLibrary: probably not enough data lolwith BF id: BayerFlamsteed{flamsteedDesignation=55, bayerDesignation='null', number=null, constellation=Constellation{constellation='Cancer', genitive='Cancri'}, prettyName='55 Cancri'}
26/09/11 15:38:32 WARN com.cse.exodex.datasets.StellarLibrary: probably not enough data lolwith BF id: BayerFlamsteed{flamsteedDesignation=55, bayerDesignation='null', number=null, constellation=Constellation{constellation='Cancer', genitive='Cancri'}, prettyName='55 Cancri'}
26/09/11 15:38:32 WARN com.cse.exodex.datasets.StellarLibrary: probably not enough data lolwith BF id: BayerFlamsteed{flamsteedDesignation=55, bayerDesignation='null', number=null, constellation=Constellation{constellation='Cancer', genitive='Cancri'}, prettyName='55 Cancri'}
26/09/11 15:38:32 WARN com.cse.exodex.datasets.StellarLibrary: probably not enough data lolwith BF id: BayerFlamsteed{flamsteedDesignation=55, bayerDesignation='null', number=null, constellation=Constellation{constellation='Cancer', genitive='Cancri'}, prettyName='55 Cancri'}
26/09/11 15:38:32 WARN com.cse.exodex.datasets.StellarLibrary: probably not enough data lolwith BF id: BayerFlamsteed{flamsteedDesignation=55, bayerDesignation='null', number=null, constellation=Constellation{constellation='Cancer', genitive='Cancri'}, prettyName='55 Cancri'}
26/09/11 15:38:32 WARN com.cse.exodex.datasets.StellarLibrary: probably not enough data lolwith BF id: BayerFlamsteed{flamsteedDesignation=55, bayerDesignation='null', number=null, constellation=Constellation{constellation='Cancer', genitive='Cancri'}, prettyName='55 Cancri'}
26/09/11 15:38:32 WARN com.cse.exodex.datasets.StellarLibrary: probably not enough data lolwith BF id: BayerFlamsteed{flamsteedDesignation=55, bayerDesignation='null', number=null, constellation=Constellation{constellation='Cancer', genitive='Cancri'}, prettyName='55 Cancri'}
26/09/11 15:38:32 WARN com.cse.exodex.datasets.StellarLibrary: probably not enough data lolwith BF id: BayerFlamsteed{flamsteedDesignation=55, bayerDesignation='null', number=null, constellation=Constellation{constellation='Cancer', genitive='Cancri'}, prettyName='55 Cancri'}
26/09/11 15:38:32 WARN com.cse.exodex.datasets.StellarLibrary: probably not enough data lolwith BF id: BayerFlamsteed{flamsteedDesignation=55, bayerDesignation='null', number=null, constellation=Constellation{constellation='Cancer', genitive='Cancri'}, prettyName='55 Cancri'}
26/09/11 15:38:32 WARN com.cse.exodex.datasets.StellarLibrary: probably not enough data lolwith BF id: BayerFlamsteed{flamsteedDesignation=55, bayerDesignation='null', number=null, constellation=Constellation{constellation='Cancer', genitive='Cancri'}, prettyName='55 Cancri'}
26/09/11 15:38:32 WARN com.cse.exodex.datasets.StellarLibrary: probably not enough data lolwith BF id: BayerFlamsteed{flamsteedDesignation=55, bayerDesignation='null', number=null, constellation=Constellation{constellation='Cancer', genitive='Cancri'}, prettyName='55 Cancri'}
26/09/11 15:38:32 WARN com.cse.exodex.datasets.StellarLibrary: probably not enough data lolwith BF id: BayerFlamsteed{flamsteedDesignation=55, bayerDesignation='null', number=null, constellation=Constellation{constellation='Cancer', genitive='Cancri'}, prettyName='55 Cancri'}
26/09/11 15:38:32 WARN com.cse.exodex.datasets.StellarLibrary: probably not enough data lolwith BF id: BayerFlamsteed{flamsteedDesignation=55, bayerDesignation='null', number=null, constellation=Constellation{constellation='Cancer', genitive='Cancri'}, prettyName='55 Cancri'}
26/09/11 15:38:32 WARN com.cse.exodex.datasets.StellarLibrary: probably not enough data lolwith BF id: BayerFlamsteed{flamsteedDesignation=55, bayerDesignation='null', number=null, constellation=Constellation{constellation='Cancer', genitive='Cancri'}, prettyName='55 Cancri'}
26/09/11 15:38:32 WARN com.cse.exodex.datasets.StellarLibrary: probably not enough data lolwith BF id: BayerFlamsteed{flamsteedDesignation=55, bayerDesignation='null', number=null, constellation=Constellation{constellation='Cancer', genitive='Cancri'}, prettyName='55 Cancri'}
26/09/11 15:38:32 WARN com.cse.exodex.datasets.StellarLibrary: probably not enough data lolwith BF id: BayerFlamsteed{flamsteedDesignation=55, bayerDesignation='null', number=null, constellation=Constellation{constellation='Cancer', genitive='Cancri'}, prettyName='55 Cancri'}
26/09/11 15:38:32 WARN com.cse.exodex.datasets.StellarLibrary: probably not enough data lolwith BF id: BayerFlamsteed{flamsteedDesignation=55, bayerDesignation='null', number=null, constellation=Constellation{constellation='Cancer', genitive='Cancri'}, prettyName='55 Cancri'}
26/09/11 15:38:32 WARN com.cse.exodex.datasets.StellarLibrary: probably not enough data lolwith BF id: BayerFlamsteed{flamsteedDesignation=55, bayerDesignation='null', number=null, constellation=Constellation{constellation='Cancer', genitive='Cancri'}, prettyName='55 Cancri'}
26/09/11 15:38:32 WARN com.cse.exodex.datasets.StellarLibrary: probably not enough data lolwith BF id: BayerFlamsteed{flamsteedDesignation=55, bayerDesignation='null', number=null, constellation=Constellation{constellation='Cancer', genitive='Cancri'}, prettyName='55 Cancri'}
26/09/11 15:38:32 WARN com.cse.exodex.datasets.StellarLibrary: probably not enough data lolwith BF id: BayerFlamsteed{flamsteedDesignation=55, bayerDesignation='null', number=null, constellation=Constellation{constellation='Cancer', genitive='Cancri'}, prettyName='55 Cancri'}
26/09/11 15:38:32 WARN com.cse.exodex.datasets.StellarLibrary: probably not enough data lolwith BF id: BayerFlamsteed{flamsteedDesignation=55, bayerDesignation='null', number=null, constellation=Constellation{constellation='Cancer', genitive='Cancri'}, prettyName='55 Cancri'}
26/09/11 15:38:32 WARN com.cse.exodex.datasets.StellarLibrary: probably not enough data lolwith BF id: BayerFlamsteed{flamsteedDesignation=55, bayerDesignation='null', number=null, constellation=Constellation{constellation='Cancer', genitive='Cancri'}, prettyName='55 Cancri'}
26/09/11 15:38:32 WARN com.cse.exodex.datasets.StellarLibrary: probably not enough data lolwith BF id: BayerFlamsteed{flamsteedDesignation=55, bayerDesignation='null', number=null, constellation=Constellation{constellation='Cancer', genitive='Cancri'}, prettyName='55 Cancri'}
26/09/11 15:38:32 WARN com.cse.exodex.datasets.StellarLibrary: probably not enough data lolwith BF id: BayerFlamsteed{flamsteedDesignation=55, bayerDesignation='null', number=null, constellation=Constellation{constellation='Cancer', genitive='Cancri'}, prettyName='55 Cancri'}
26/09/11 15:38:32 WARN com.cse.exodex.datasets.StellarLibrary: probably not enough data lolwith BF id: BayerFlamsteed{flamsteedDesignation=55, bayerDesignation='null', number=null, constellation=Constellation{constellation='Cancer', genitive='Cancri'}, prettyName='55 Cancri'}
26/09/11 15:38:32 WARN com.cse.exodex.datasets.StellarLibrary: probably not enough data lolwith BF id: BayerFlamsteed{flamsteedDesignation=55, bayerDesignation='null', number=null, constellation=Constellation{constellation='Cancer', genitive='Cancri'}, prettyName='55 Cancri'}
26/09/11 15:38:32 WARN com.cse.exodex.datasets.StellarLibrary: probably not enough data lolwith BF id: BayerFlamsteed{flamsteedDesignation=55, bayerDesignation='null', number=null, constellation=Constellation{constellation='Cancer', genitive='Cancri'}, prettyName='55 Cancri'}
26/09/11 15:38:32 WARN com.cse.exodex.datasets.StellarLibrary: probably not enough data lolwith BF id: BayerFlamsteed{flamsteedDesignation=55, bayerDesignation='null', number=null, constellation=Constellation{constellation='Cancer', genitive='Cancri'}, prettyName='55 Cancri'}
26/09/11 15:38:32 WARN com.cse.exodex.datasets.StellarLibrary: probably not enough data lolwith BF id: BayerFlamsteed{flamsteedDesignation=55, bayerDesignation='null', number=null, constellation=Constellation{constellation='Cancer', genitive='Cancri'}, prettyName='55 Cancri'}
26/09/11 15:38:32 WARN com.cse.exodex.datasets.StellarLibrary: probably not enough data lolwith BF id: BayerFlamsteed{flamsteedDesignation=55, bayerDesignation='null', number=null, constellation=Constellation{constellation='Cancer', genitive='Cancri'}, prettyName='55 Cancri'}
26/09/11 15:38:32 WARN com.cse.exodex.datasets.StellarLibrary: probably not enough data lolwith BF id: BayerFlamsteed{flamsteedDesignation=55, bayerDesignation='null', number=null, constellation=Constellation{constellation='Cancer', genitive='Cancri'}, prettyName='55 Cancri'}
26/09/11 15:38:32 WARN com.cse.exodex.datasets.StellarLibrary: probably not enough data lolwith BF id: BayerFlamsteed{flamsteedDesignation=55, bayerDesignation='null', number=null, constellation=Constellation{constellation='Cancer', genitive='Cancri'}, prettyName='55 Cancri'}
26/09/11 15:38:32 WARN com.cse.exodex.datasets.StellarLibrary: probably not enough data lolwith BF id: BayerFlamsteed{flamsteedDesignation=55, bayerDesignation='null', number=null, constellation=Constellation{constellation='Cancer', genitive='Cancri'}, prettyName='55 Cancri'}
26/09/11 15:38:32 WARN com.cse.exodex.datasets.StellarLibrary: probably not enough data lolwith BF id: BayerFlamsteed{flamsteedDesignation=7, bayerDesignation='null', number=null, constellation=Constellation{constellation='Canis Major', genitive='Canis Majoris'}, prettyName='7 Canis Majoris'}
26/09/11 15:38:32 WARN com.cse.exodex.datasets.StellarLibrary: probably not enough data lolwith BF id: BayerFlamsteed{flamsteedDesignation=7, bayerDesignation='null', number=null, constellation=Constellation{constellation='Canis Major', genitive='Canis Majoris'}, prettyName='7 Canis Majoris'}
26/09/11 15:38:32 WARN com.cse.exodex.datasets.StellarLibrary: probably not enough data lolwith BF id: BayerFlamsteed{flamsteedDesignation=7, bayerDesignation='null', number=null, constellation=Constellation{constellation='Canis Major', genitive='Canis Majoris'}, prettyName='7 Canis Majoris'}
26/09/11 15:38:32 WARN com.cse.exodex.datasets.StellarLibrary: probably not enough data lolwith BF id: BayerFlamsteed{flamsteedDesignation=7, bayerDesignation='null', number=null, constellation=Constellation{constellation='Canis Major', genitive='Canis Majoris'}, prettyName='7 Canis Majoris'}
26/09/11 15:38:32 WARN com.cse.exodex.datasets.StellarLibrary: probably not enough data lolwith BF id: BayerFlamsteed{flamsteedDesignation=7, bayerDesignation='null', number=null, constellation=Constellation{constellation='Canis Major', genitive='Canis Majoris'}, prettyName='7 Canis Majoris'}
26/09/11 15:38:32 WARN com.cse.exodex.datasets.StellarLibrary: probably not enough data lolwith BF id: BayerFlamsteed{flamsteedDesignation=7, bayerDesignation='null', number=null, constellation=Constellation{constellation='Canis Major', genitive='Canis Majoris'}, prettyName='7 Canis Majoris'}
26/09/11 15:38:32 WARN com.cse.exodex.datasets.StellarLibrary: probably not enough data lolwith BF id: BayerFlamsteed{flamsteedDesignation=8, bayerDesignation='null', number=null, constellation=Constellation{constellation='Ursa Minor', genitive='Ursae Minoris'}, prettyName='8 Ursae Minoris'}
26/09/11 15:38:32 WARN com.cse.exodex.datasets.StellarLibrary: probably not enough data lolwith BF id: BayerFlamsteed{flamsteedDesignation=8, bayerDesignation='null', number=null, constellation=Constellation{constellation='Ursa Minor', genitive='Ursae Minoris'}, prettyName='8 Ursae Minoris'}
26/09/11 15:38:32 WARN com.cse.exodex.datasets.StellarLibrary: probably not enough data lolwith BF id: BayerFlamsteed{flamsteedDesignation=8, bayerDesignation='null', number=null, constellation=Constellation{constellation='Ursa Minor', genitive='Ursae Minoris'}, prettyName='8 Ursae Minoris'}
26/09/11 15:38:32 WARN com.cse.exodex.datasets.StellarLibrary: probably not enough data lolwith BF id: BayerFlamsteed{flamsteedDesignation=91, bayerDesignation='null', number=null, constellation=Constellation{constellation='Aquarius', genitive='Aquarii'}, prettyName='91 Aquarii'}
26/09/11 15:38:32 WARN com.cse.exodex.datasets.StellarLibrary: probably not enough data lolwith BF id: BayerFlamsteed{flamsteedDesignation=null, bayerDesignation='null', number=null, constellation=Constellation{constellation='Auriga', genitive='Aurigae'}, prettyName='Aurigae'}
26/09/11 15:38:32 WARN com.cse.exodex.datasets.StellarLibrary: probably not enough data lolwith BF id: BayerFlamsteed{flamsteedDesignation=null, bayerDesignation='null', number=null, constellation=Constellation{constellation='Pictor', genitive='Pictoris'}, prettyName='Pictoris'}
26/09/11 15:38:32 WARN com.cse.exodex.datasets.StellarLibrary: probably not enough data lolwith BF id: BayerFlamsteed{flamsteedDesignation=null, bayerDesignation='null', number=null, constellation=Constellation{constellation='Lepus', genitive='Leporis'}, prettyName='Leporis'}
26/09/11 15:38:32 WARN com.cse.exodex.datasets.StellarLibrary: probably not enough data lolwith BF id: BayerFlamsteed{flamsteedDesignation=null, bayerDesignation='null', number=null, constellation=Constellation{constellation='Lepus', genitive='Leporis'}, prettyName='Leporis'}
26/09/11 15:38:32 WARN com.cse.exodex.datasets.StellarLibrary: probably not enough data lolwith BF id: BayerFlamsteed{flamsteedDesignation=null, bayerDesignation='null', number=null, constellation=Constellation{constellation='Lepus', genitive='Leporis'}, prettyName='Leporis'}
26/09/11 15:38:32 WARN com.cse.exodex.datasets.StellarLibrary: probably not enough data lolwith BF id: BayerFlamsteed{flamsteedDesignation=null, bayerDesignation='null', number=null, constellation=Constellation{constellation='Lepus', genitive='Leporis'}, prettyName='Leporis'}
26/09/11 15:38:32 WARN com.cse.exodex.datasets.StellarLibrary: probably not enough data lolwith BF id: BayerFlamsteed{flamsteedDesignation=null, bayerDesignation='null', number=null, constellation=Constellation{constellation='Lepus', genitive='Leporis'}, prettyName='Leporis'}
26/09/11 15:38:32 WARN com.cse.exodex.datasets.StellarLibrary: probably not enough data lolwith BF id: BayerFlamsteed{flamsteedDesignation=null, bayerDesignation='null', number=2021, constellation=null, prettyName='2021'}
26/09/11 15:38:32 WARN com.cse.exodex.datasets.StellarLibrary: probably not enough data lolwith BF id: BayerFlamsteed{flamsteedDesignation=null, bayerDesignation='null', number=null, constellation=Constellation{constellation='Microscopium', genitive='Microscopii'}, prettyName='Microscopii'}
26/09/11 15:38:32 WARN com.cse.exodex.datasets.StellarLibrary: probably not enough data lolwith BF id: BayerFlamsteed{flamsteedDesignation=null, bayerDesignation='null', number=null, constellation=Constellation{constellation='Microscopium', genitive='Microscopii'}, prettyName='Microscopii'}
26/09/11 15:38:32 WARN com.cse.exodex.datasets.StellarLibrary: probably not enough data lolwith BF id: BayerFlamsteed{flamsteedDesignation=null, bayerDesignation='null', number=null, constellation=Constellation{constellation='Microscopium', genitive='Microscopii'}, prettyName='Microscopii'}
26/09/11 15:38:32 WARN com.cse.exodex.datasets.StellarLibrary: probably not enough data lolwith BF id: BayerFlamsteed{flamsteedDesignation=null, bayerDesignation='null', number=null, constellation=Constellation{constellation='Microscopium', genitive='Microscopii'}, prettyName='Microscopii'}
26/09/11 15:38:32 WARN com.cse.exodex.datasets.StellarLibrary: probably not enough data lolwith BF id: BayerFlamsteed{flamsteedDesignation=null, bayerDesignation='null', number=null, constellation=Constellation{constellation='Microscopium', genitive='Microscopii'}, prettyName='Microscopii'}
26/09/11 15:38:32 WARN com.cse.exodex.datasets.StellarLibrary: probably not enough data lolwith BF id: BayerFlamsteed{flamsteedDesignation=null, bayerDesignation='null', number=null, constellation=Constellation{constellation='Microscopium', genitive='Microscopii'}, prettyName='Microscopii'}
26/09/11 15:38:32 WARN com.cse.exodex.datasets.StellarLibrary: probably not enough data lolwith BF id: BayerFlamsteed{flamsteedDesignation=null, bayerDesignation='null', number=null, constellation=Constellation{constellation='Microscopium', genitive='Microscopii'}, prettyName='Microscopii'}
26/09/11 15:38:32 WARN com.cse.exodex.datasets.StellarLibrary: probably not enough data lolwith BF id: BayerFlamsteed{flamsteedDesignation=null, bayerDesignation='null', number=null, constellation=Constellation{constellation='Microscopium', genitive='Microscopii'}, prettyName='Microscopii'}
26/09/11 15:38:32 WARN com.cse.exodex.datasets.StellarLibrary: probably not enough data lolwith BF id: BayerFlamsteed{flamsteedDesignation=null, bayerDesignation='null', number=null, constellation=Constellation{constellation='Microscopium', genitive='Microscopii'}, prettyName='Microscopii'}
26/09/11 15:38:32 WARN com.cse.exodex.datasets.StellarLibrary: probably not enough data lolwith BF id: BayerFlamsteed{flamsteedDesignation=null, bayerDesignation='null', number=null, constellation=Constellation{constellation='Microscopium', genitive='Microscopii'}, prettyName='Microscopii'}
26/09/11 15:38:32 WARN com.cse.exodex.datasets.StellarLibrary: probably not enough data lolwith BF id: BayerFlamsteed{flamsteedDesignation=null, bayerDesignation='null', number=null, constellation=Constellation{constellation='Microscopium', genitive='Microscopii'}, prettyName='Microscopii'}
26/09/11 15:38:32 WARN com.cse.exodex.datasets.StellarLibrary: probably not enough data lolwith BF id: BayerFlamsteed{flamsteedDesignation=null, bayerDesignation='null', number=null, constellation=Constellation{constellation='Microscopium', genitive='Microscopii'}, prettyName='Microscopii'}
26/09/11 15:38:32 WARN com.cse.exodex.datasets.StellarLibrary: probably not enough data lolwith BF id: BayerFlamsteed{flamsteedDesignation=null, bayerDesignation='null', number=null, constellation=Constellation{constellation='Microscopium', genitive='Microscopii'}, prettyName='Microscopii'}
26/09/11 15:38:32 WARN com.cse.exodex.datasets.StellarLibrary: probably not enough data lolwith BF id: BayerFlamsteed{flamsteedDesignation=null, bayerDesignation='null', number=null, constellation=Constellation{constellation='Microscopium', genitive='Microscopii'}, prettyName='Microscopii'}
26/09/11 15:38:32 WARN com.cse.exodex.datasets.StellarLibrary: probably not enough data lolwith BF id: BayerFlamsteed{flamsteedDesignation=null, bayerDesignation='null', number=null, constellation=Constellation{constellation='Microscopium', genitive='Microscopii'}, prettyName='Microscopii'}
26/09/11 15:38:32 WARN com.cse.exodex.datasets.StellarLibrary: probably not enough data lolwith BF id: BayerFlamsteed{flamsteedDesignation=null, bayerDesignation='null', number=null, constellation=Constellation{constellation='Microscopium', genitive='Microscopii'}, prettyName='Microscopii'}
26/09/11 15:38:32 WARN com.cse.exodex.datasets.StellarLibrary: probably not enough data lolwith BF id: BayerFlamsteed{flamsteedDesignation=null, bayerDesignation='null', number=null, constellation=Constellation{constellation='Microscopium', genitive='Microscopii'}, prettyName='Microscopii'}
26/09/11 15:38:32 WARN com.cse.exodex.datasets.StellarLibrary: probably not enough data lolwith BF id: BayerFlamsteed{flamsteedDesignation=null, bayerDesignation='null', number=null, constellation=Constellation{constellation='Microscopium', genitive='Microscopii'}, prettyName='Microscopii'}
26/09/11 15:38:32 WARN com.cse.exodex.datasets.StellarLibrary: probably not enough data lolwith BF id: BayerFlamsteed{flamsteedDesignation=null, bayerDesignation='null', number=null, constellation=Constellation{constellation='Microscopium', genitive='Microscopii'}, prettyName='Microscopii'}
26/09/11 15:38:32 WARN com.cse.exodex.datasets.StellarLibrary: probably not enough data lolwith BF id: BayerFlamsteed{flamsteedDesignation=null, bayerDesignation='null', number=null, constellation=Constellation{constellation='Microscopium', genitive='Microscopii'}, prettyName='Microscopii'}
26/09/11 15:38:32 WARN com.cse.exodex.datasets.StellarLibrary: probably not enough data lolwith BF id: BayerFlamsteed{flamsteedDesignation=null, bayerDesignation='null', number=null, constellation=Constellation{constellation='Microscopium', genitive='Microscopii'}, prettyName='Microscopii'}
26/09/11 15:38:32 WARN com.cse.exodex.datasets.StellarLibrary: probably not enough data lolwith BF id: BayerFlamsteed{flamsteedDesignation=null, bayerDesignation='null', number=null, constellation=Constellation{constellation='Microscopium', genitive='Microscopii'}, prettyName='Microscopii'}
26/09/11 15:38:32 WARN com.cse.exodex.datasets.StellarLibrary: probably not enough data lolwith BF id: BayerFlamsteed{flamsteedDesignation=null, bayerDesignation='null', number=null, constellation=Constellation{constellation='Microscopium', genitive='Microscopii'}, prettyName='Microscopii'}
26/09/11 15:38:32 WARN com.cse.exodex.datasets.StellarLibrary: probably not enough data lolwith BF id: BayerFlamsteed{flamsteedDesignation=null, bayerDesignation='null', number=null, constellation=Constellation{constellation='Microscopium', genitive='Microscopii'}, prettyName='Microscopii'}
26/09/11 15:38:32 WARN com.cse.exodex.datasets.StellarLibrary: probably not enough data lolwith BF id: BayerFlamsteed{flamsteedDesignation=null, bayerDesignation='null', number=null, constellation=Constellation{constellation='Microscopium', genitive='Microscopii'}, prettyName='Microscopii'}
26/09/11 15:38:32 WARN com.cse.exodex.datasets.StellarLibrary: probably not enough data lolwith BF id: BayerFlamsteed{flamsteedDesignation=null, bayerDesignation='null', number=null, constellation=Constellation{constellation='Microscopium', genitive='Microscopii'}, prettyName='Microscopii'}
26/09/11 15:38:32 WARN com.cse.exodex.datasets.StellarLibrary: probably not enough data lolwith HD ID: 111605
26/09/11 15:38:32 WARN com.cse.exodex.datasets.StellarLibrary: probably not enough data lolwith BF id: BayerFlamsteed{flamsteedDesignation=null, bayerDesignation='null', number=null, constellation=Constellation{constellation='Cetus', genitive='Ceti'}, prettyName='Ceti'}
26/09/11 15:38:32 WARN com.cse.exodex.datasets.StellarLibrary: probably not enough data lolwith BF id: BayerFlamsteed{flamsteedDesignation=null, bayerDesignation='null', number=null, constellation=Constellation{constellation='Taurus', genitive='Tauri'}, prettyName='Tauri'}
26/09/11 15:38:32 WARN com.cse.exodex.datasets.StellarLibrary: probably not enough data lolwith BF id: BayerFlamsteed{flamsteedDesignation=null, bayerDesignation='null', number=null, constellation=Constellation{constellation='Chamaeleon', genitive='Chamaeleontis'}, prettyName='Chamaeleontis'}
26/09/11 15:38:32 WARN com.cse.exodex.datasets.StellarLibrary: probably not enough data lolwith BF id: BayerFlamsteed{flamsteedDesignation=null, bayerDesignation='null', number=null, constellation=Constellation{constellation='Canes Venatici', genitive='Canum Venaticorum'}, prettyName='Canum Venaticorum'}
26/09/11 15:38:32 WARN com.cse.exodex.datasets.StellarLibrary: probably not enough data lolwith BF id: BayerFlamsteed{flamsteedDesignation=null, bayerDesignation='null', number=null, constellation=Constellation{constellation='Taurus', genitive='Tauri'}, prettyName='Tauri'}
26/09/11 15:38:32 WARN com.cse.exodex.datasets.StellarLibrary: probably not enough data lolwith BF id: BayerFlamsteed{flamsteedDesignation=null, bayerDesignation='null', number=null, constellation=Constellation{constellation='Taurus', genitive='Tauri'}, prettyName='Tauri'}
26/09/11 15:38:32 WARN com.cse.exodex.datasets.StellarLibrary: probably not enough data lolwith BF id: BayerFlamsteed{flamsteedDesignation=null, bayerDesignation='null', number=null, constellation=Constellation{constellation='Leo', genitive='Leonis'}, prettyName='Leonis'}
26/09/11 15:38:32 WARN com.cse.exodex.datasets.StellarLibrary: probably not enough data lolwith BF id: BayerFlamsteed{flamsteedDesignation=null, bayerDesignation='null', number=null, constellation=Constellation{constellation='Leo', genitive='Leonis'}, prettyName='Leonis'}
26/09/11 15:38:32 WARN com.cse.exodex.datasets.StellarLibrary: probably not enough data lolwith BF id: BayerFlamsteed{flamsteedDesignation=null, bayerDesignation='null', number=116748, constellation=null, prettyName='116748'}
26/09/11 15:38:32 WARN com.cse.exodex.datasets.StellarLibrary: probably not enough data lolwith BF id: BayerFlamsteed{flamsteedDesignation=null, bayerDesignation='null', number=222259, constellation=null, prettyName='222259'}
26/09/11 15:38:32 WARN com.cse.exodex.datasets.StellarLibrary: probably not enough data lolwith BF id: BayerFlamsteed{flamsteedDesignation=null, bayerDesignation='null', number=116748, constellation=null, prettyName='116748'}
26/09/11 15:38:32 WARN com.cse.exodex.datasets.StellarLibrary: probably not enough data lolwith BF id: BayerFlamsteed{flamsteedDesignation=null, bayerDesignation='null', number=222259, constellation=null, prettyName='222259'}
26/09/11 15:38:32 WARN com.cse.exodex.datasets.StellarLibrary: probably not enough data lolwith BF id: BayerFlamsteed{flamsteedDesignation=null, bayerDesignation='null', number=116748, constellation=null, prettyName='116748'}
26/09/11 15:38:32 WARN com.cse.exodex.datasets.StellarLibrary: probably not enough data lolwith BF id: BayerFlamsteed{flamsteedDesignation=null, bayerDesignation='null', number=222259, constellation=null, prettyName='222259'}
26/09/11 15:38:32 WARN com.cse.exodex.datasets.StellarLibrary: probably not enough data lolwith BF id: BayerFlamsteed{flamsteedDesignation=null, bayerDesignation='null', number=null, constellation=Constellation{constellation='Taurus', genitive='Tauri'}, prettyName='Tauri'}
26/09/11 15:38:32 WARN com.cse.exodex.datasets.StellarLibrary: probably not enough data lolwith BF id: BayerFlamsteed{flamsteedDesignation=null, bayerDesignation='null', number=null, constellation=Constellation{constellation='Taurus', genitive='Tauri'}, prettyName='Tauri'}
26/09/11 15:38:32 WARN com.cse.exodex.datasets.StellarLibrary: probably not enough data lolwith BF id: BayerFlamsteed{flamsteedDesignation=null, bayerDesignation='null', number=15, constellation=null, prettyName='15'}
26/09/11 15:38:32 WARN com.cse.exodex.datasets.StellarLibrary: probably not enough data lolwith BF id: BayerFlamsteed{flamsteedDesignation=null, bayerDesignation='null', number=15, constellation=null, prettyName='15'}
26/09/11 15:38:32 WARN com.cse.exodex.datasets.StellarLibrary: probably not enough data lolwith BF id: BayerFlamsteed{flamsteedDesignation=null, bayerDesignation='null', number=15, constellation=null, prettyName='15'}
26/09/11 15:38:32 WARN com.cse.exodex.datasets.StellarLibrary: probably not enough data lolwith BF id: BayerFlamsteed{flamsteedDesignation=null, bayerDesignation='null', number=15, constellation=null, prettyName='15'}
26/09/11 15:38:32 WARN com.cse.exodex.datasets.StellarLibrary: probably not enough data lolwith GJ id: 2030
26/09/11 15:38:32 WARN com.cse.exodex.datasets.StellarLibrary: probably not enough data lolwith GJ id: 2030
26/09/11 15:38:32 WARN com.cse.exodex.datasets.StellarLibrary: probably not enough data lolwith GJ id: 2056
26/09/11 15:38:32 WARN com.cse.exodex.datasets.StellarLibrary: probably not enough data lolwith GJ id: 2126
26/09/11 15:38:32 WARN com.cse.exodex.datasets.StellarLibrary: probably not enough data lolwith GJ id: 3222
26/09/11 15:38:32 WARN com.cse.exodex.datasets.StellarLibrary: probably not enough data lolwith BF id: BayerFlamsteed{flamsteedDesignation=null, bayerDesignation='null', number=338, constellation=null, prettyName='338'}
26/09/11 15:38:32 WARN com.cse.exodex.datasets.StellarLibrary: probably not enough data lolwith BF id: BayerFlamsteed{flamsteedDesignation=null, bayerDesignation='null', number=338, constellation=null, prettyName='338'}
26/09/11 15:38:32 WARN com.cse.exodex.datasets.StellarLibrary: probably not enough data lolwith GJ id: 3473
26/09/11 15:38:32 WARN com.cse.exodex.datasets.StellarLibrary: probably not enough data lolwith GJ id: 3473
26/09/11 15:38:32 WARN com.cse.exodex.datasets.StellarLibrary: probably not enough data lolwith GJ id: 3473
26/09/11 15:38:32 WARN com.cse.exodex.datasets.StellarLibrary: probably not enough data lolwith GJ id: 3473
26/09/11 15:38:32 WARN com.cse.exodex.datasets.StellarLibrary: probably not enough data lolwith BF id: BayerFlamsteed{flamsteedDesignation=null, bayerDesignation='null', number=414, constellation=null, prettyName='414'}
26/09/11 15:38:32 WARN com.cse.exodex.datasets.StellarLibrary: probably not enough data lolwith BF id: BayerFlamsteed{flamsteedDesignation=null, bayerDesignation='null', number=414, constellation=null, prettyName='414'}
26/09/11 15:38:32 WARN com.cse.exodex.datasets.StellarLibrary: probably not enough data lolwith BF id: BayerFlamsteed{flamsteedDesignation=null, bayerDesignation='null', number=414, constellation=null, prettyName='414'}
26/09/11 15:38:32 WARN com.cse.exodex.datasets.StellarLibrary: probably not enough data lolwith BF id: BayerFlamsteed{flamsteedDesignation=null, bayerDesignation='null', number=414, constellation=null, prettyName='414'}
26/09/11 15:38:32 WARN com.cse.exodex.datasets.StellarLibrary: probably not enough data lolwith BF id: BayerFlamsteed{flamsteedDesignation=null, bayerDesignation='null', number=667, constellation=null, prettyName='667'}
26/09/11 15:38:32 WARN com.cse.exodex.datasets.StellarLibrary: probably not enough data lolwith BF id: BayerFlamsteed{flamsteedDesignation=null, bayerDesignation='null', number=667, constellation=null, prettyName='667'}
26/09/11 15:38:32 WARN com.cse.exodex.datasets.StellarLibrary: probably not enough data lolwith BF id: BayerFlamsteed{flamsteedDesignation=null, bayerDesignation='null', number=667, constellation=null, prettyName='667'}
26/09/11 15:38:32 WARN com.cse.exodex.datasets.StellarLibrary: probably not enough data lolwith BF id: BayerFlamsteed{flamsteedDesignation=null, bayerDesignation='null', number=667, constellation=null, prettyName='667'}
26/09/11 15:38:32 WARN com.cse.exodex.datasets.StellarLibrary: probably not enough data lolwith BF id: BayerFlamsteed{flamsteedDesignation=null, bayerDesignation='null', number=667, constellation=null, prettyName='667'}
26/09/11 15:38:32 WARN com.cse.exodex.datasets.StellarLibrary: probably not enough data lolwith BF id: BayerFlamsteed{flamsteedDesignation=null, bayerDesignation='null', number=667, constellation=null, prettyName='667'}
26/09/11 15:38:32 WARN com.cse.exodex.datasets.StellarLibrary: probably not enough data lolwith BF id: BayerFlamsteed{flamsteedDesignation=null, bayerDesignation='null', number=667, constellation=null, prettyName='667'}
26/09/11 15:38:32 WARN com.cse.exodex.datasets.StellarLibrary: probably not enough data lolwith BF id: BayerFlamsteed{flamsteedDesignation=null, bayerDesignation='null', number=667, constellation=null, prettyName='667'}
26/09/11 15:38:32 WARN com.cse.exodex.datasets.StellarLibrary: probably not enough data lolwith BF id: BayerFlamsteed{flamsteedDesignation=null, bayerDesignation='null', number=667, constellation=null, prettyName='667'}
26/09/11 15:38:32 WARN com.cse.exodex.datasets.StellarLibrary: probably not enough data lolwith BF id: BayerFlamsteed{flamsteedDesignation=null, bayerDesignation='null', number=667, constellation=null, prettyName='667'}
26/09/11 15:38:32 WARN com.cse.exodex.datasets.StellarLibrary: probably not enough data lolwith BF id: BayerFlamsteed{flamsteedDesignation=null, bayerDesignation='null', number=667, constellation=null, prettyName='667'}
26/09/11 15:38:32 WARN com.cse.exodex.datasets.StellarLibrary: probably not enough data lolwith BF id: BayerFlamsteed{flamsteedDesignation=null, bayerDesignation='null', number=667, constellation=null, prettyName='667'}
26/09/11 15:38:32 WARN com.cse.exodex.datasets.StellarLibrary: probably not enough data lolwith BF id: BayerFlamsteed{flamsteedDesignation=null, bayerDesignation='null', number=676, constellation=null, prettyName='676'}
26/09/11 15:38:32 WARN com.cse.exodex.datasets.StellarLibrary: probably not enough data lolwith BF id: BayerFlamsteed{flamsteedDesignation=null, bayerDesignation='null', number=676, constellation=null, prettyName='676'}
26/09/11 15:38:32 WARN com.cse.exodex.datasets.StellarLibrary: probably not enough data lolwith BF id: BayerFlamsteed{flamsteedDesignation=null, bayerDesignation='null', number=676, constellation=null, prettyName='676'}
26/09/11 15:38:32 WARN com.cse.exodex.datasets.StellarLibrary: probably not enough data lolwith BF id: BayerFlamsteed{flamsteedDesignation=null, bayerDesignation='null', number=676, constellation=null, prettyName='676'}
26/09/11 15:38:32 WARN com.cse.exodex.datasets.StellarLibrary: probably not enough data lolwith BF id: BayerFlamsteed{flamsteedDesignation=null, bayerDesignation='null', number=676, constellation=null, prettyName='676'}
26/09/11 15:38:32 WARN com.cse.exodex.datasets.StellarLibrary: probably not enough data lolwith BF id: BayerFlamsteed{flamsteedDesignation=null, bayerDesignation='null', number=676, constellation=null, prettyName='676'}
26/09/11 15:38:32 WARN com.cse.exodex.datasets.StellarLibrary: probably not enough data lolwith BF id: BayerFlamsteed{flamsteedDesignation=null, bayerDesignation='null', number=676, constellation=null, prettyName='676'}
26/09/11 15:38:32 WARN com.cse.exodex.datasets.StellarLibrary: probably not enough data lolwith BF id: BayerFlamsteed{flamsteedDesignation=null, bayerDesignation='null', number=676, constellation=null, prettyName='676'}
26/09/11 15:38:32 WARN com.cse.exodex.datasets.StellarLibrary: probably not enough data lolwith BF id: BayerFlamsteed{flamsteedDesignation=null, bayerDesignation='null', number=676, constellation=null, prettyName='676'}
26/09/11 15:38:32 WARN com.cse.exodex.datasets.StellarLibrary: probably not enough data lolwith BF id: BayerFlamsteed{flamsteedDesignation=null, bayerDesignation='null', number=676, constellation=null, prettyName='676'}
26/09/11 15:38:32 WARN com.cse.exodex.datasets.StellarLibrary: probably not enough data lolwith BF id: BayerFlamsteed{flamsteedDesignation=null, bayerDesignation='null', number=676, constellation=null, prettyName='676'}
26/09/11 15:38:32 WARN com.cse.exodex.datasets.StellarLibrary: probably not enough data lolwith BF id: BayerFlamsteed{flamsteedDesignation=null, bayerDesignation='null', number=676, constellation=null, prettyName='676'}
26/09/11 15:38:32 WARN com.cse.exodex.datasets.StellarLibrary: probably not enough data lolwith BF id: BayerFlamsteed{flamsteedDesignation=null, bayerDesignation='null', number=676, constellation=null, prettyName='676'}
26/09/11 15:38:32 WARN com.cse.exodex.datasets.StellarLibrary: probably not enough data lolwith BF id: BayerFlamsteed{flamsteedDesignation=null, bayerDesignation='null', number=720, constellation=null, prettyName='720'}
26/09/11 15:38:32 WARN com.cse.exodex.datasets.StellarLibrary: probably not enough data lolwith BF id: BayerFlamsteed{flamsteedDesignation=null, bayerDesignation='null', number=896, constellation=null, prettyName='896'}
26/09/11 15:38:32 WARN com.cse.exodex.datasets.StellarLibrary: probably not enough data lolwith BF id: BayerFlamsteed{flamsteedDesignation=null, bayerDesignation='null', number=116132, constellation=null, prettyName='116132'}
26/09/11 15:38:32 WARN com.cse.exodex.datasets.StellarLibrary: probably not enough data lolwith BF id: BayerFlamsteed{flamsteedDesignation=null, bayerDesignation='null', number=900, constellation=null, prettyName='900'}
26/09/11 15:38:32 WARN com.cse.exodex.datasets.StellarLibrary: probably not enough data lolwith GJ id: 9066
26/09/11 15:38:32 WARN com.cse.exodex.datasets.StellarLibrary: probably not enough data lolwith GJ id: 9066
26/09/11 15:38:32 WARN com.cse.exodex.datasets.StellarLibrary: probably not enough data lolwith GJ id: 9404
26/09/11 15:38:32 WARN com.cse.exodex.datasets.StellarLibrary: probably not enough data lolwith GJ id: 9689
26/09/11 15:38:32 WARN com.cse.exodex.datasets.StellarLibrary: probably not enough data lolwith BF id: BayerFlamsteed{flamsteedDesignation=null, bayerDesignation='null', number=null, constellation=Constellation{constellation='Lupus', genitive='Lupi'}, prettyName='Lupi'}
26/09/11 15:38:32 WARN com.cse.exodex.datasets.StellarLibrary: probably not enough data lolwith BF id: BayerFlamsteed{flamsteedDesignation=null, bayerDesignation='null', number=null, constellation=Constellation{constellation='Lupus', genitive='Lupi'}, prettyName='Lupi'}
26/09/11 15:38:32 WARN com.cse.exodex.datasets.StellarLibrary: probably not enough data lolwith BF id: BayerFlamsteed{flamsteedDesignation=null, bayerDesignation='null', number=null, constellation=Constellation{constellation='Pices', genitive='Piscium'}, prettyName='Piscium'}
26/09/11 15:38:32 WARN com.cse.exodex.datasets.StellarLibrary: probably not enough data lolwith BF id: BayerFlamsteed{flamsteedDesignation=null, bayerDesignation='null', number=22, constellation=null, prettyName='22'}
26/09/11 15:38:32 WARN com.cse.exodex.datasets.StellarLibrary: probably not enough data lolwith BF id: BayerFlamsteed{flamsteedDesignation=null, bayerDesignation='null', number=22, constellation=null, prettyName='22'}
26/09/11 15:38:32 WARN com.cse.exodex.datasets.StellarLibrary: probably not enough data lolwith BF id: BayerFlamsteed{flamsteedDesignation=null, bayerDesignation='null', number=22, constellation=null, prettyName='22'}
26/09/11 15:38:32 WARN com.cse.exodex.datasets.StellarLibrary: probably not enough data lolwith BF id: BayerFlamsteed{flamsteedDesignation=null, bayerDesignation='null', number=22, constellation=null, prettyName='22'}
26/09/11 15:38:32 WARN com.cse.exodex.datasets.StellarLibrary: probably not enough data lolwith BF id: BayerFlamsteed{flamsteedDesignation=null, bayerDesignation='null', number=22, constellation=null, prettyName='22'}
26/09/11 15:38:32 WARN com.cse.exodex.datasets.StellarLibrary: probably not enough data lolwith BF id: BayerFlamsteed{flamsteedDesignation=null, bayerDesignation='null', number=22, constellation=null, prettyName='22'}
26/09/11 15:38:32 WARN com.cse.exodex.datasets.StellarLibrary: probably not enough data lolwith BF id: BayerFlamsteed{flamsteedDesignation=null, bayerDesignation='null', number=22, constellation=null, prettyName='22'}
26/09/11 15:38:32 WARN com.cse.exodex.datasets.StellarLibrary: probably not enough data lolwith BF id: BayerFlamsteed{flamsteedDesignation=null, bayerDesignation='null', number=23, constellation=null, prettyName='23'}
26/09/11 15:38:32 WARN com.cse.exodex.datasets.StellarLibrary: probably not enough data lolwith BF id: BayerFlamsteed{flamsteedDesignation=null, bayerDesignation='null', number=725, constellation=null, prettyName='725'}
26/09/11 15:38:32 WARN com.cse.exodex.datasets.StellarLibrary: probably not enough data lolwith BF id: BayerFlamsteed{flamsteedDesignation=null, bayerDesignation='null', number=725, constellation=null, prettyName='725'}
26/09/11 15:38:32 WARN com.cse.exodex.datasets.StellarLibrary: probably not enough data lolwith HD ID: 233731
26/09/11 15:38:32 WARN com.cse.exodex.datasets.StellarLibrary: probably not enough data lolwith HD ID: 233731
26/09/11 15:38:32 WARN com.cse.exodex.datasets.StellarLibrary: probably not enough data lolwith HD ID: 233731
26/09/11 15:38:32 WARN com.cse.exodex.datasets.StellarLibrary: probably not enough data lolwith HD ID: 233731
26/09/11 15:38:32 WARN com.cse.exodex.datasets.StellarLibrary: probably not enough data lolwith HD ID: 233731
26/09/11 15:38:32 WARN com.cse.exodex.datasets.StellarLibrary: probably not enough data lolwith HD ID: 233731
26/09/11 15:38:32 WARN com.cse.exodex.datasets.StellarLibrary: probably not enough data lolwith HD ID: 233731
26/09/11 15:38:32 WARN com.cse.exodex.datasets.StellarLibrary: probably not enough data lolwith HD ID: 233731
26/09/11 15:38:32 WARN com.cse.exodex.datasets.StellarLibrary: probably not enough data lolwith HD ID: 233731
26/09/11 15:38:32 WARN com.cse.exodex.datasets.StellarLibrary: probably not enough data lolwith HD ID: 233731
26/09/11 15:38:32 WARN com.cse.exodex.datasets.StellarLibrary: probably not enough data lolwith HD ID: 233731
26/09/11 15:38:32 WARN com.cse.exodex.datasets.StellarLibrary: probably not enough data lolwith HD ID: 351766
26/09/11 15:38:32 WARN com.cse.exodex.datasets.StellarLibrary: probably not enough data lolwith HD ID: 351766
26/09/11 15:38:32 WARN com.cse.exodex.datasets.StellarLibrary: probably not enough data lolwith HD ID: 351766
26/09/11 15:38:32 WARN com.cse.exodex.datasets.StellarLibrary: probably not enough data lolwith HD ID: 351766
26/09/11 15:38:32 WARN com.cse.exodex.datasets.StellarLibrary: probably not enough data lolwith HD ID: 351766
26/09/11 15:38:32 WARN com.cse.exodex.datasets.StellarLibrary: probably not enough data lolwith HD ID: 351766
26/09/11 15:38:32 WARN com.cse.exodex.datasets.StellarLibrary: probably not enough data lolwith HD ID: 351766
26/09/11 15:38:32 WARN com.cse.exodex.datasets.StellarLibrary: probably not enough data lolwith HD ID: 351766
26/09/11 15:38:32 WARN com.cse.exodex.datasets.StellarLibrary: probably not enough data lolwith HD ID: 351766
26/09/11 15:38:32 WARN com.cse.exodex.datasets.StellarLibrary: probably not enough data lolwith HD ID: 351766
26/09/11 15:38:32 WARN com.cse.exodex.datasets.StellarLibrary: probably not enough data lolwith HD ID: 351766
26/09/11 15:38:32 WARN com.cse.exodex.datasets.StellarLibrary: probably not enough data lolwith HD ID: 340099
26/09/11 15:38:32 WARN com.cse.exodex.datasets.StellarLibrary: probably not enough data lolwith HD ID: 340099
26/09/11 15:38:32 WARN com.cse.exodex.datasets.StellarLibrary: probably not enough data lolwith HD ID: 340099
26/09/11 15:38:32 WARN com.cse.exodex.datasets.StellarLibrary: probably not enough data lolwith HD ID: 340099
26/09/11 15:38:32 WARN com.cse.exodex.datasets.StellarLibrary: probably not enough data lolwith HD ID: 340099
26/09/11 15:38:32 WARN com.cse.exodex.datasets.StellarLibrary: probably not enough data lolwith HD ID: 340099
26/09/11 15:38:32 WARN com.cse.exodex.datasets.StellarLibrary: probably not enough data lolwith HD ID: 340099
26/09/11 15:38:32 WARN com.cse.exodex.datasets.StellarLibrary: probably not enough data lolwith HD ID: 340099
26/09/11 15:38:32 WARN com.cse.exodex.datasets.StellarLibrary: probably not enough data lolwith HD ID: 287325
26/09/11 15:38:32 WARN com.cse.exodex.datasets.StellarLibrary: probably not enough data lolwith HD ID: 287325
26/09/11 15:38:32 WARN com.cse.exodex.datasets.StellarLibrary: probably not enough data lolwith HD ID: 287325
26/09/11 15:38:32 WARN com.cse.exodex.datasets.StellarLibrary: probably not enough data lolwith HD ID: 287325
26/09/11 15:38:32 WARN com.cse.exodex.datasets.StellarLibrary: probably not enough data lolwith HD ID: 287325
26/09/11 15:38:32 WARN com.cse.exodex.datasets.StellarLibrary: probably not enough data lolwith HD ID: 10442
26/09/11 15:38:32 WARN com.cse.exodex.datasets.StellarLibrary: probably not enough data lolwith HD ID: 10442
26/09/11 15:38:32 WARN com.cse.exodex.datasets.StellarLibrary: probably not enough data lolwith HD ID: 10442
26/09/11 15:38:32 WARN com.cse.exodex.datasets.StellarLibrary: probably not enough data lolwith HD ID: 10442
26/09/11 15:38:32 WARN com.cse.exodex.datasets.StellarLibrary: probably not enough data lolwith HD ID: 10442
26/09/11 15:38:32 WARN com.cse.exodex.datasets.StellarLibrary: probably not enough data lolwith HD ID: 10442
26/09/11 15:38:32 WARN com.cse.exodex.datasets.StellarLibrary: probably not enough data lolwith HD ID: 10442
26/09/11 15:38:32 WARN com.cse.exodex.datasets.StellarLibrary: probably not enough data lolwith HD ID: 10442
26/09/11 15:38:32 WARN com.cse.exodex.datasets.StellarLibrary: probably not enough data lolwith HD ID: 106315
26/09/11 15:38:32 WARN com.cse.exodex.datasets.StellarLibrary: probably not enough data lolwith HD ID: 106315
26/09/11 15:38:32 WARN com.cse.exodex.datasets.StellarLibrary: probably not enough data lolwith HD ID: 106315
26/09/11 15:38:32 WARN com.cse.exodex.datasets.StellarLibrary: probably not enough data lolwith HD ID: 106315
26/09/11 15:38:32 WARN com.cse.exodex.datasets.StellarLibrary: probably not enough data lolwith HD ID: 106315
26/09/11 15:38:32 WARN com.cse.exodex.datasets.StellarLibrary: probably not enough data lolwith HD ID: 106315
26/09/11 15:38:32 WARN com.cse.exodex.datasets.StellarLibrary: probably not enough data lolwith HD ID: 106315
26/09/11 15:38:32 WARN com.cse.exodex.datasets.StellarLibrary: probably not enough data lolwith HD ID: 106315
26/09/11 15:38:32 WARN com.cse.exodex.datasets.StellarLibrary: probably not enough data lolwith HD ID: 106315
26/09/11 15:38:32 WARN com.cse.exodex.datasets.StellarLibrary: probably not enough data lolwith HD ID: 106315
26/09/11 15:38:32 WARN com.cse.exodex.datasets.StellarLibrary: probably not enough data lolwith HD ID: 106315
26/09/11 15:38:32 WARN com.cse.exodex.datasets.StellarLibrary: probably not enough data lolwith HD ID: 106315
26/09/11 15:38:32 WARN com.cse.exodex.datasets.StellarLibrary: probably not enough data lolwith HD ID: 106315
26/09/11 15:38:32 WARN com.cse.exodex.datasets.StellarLibrary: probably not enough data lolwith HD ID: 106315
26/09/11 15:38:32 WARN com.cse.exodex.datasets.StellarLibrary: probably not enough data lolwith HD ID: 106315
26/09/11 15:38:32 WARN com.cse.exodex.datasets.StellarLibrary: probably not enough data lolwith HD ID: 106315
26/09/11 15:38:32 WARN com.cse.exodex.datasets.StellarLibrary: probably not enough data lolwith HD ID: 106315
26/09/11 15:38:32 WARN com.cse.exodex.datasets.StellarLibrary: probably not enough data lolwith HD ID: 106315
26/09/11 15:38:32 WARN com.cse.exodex.datasets.StellarLibrary: probably not enough data lolwith HD ID: 106315
26/09/11 15:38:32 WARN com.cse.exodex.datasets.StellarLibrary: probably not enough data lolwith HD ID: 106315
26/09/11 15:38:32 WARN com.cse.exodex.datasets.StellarLibrary: probably not enough data lolwith HD ID: 106315
26/09/11 15:38:32 WARN com.cse.exodex.datasets.StellarLibrary: probably not enough data lolwith HD ID: 106315
26/09/11 15:38:32 WARN com.cse.exodex.datasets.StellarLibrary: probably not enough data lolwith HD ID: 106315
26/09/11 15:38:32 WARN com.cse.exodex.datasets.StellarLibrary: probably not enough data lolwith HD ID: 106315
26/09/11 15:38:32 WARN com.cse.exodex.datasets.StellarLibrary: probably not enough data lolwith HD ID: 106315
26/09/11 15:38:32 WARN com.cse.exodex.datasets.StellarLibrary: probably not enough data lolwith HD ID: 106315
26/09/11 15:38:32 WARN com.cse.exodex.datasets.StellarLibrary: probably not enough data lolwith HD ID: 106315
26/09/11 15:38:32 WARN com.cse.exodex.datasets.StellarLibrary: probably not enough data lolwith HD ID: 106315
26/09/11 15:38:32 WARN com.cse.exodex.datasets.StellarLibrary: probably not enough data lolwith HD ID: 106315
26/09/11 15:38:32 WARN com.cse.exodex.datasets.StellarLibrary: probably not enough data lolwith HD ID: 106315
26/09/11 15:38:32 WARN com.cse.exodex.datasets.StellarLibrary: probably not enough data lolwith HD ID: 106315
26/09/11 15:38:32 WARN com.cse.exodex.datasets.StellarLibrary: probably not enough data lolwith HD ID: 106315
26/09/11 15:38:32 WARN com.cse.exodex.datasets.StellarLibrary: probably not enough data lolwith HD ID: 106315
26/09/11 15:38:32 WARN com.cse.exodex.datasets.StellarLibrary: probably not enough data lolwith HD ID: 106315
26/09/11 15:38:32 WARN com.cse.exodex.datasets.StellarLibrary: probably not enough data lolwith HD ID: 106315
26/09/11 15:38:32 WARN com.cse.exodex.datasets.StellarLibrary: probably not enough data lolwith HD ID: 106315
26/09/11 15:38:32 WARN com.cse.exodex.datasets.StellarLibrary: probably not enough data lolwith HD ID: 106315
26/09/11 15:38:32 WARN com.cse.exodex.datasets.StellarLibrary: probably not enough data lolwith HD ID: 106315
26/09/11 15:38:32 WARN com.cse.exodex.datasets.StellarLibrary: probably not enough data lolwith HD ID: 106315
26/09/11 15:38:32 WARN com.cse.exodex.datasets.StellarLibrary: probably not enough data lolwith HD ID: 106315
26/09/11 15:38:32 WARN com.cse.exodex.datasets.StellarLibrary: probably not enough data lolwith HD ID: 106315
26/09/11 15:38:32 WARN com.cse.exodex.datasets.StellarLibrary: probably not enough data lolwith HD ID: 106315
26/09/11 15:38:32 WARN com.cse.exodex.datasets.StellarLibrary: probably not enough data lolwith BF id: BayerFlamsteed{flamsteedDesignation=null, bayerDesignation='null', number=106515, constellation=null, prettyName='106515'}
26/09/11 15:38:32 WARN com.cse.exodex.datasets.StellarLibrary: probably not enough data lolwith BF id: BayerFlamsteed{flamsteedDesignation=null, bayerDesignation='null', number=59743, constellation=null, prettyName='59743'}
26/09/11 15:38:32 WARN com.cse.exodex.datasets.StellarLibrary: probably not enough data lolwith BF id: BayerFlamsteed{flamsteedDesignation=null, bayerDesignation='null', number=106515, constellation=null, prettyName='106515'}
26/09/11 15:38:32 WARN com.cse.exodex.datasets.StellarLibrary: probably not enough data lolwith BF id: BayerFlamsteed{flamsteedDesignation=null, bayerDesignation='null', number=106515, constellation=null, prettyName='106515'}
26/09/11 15:38:32 WARN com.cse.exodex.datasets.StellarLibrary: probably not enough data lolwith BF id: BayerFlamsteed{flamsteedDesignation=null, bayerDesignation='null', number=59743, constellation=null, prettyName='59743'}
26/09/11 15:38:32 WARN com.cse.exodex.datasets.StellarLibrary: probably not enough data lolwith BF id: BayerFlamsteed{flamsteedDesignation=null, bayerDesignation='null', number=106515, constellation=null, prettyName='106515'}
26/09/11 15:38:32 WARN com.cse.exodex.datasets.StellarLibrary: probably not enough data lolwith BF id: BayerFlamsteed{flamsteedDesignation=null, bayerDesignation='null', number=106515, constellation=null, prettyName='106515'}
26/09/11 15:38:32 WARN com.cse.exodex.datasets.StellarLibrary: probably not enough data lolwith BF id: BayerFlamsteed{flamsteedDesignation=null, bayerDesignation='null', number=59743, constellation=null, prettyName='59743'}
26/09/11 15:38:32 WARN com.cse.exodex.datasets.StellarLibrary: probably not enough data lolwith BF id: BayerFlamsteed{flamsteedDesignation=null, bayerDesignation='null', number=106515, constellation=null, prettyName='106515'}
26/09/11 15:38:32 WARN com.cse.exodex.datasets.StellarLibrary: probably not enough data lolwith BF id: BayerFlamsteed{flamsteedDesignation=null, bayerDesignation='null', number=106515, constellation=null, prettyName='106515'}
26/09/11 15:38:32 WARN com.cse.exodex.datasets.StellarLibrary: probably not enough data lolwith BF id: BayerFlamsteed{flamsteedDesignation=null, bayerDesignation='null', number=59743, constellation=null, prettyName='59743'}
26/09/11 15:38:32 WARN com.cse.exodex.datasets.StellarLibrary: probably not enough data lolwith BF id: BayerFlamsteed{flamsteedDesignation=null, bayerDesignation='null', number=106515, constellation=null, prettyName='106515'}
26/09/11 15:38:32 WARN com.cse.exodex.datasets.StellarLibrary: probably not enough data lolwith HD ID: 110067
26/09/11 15:38:32 WARN com.cse.exodex.datasets.StellarLibrary: probably not enough data lolwith HD ID: 110067
26/09/11 15:38:32 WARN com.cse.exodex.datasets.StellarLibrary: probably not enough data lolwith HD ID: 110067
26/09/11 15:38:32 WARN com.cse.exodex.datasets.StellarLibrary: probably not enough data lolwith HD ID: 110067
26/09/11 15:38:32 WARN com.cse.exodex.datasets.StellarLibrary: probably not enough data lolwith HD ID: 110067
26/09/11 15:38:32 WARN com.cse.exodex.datasets.StellarLibrary: probably not enough data lolwith HD ID: 110067
26/09/11 15:38:32 WARN com.cse.exodex.datasets.StellarLibrary: probably not enough data lolwith HD ID: 110067
26/09/11 15:38:32 WARN com.cse.exodex.datasets.StellarLibrary: probably not enough data lolwith HD ID: 110067
26/09/11 15:38:32 WARN com.cse.exodex.datasets.StellarLibrary: probably not enough data lolwith HD ID: 110067
26/09/11 15:38:32 WARN com.cse.exodex.datasets.StellarLibrary: probably not enough data lolwith HD ID: 110067
26/09/11 15:38:32 WARN com.cse.exodex.datasets.StellarLibrary: probably not enough data lolwith HD ID: 110067
26/09/11 15:38:32 WARN com.cse.exodex.datasets.StellarLibrary: probably not enough data lolwith HD ID: 110067
26/09/11 15:38:32 WARN com.cse.exodex.datasets.StellarLibrary: probably not enough data lolwith BF id: BayerFlamsteed{flamsteedDesignation=null, bayerDesignation='null', number=115404, constellation=null, prettyName='115404'}
26/09/11 15:38:32 WARN com.cse.exodex.datasets.StellarLibrary: probably not enough data lolwith BF id: BayerFlamsteed{flamsteedDesignation=null, bayerDesignation='null', number=64797, constellation=null, prettyName='64797'}
26/09/11 15:38:32 WARN com.cse.exodex.datasets.StellarLibrary: probably not enough data lolwith BF id: BayerFlamsteed{flamsteedDesignation=null, bayerDesignation='null', number=115404, constellation=null, prettyName='115404'}
26/09/11 15:38:32 WARN com.cse.exodex.datasets.StellarLibrary: probably not enough data lolwith BF id: BayerFlamsteed{flamsteedDesignation=null, bayerDesignation='null', number=115404, constellation=null, prettyName='115404'}
26/09/11 15:38:32 WARN com.cse.exodex.datasets.StellarLibrary: probably not enough data lolwith BF id: BayerFlamsteed{flamsteedDesignation=null, bayerDesignation='null', number=64797, constellation=null, prettyName='64797'}
26/09/11 15:38:32 WARN com.cse.exodex.datasets.StellarLibrary: probably not enough data lolwith BF id: BayerFlamsteed{flamsteedDesignation=null, bayerDesignation='null', number=115404, constellation=null, prettyName='115404'}
26/09/11 15:38:32 WARN com.cse.exodex.datasets.StellarLibrary: probably not enough data lolwith BF id: BayerFlamsteed{flamsteedDesignation=null, bayerDesignation='null', number=133131, constellation=null, prettyName='133131'}
26/09/11 15:38:32 WARN com.cse.exodex.datasets.StellarLibrary: probably not enough data lolwith BF id: BayerFlamsteed{flamsteedDesignation=null, bayerDesignation='null', number=73674, constellation=null, prettyName='73674'}
26/09/11 15:38:32 WARN com.cse.exodex.datasets.StellarLibrary: probably not enough data lolwith BF id: BayerFlamsteed{flamsteedDesignation=null, bayerDesignation='null', number=133131, constellation=null, prettyName='133131'}
26/09/11 15:38:32 WARN com.cse.exodex.datasets.StellarLibrary: probably not enough data lolwith BF id: BayerFlamsteed{flamsteedDesignation=null, bayerDesignation='null', number=133131, constellation=null, prettyName='133131'}
26/09/11 15:38:32 WARN com.cse.exodex.datasets.StellarLibrary: probably not enough data lolwith BF id: BayerFlamsteed{flamsteedDesignation=null, bayerDesignation='null', number=73674, constellation=null, prettyName='73674'}
26/09/11 15:38:32 WARN com.cse.exodex.datasets.StellarLibrary: probably not enough data lolwith BF id: BayerFlamsteed{flamsteedDesignation=null, bayerDesignation='null', number=133131, constellation=null, prettyName='133131'}
26/09/11 15:38:32 WARN com.cse.exodex.datasets.StellarLibrary: probably not enough data lolwith BF id: BayerFlamsteed{flamsteedDesignation=null, bayerDesignation='null', number=133131, constellation=null, prettyName='133131'}
26/09/11 15:38:32 WARN com.cse.exodex.datasets.StellarLibrary: probably not enough data lolwith BF id: BayerFlamsteed{flamsteedDesignation=null, bayerDesignation='null', number=73674, constellation=null, prettyName='73674'}
26/09/11 15:38:32 WARN com.cse.exodex.datasets.StellarLibrary: probably not enough data lolwith BF id: BayerFlamsteed{flamsteedDesignation=null, bayerDesignation='null', number=133131, constellation=null, prettyName='133131'}
26/09/11 15:38:32 WARN com.cse.exodex.datasets.StellarLibrary: probably not enough data lolwith BF id: BayerFlamsteed{flamsteedDesignation=null, bayerDesignation='null', number=135344, constellation=null, prettyName='135344'}
26/09/11 15:38:32 WARN com.cse.exodex.datasets.StellarLibrary: probably not enough data lolwith BF id: BayerFlamsteed{flamsteedDesignation=null, bayerDesignation='null', number=135344, constellation=null, prettyName='135344'}
26/09/11 15:38:32 WARN com.cse.exodex.datasets.StellarLibrary: probably not enough data lolwith HD ID: 137496
26/09/11 15:38:32 WARN com.cse.exodex.datasets.StellarLibrary: probably not enough data lolwith HD ID: 137496
26/09/11 15:38:32 WARN com.cse.exodex.datasets.StellarLibrary: probably not enough data lolwith HD ID: 137496
26/09/11 15:38:32 WARN com.cse.exodex.datasets.StellarLibrary: probably not enough data lolwith HD ID: 137496
26/09/11 15:38:32 WARN com.cse.exodex.datasets.StellarLibrary: probably not enough data lolwith BF id: BayerFlamsteed{flamsteedDesignation=null, bayerDesignation='null', number=142022, constellation=null, prettyName='142022'}
26/09/11 15:38:32 WARN com.cse.exodex.datasets.StellarLibrary: probably not enough data lolwith BF id: BayerFlamsteed{flamsteedDesignation=null, bayerDesignation='null', number=142022, constellation=null, prettyName='142022'}
26/09/11 15:38:32 WARN com.cse.exodex.datasets.StellarLibrary: probably not enough data lolwith BF id: BayerFlamsteed{flamsteedDesignation=null, bayerDesignation='null', number=142022, constellation=null, prettyName='142022'}
26/09/11 15:38:32 WARN com.cse.exodex.datasets.StellarLibrary: probably not enough data lolwith BF id: BayerFlamsteed{flamsteedDesignation=null, bayerDesignation='null', number=143811, constellation=null, prettyName='143811'}
26/09/11 15:38:32 WARN com.cse.exodex.datasets.StellarLibrary: probably not enough data lolwith BF id: BayerFlamsteed{flamsteedDesignation=null, bayerDesignation='null', number=143811, constellation=null, prettyName='143811'}
26/09/11 15:38:32 WARN com.cse.exodex.datasets.StellarLibrary: probably not enough data lolwith BF id: BayerFlamsteed{flamsteedDesignation=14, bayerDesignation='null', number=null, constellation=Constellation{constellation='Hercules', genitive='Herculis'}, prettyName='14 Herculis'}
26/09/11 15:38:32 WARN com.cse.exodex.datasets.StellarLibrary: probably not enough data lolwith BF id: BayerFlamsteed{flamsteedDesignation=14, bayerDesignation='null', number=null, constellation=Constellation{constellation='Hercules', genitive='Herculis'}, prettyName='14 Herculis'}
26/09/11 15:38:32 WARN com.cse.exodex.datasets.StellarLibrary: probably not enough data lolwith BF id: BayerFlamsteed{flamsteedDesignation=14, bayerDesignation='null', number=null, constellation=Constellation{constellation='Hercules', genitive='Herculis'}, prettyName='14 Herculis'}
26/09/11 15:38:32 WARN com.cse.exodex.datasets.StellarLibrary: probably not enough data lolwith HD ID: 145934
26/09/11 15:38:32 WARN com.cse.exodex.datasets.StellarLibrary: probably not enough data lolwith HD ID: 145934
26/09/11 15:38:32 WARN com.cse.exodex.datasets.StellarLibrary: probably not enough data lolwith HD ID: 145934
26/09/11 15:38:32 WARN com.cse.exodex.datasets.StellarLibrary: probably not enough data lolwith HD ID: 145934
26/09/11 15:38:32 WARN com.cse.exodex.datasets.StellarLibrary: probably not enough data lolwith HD ID: 145934
26/09/11 15:38:32 WARN com.cse.exodex.datasets.StellarLibrary: probably not enough data lolwith HD ID: 145934
26/09/11 15:38:32 WARN com.cse.exodex.datasets.StellarLibrary: probably not enough data lolwith HD ID: 152843
26/09/11 15:38:32 WARN com.cse.exodex.datasets.StellarLibrary: probably not enough data lolwith HD ID: 152843
26/09/11 15:38:32 WARN com.cse.exodex.datasets.StellarLibrary: probably not enough data lolwith HD ID: 152843
26/09/11 15:38:32 WARN com.cse.exodex.datasets.StellarLibrary: probably not enough data lolwith HD ID: 152843
26/09/11 15:38:32 WARN com.cse.exodex.datasets.StellarLibrary: probably not enough data lolwith HD ID: 152843
26/09/11 15:38:32 WARN com.cse.exodex.datasets.StellarLibrary: probably not enough data lolwith HD ID: 152843
26/09/11 15:38:32 WARN com.cse.exodex.datasets.StellarLibrary: probably not enough data lolwith HD ID: 152843
26/09/11 15:38:32 WARN com.cse.exodex.datasets.StellarLibrary: probably not enough data lolwith HD ID: 152843
26/09/11 15:38:32 WARN com.cse.exodex.datasets.StellarLibrary: probably not enough data lolwith HD ID: 152843
26/09/11 15:38:32 WARN com.cse.exodex.datasets.StellarLibrary: probably not enough data lolwith HD ID: 152843
26/09/11 15:38:32 WARN com.cse.exodex.datasets.StellarLibrary: probably not enough data lolwith HD ID: 152843
26/09/11 15:38:32 WARN com.cse.exodex.datasets.StellarLibrary: probably not enough data lolwith HD ID: 152843
26/09/11 15:38:32 WARN com.cse.exodex.datasets.StellarLibrary: probably not enough data lolwith HD ID: 169142
26/09/11 15:38:32 WARN com.cse.exodex.datasets.StellarLibrary: probably not enough data lolwith HD ID: 169142
26/09/11 15:38:32 WARN com.cse.exodex.datasets.StellarLibrary: probably not enough data lolwith HD ID: 17092
26/09/11 15:38:32 WARN com.cse.exodex.datasets.StellarLibrary: probably not enough data lolwith HD ID: 17092
26/09/11 15:38:32 WARN com.cse.exodex.datasets.StellarLibrary: probably not enough data lolwith HD ID: 17092
26/09/11 15:38:32 WARN com.cse.exodex.datasets.StellarLibrary: probably not enough data lolwith HD ID: 17092
26/09/11 15:38:32 WARN com.cse.exodex.datasets.StellarLibrary: probably not enough data lolwith HD ID: 17092
26/09/11 15:38:32 WARN com.cse.exodex.datasets.StellarLibrary: probably not enough data lolwith HD ID: 17092
26/09/11 15:38:32 WARN com.cse.exodex.datasets.StellarLibrary: probably not enough data lolwith HD ID: 171028
26/09/11 15:38:32 WARN com.cse.exodex.datasets.StellarLibrary: probably not enough data lolwith HD ID: 171028
26/09/11 15:38:32 WARN com.cse.exodex.datasets.StellarLibrary: probably not enough data lolwith HD ID: 171028
26/09/11 15:38:32 WARN com.cse.exodex.datasets.StellarLibrary: probably not enough data lolwith HD ID: 171028
26/09/11 15:38:32 WARN com.cse.exodex.datasets.StellarLibrary: probably not enough data lolwith BF id: BayerFlamsteed{flamsteedDesignation=null, bayerDesignation='null', number=178911, constellation=null, prettyName='178911'}
26/09/11 15:38:32 WARN com.cse.exodex.datasets.StellarLibrary: probably not enough data lolwith BF id: BayerFlamsteed{flamsteedDesignation=null, bayerDesignation='null', number=178911, constellation=null, prettyName='178911'}
26/09/11 15:38:32 WARN com.cse.exodex.datasets.StellarLibrary: probably not enough data lolwith BF id: BayerFlamsteed{flamsteedDesignation=null, bayerDesignation='null', number=178911, constellation=null, prettyName='178911'}
26/09/11 15:38:32 WARN com.cse.exodex.datasets.StellarLibrary: probably not enough data lolwith BF id: BayerFlamsteed{flamsteedDesignation=null, bayerDesignation='null', number=178911, constellation=null, prettyName='178911'}
26/09/11 15:38:32 WARN com.cse.exodex.datasets.StellarLibrary: probably not enough data lolwith BF id: BayerFlamsteed{flamsteedDesignation=null, bayerDesignation='null', number=178911, constellation=null, prettyName='178911'}
26/09/11 15:38:32 WARN com.cse.exodex.datasets.StellarLibrary: probably not enough data lolwith BF id: BayerFlamsteed{flamsteedDesignation=null, bayerDesignation='null', number=196885, constellation=null, prettyName='196885'}
26/09/11 15:38:32 WARN com.cse.exodex.datasets.StellarLibrary: probably not enough data lolwith BF id: BayerFlamsteed{flamsteedDesignation=null, bayerDesignation='null', number=196885, constellation=null, prettyName='196885'}
26/09/11 15:38:32 WARN com.cse.exodex.datasets.StellarLibrary: probably not enough data lolwith BF id: BayerFlamsteed{flamsteedDesignation=null, bayerDesignation='null', number=196885, constellation=null, prettyName='196885'}
26/09/11 15:38:32 WARN com.cse.exodex.datasets.StellarLibrary: probably not enough data lolwith BF id: BayerFlamsteed{flamsteedDesignation=null, bayerDesignation='null', number=202772, constellation=null, prettyName='202772'}
26/09/11 15:38:32 WARN com.cse.exodex.datasets.StellarLibrary: probably not enough data lolwith BF id: BayerFlamsteed{flamsteedDesignation=null, bayerDesignation='null', number=202772, constellation=null, prettyName='202772'}
26/09/11 15:38:32 WARN com.cse.exodex.datasets.StellarLibrary: probably not enough data lolwith BF id: BayerFlamsteed{flamsteedDesignation=null, bayerDesignation='null', number=202772, constellation=null, prettyName='202772'}
26/09/11 15:38:32 WARN com.cse.exodex.datasets.StellarLibrary: probably not enough data lolwith BF id: BayerFlamsteed{flamsteedDesignation=null, bayerDesignation='null', number=202772, constellation=null, prettyName='202772'}
26/09/11 15:38:32 WARN com.cse.exodex.datasets.StellarLibrary: probably not enough data lolwith BF id: BayerFlamsteed{flamsteedDesignation=null, bayerDesignation='null', number=202772, constellation=null, prettyName='202772'}
26/09/11 15:38:32 WARN com.cse.exodex.datasets.StellarLibrary: probably not enough data lolwith BF id: BayerFlamsteed{flamsteedDesignation=null, bayerDesignation='null', number=202772, constellation=null, prettyName='202772'}
26/09/11 15:38:32 WARN com.cse.exodex.datasets.StellarLibrary: probably not enough data lolwith BF id: BayerFlamsteed{flamsteedDesignation=null, bayerDesignation='null', number=202772, constellation=null, prettyName='202772'}
26/09/11 15:38:32 WARN com.cse.exodex.datasets.StellarLibrary: probably not enough data lolwith BF id: BayerFlamsteed{flamsteedDesignation=null, bayerDesignation='null', number=202772, constellation=null, prettyName='202772'}
26/09/11 15:38:32 WARN com.cse.exodex.datasets.StellarLibrary: probably not enough data lolwith HD ID: 216536
26/09/11 15:38:32 WARN com.cse.exodex.datasets.StellarLibrary: probably not enough data lolwith HD ID: 216536
26/09/11 15:38:32 WARN com.cse.exodex.datasets.StellarLibrary: probably not enough data lolwith HD ID: 216536
26/09/11 15:38:32 WARN com.cse.exodex.datasets.StellarLibrary: probably not enough data lolwith HD ID: 216536
26/09/11 15:38:32 WARN com.cse.exodex.datasets.StellarLibrary: probably not enough data lolwith HD ID: 219415
26/09/11 15:38:32 WARN com.cse.exodex.datasets.StellarLibrary: probably not enough data lolwith HD ID: 219415
26/09/11 15:38:32 WARN com.cse.exodex.datasets.StellarLibrary: probably not enough data lolwith HD ID: 219666
26/09/11 15:38:32 WARN com.cse.exodex.datasets.StellarLibrary: probably not enough data lolwith HD ID: 219666
26/09/11 15:38:32 WARN com.cse.exodex.datasets.StellarLibrary: probably not enough data lolwith HD ID: 219666
26/09/11 15:38:32 WARN com.cse.exodex.datasets.StellarLibrary: probably not enough data lolwith HD ID: 219666
26/09/11 15:38:32 WARN com.cse.exodex.datasets.StellarLibrary: probably not enough data lolwith HD ID: 219666
26/09/11 15:38:32 WARN com.cse.exodex.datasets.StellarLibrary: probably not enough data lolwith HD ID: 219666
26/09/11 15:38:32 WARN com.cse.exodex.datasets.StellarLibrary: probably not enough data lolwith HD ID: 219666
26/09/11 15:38:32 WARN com.cse.exodex.datasets.StellarLibrary: probably not enough data lolwith HD ID: 219666
26/09/11 15:38:32 WARN com.cse.exodex.datasets.StellarLibrary: probably not enough data lolwith HD ID: 219666
26/09/11 15:38:32 WARN com.cse.exodex.datasets.StellarLibrary: probably not enough data lolwith HD ID: 219666
26/09/11 15:38:32 WARN com.cse.exodex.datasets.StellarLibrary: probably not enough data lolwith HD ID: 219666
26/09/11 15:38:32 WARN com.cse.exodex.datasets.StellarLibrary: probably not enough data lolwith HD ID: 219666
26/09/11 15:38:32 WARN com.cse.exodex.datasets.StellarLibrary: probably not enough data lolwith HD ID: 224018
26/09/11 15:38:32 WARN com.cse.exodex.datasets.StellarLibrary: probably not enough data lolwith HD ID: 224018
26/09/11 15:38:32 WARN com.cse.exodex.datasets.StellarLibrary: probably not enough data lolwith HD ID: 224018
26/09/11 15:38:32 WARN com.cse.exodex.datasets.StellarLibrary: probably not enough data lolwith HD ID: 224018
26/09/11 15:38:32 WARN com.cse.exodex.datasets.StellarLibrary: probably not enough data lolwith HD ID: 224018
26/09/11 15:38:32 WARN com.cse.exodex.datasets.StellarLibrary: probably not enough data lolwith HD ID: 224018
26/09/11 15:38:32 WARN com.cse.exodex.datasets.StellarLibrary: probably not enough data lolwith HD ID: 233604
26/09/11 15:38:32 WARN com.cse.exodex.datasets.StellarLibrary: probably not enough data lolwith HD ID: 233604
26/09/11 15:38:32 WARN com.cse.exodex.datasets.StellarLibrary: probably not enough data lolwith HD ID: 240210
26/09/11 15:38:32 WARN com.cse.exodex.datasets.StellarLibrary: probably not enough data lolwith HD ID: 240210
26/09/11 15:38:32 WARN com.cse.exodex.datasets.StellarLibrary: probably not enough data lolwith HD ID: 2685
26/09/11 15:38:32 WARN com.cse.exodex.datasets.StellarLibrary: probably not enough data lolwith HD ID: 2685
26/09/11 15:38:32 WARN com.cse.exodex.datasets.StellarLibrary: probably not enough data lolwith HD ID: 2685
26/09/11 15:38:32 WARN com.cse.exodex.datasets.StellarLibrary: probably not enough data lolwith HD ID: 2685
26/09/11 15:38:32 WARN com.cse.exodex.datasets.StellarLibrary: probably not enough data lolwith HD ID: 2685
26/09/11 15:38:32 WARN com.cse.exodex.datasets.StellarLibrary: probably not enough data lolwith HD ID: 2685
26/09/11 15:38:32 WARN com.cse.exodex.datasets.StellarLibrary: probably not enough data lolwith HD ID: 2685
26/09/11 15:38:32 WARN com.cse.exodex.datasets.StellarLibrary: probably not enough data lolwith HD ID: 2685
26/09/11 15:38:32 WARN com.cse.exodex.datasets.StellarLibrary: probably not enough data lolwith BF id: BayerFlamsteed{flamsteedDesignation=null, bayerDesignation='null', number=284149, constellation=null, prettyName='284149'}
26/09/11 15:38:32 WARN com.cse.exodex.datasets.StellarLibrary: probably not enough data lolwith BF id: BayerFlamsteed{flamsteedDesignation=null, bayerDesignation='null', number=284149, constellation=null, prettyName='284149'}
26/09/11 15:38:32 WARN com.cse.exodex.datasets.StellarLibrary: probably not enough data lolwith HD ID: 332231
26/09/11 15:38:32 WARN com.cse.exodex.datasets.StellarLibrary: probably not enough data lolwith HD ID: 332231
26/09/11 15:38:32 WARN com.cse.exodex.datasets.StellarLibrary: probably not enough data lolwith HD ID: 332231
26/09/11 15:38:32 WARN com.cse.exodex.datasets.StellarLibrary: probably not enough data lolwith HD ID: 332231
26/09/11 15:38:32 WARN com.cse.exodex.datasets.StellarLibrary: probably not enough data lolwith HD ID: 332231
26/09/11 15:38:32 WARN com.cse.exodex.datasets.StellarLibrary: probably not enough data lolwith HD ID: 332231
26/09/11 15:38:32 WARN com.cse.exodex.datasets.StellarLibrary: probably not enough data lolwith HD ID: 332231
26/09/11 15:38:32 WARN com.cse.exodex.datasets.StellarLibrary: probably not enough data lolwith HD ID: 332231
26/09/11 15:38:32 WARN com.cse.exodex.datasets.StellarLibrary: probably not enough data lolwith HD ID: 332231
26/09/11 15:38:32 WARN com.cse.exodex.datasets.StellarLibrary: probably not enough data lolwith HD ID: 332231
26/09/11 15:38:32 WARN com.cse.exodex.datasets.StellarLibrary: probably not enough data lolwith BF id: BayerFlamsteed{flamsteedDesignation=null, bayerDesignation='null', number=41004, constellation=null, prettyName='41004'}
26/09/11 15:38:32 WARN com.cse.exodex.datasets.StellarLibrary: probably not enough data lolwith BF id: BayerFlamsteed{flamsteedDesignation=null, bayerDesignation='null', number=28393, constellation=null, prettyName='28393'}
26/09/11 15:38:32 WARN com.cse.exodex.datasets.StellarLibrary: probably not enough data lolwith BF id: BayerFlamsteed{flamsteedDesignation=null, bayerDesignation='null', number=41004, constellation=null, prettyName='41004'}
26/09/11 15:38:32 WARN com.cse.exodex.datasets.StellarLibrary: probably not enough data lolwith BF id: BayerFlamsteed{flamsteedDesignation=null, bayerDesignation='null', number=41004, constellation=null, prettyName='41004'}
26/09/11 15:38:32 WARN com.cse.exodex.datasets.StellarLibrary: probably not enough data lolwith BF id: BayerFlamsteed{flamsteedDesignation=null, bayerDesignation='null', number=28393, constellation=null, prettyName='28393'}
26/09/11 15:38:32 WARN com.cse.exodex.datasets.StellarLibrary: probably not enough data lolwith BF id: BayerFlamsteed{flamsteedDesignation=null, bayerDesignation='null', number=41004, constellation=null, prettyName='41004'}
26/09/11 15:38:32 WARN com.cse.exodex.datasets.StellarLibrary: probably not enough data lolwith BF id: BayerFlamsteed{flamsteedDesignation=null, bayerDesignation='null', number=41004, constellation=null, prettyName='41004'}
26/09/11 15:38:32 WARN com.cse.exodex.datasets.StellarLibrary: probably not enough data lolwith BF id: BayerFlamsteed{flamsteedDesignation=null, bayerDesignation='null', number=28393, constellation=null, prettyName='28393'}
26/09/11 15:38:32 WARN com.cse.exodex.datasets.StellarLibrary: probably not enough data lolwith BF id: BayerFlamsteed{flamsteedDesignation=null, bayerDesignation='null', number=41004, constellation=null, prettyName='41004'}
26/09/11 15:38:32 WARN com.cse.exodex.datasets.StellarLibrary: probably not enough data lolwith HD ID: 5583
26/09/11 15:38:32 WARN com.cse.exodex.datasets.StellarLibrary: probably not enough data lolwith HD ID: 5583
26/09/11 15:38:32 WARN com.cse.exodex.datasets.StellarLibrary: probably not enough data lolwith HD ID: 56414
26/09/11 15:38:32 WARN com.cse.exodex.datasets.StellarLibrary: probably not enough data lolwith HD ID: 56414
26/09/11 15:38:32 WARN com.cse.exodex.datasets.StellarLibrary: probably not enough data lolwith HD ID: 56414
26/09/11 15:38:32 WARN com.cse.exodex.datasets.StellarLibrary: probably not enough data lolwith HD ID: 56414
26/09/11 15:38:32 WARN com.cse.exodex.datasets.StellarLibrary: probably not enough data lolwith BF id: BayerFlamsteed{flamsteedDesignation=null, bayerDesignation='null', number=59686, constellation=null, prettyName='59686'}
26/09/11 15:38:32 WARN com.cse.exodex.datasets.StellarLibrary: probably not enough data lolwith HD ID: 6061
26/09/11 15:38:32 WARN com.cse.exodex.datasets.StellarLibrary: probably not enough data lolwith HD ID: 6061
26/09/11 15:38:32 WARN com.cse.exodex.datasets.StellarLibrary: probably not enough data lolwith HD ID: 6061
26/09/11 15:38:32 WARN com.cse.exodex.datasets.StellarLibrary: probably not enough data lolwith HD ID: 6061
26/09/11 15:38:32 WARN com.cse.exodex.datasets.StellarLibrary: probably not enough data lolwith HD ID: 6061
26/09/11 15:38:32 WARN com.cse.exodex.datasets.StellarLibrary: probably not enough data lolwith HD ID: 6061
26/09/11 15:38:32 WARN com.cse.exodex.datasets.StellarLibrary: probably not enough data lolwith HD ID: 70573
26/09/11 15:38:32 WARN com.cse.exodex.datasets.StellarLibrary: probably not enough data lolwith HD ID: 70573
26/09/11 15:38:32 WARN com.cse.exodex.datasets.StellarLibrary: probably not enough data lolwith HD ID: 80653
26/09/11 15:38:32 WARN com.cse.exodex.datasets.StellarLibrary: probably not enough data lolwith HD ID: 80653
26/09/11 15:38:32 WARN com.cse.exodex.datasets.StellarLibrary: probably not enough data lolwith HD ID: 80653
26/09/11 15:38:32 WARN com.cse.exodex.datasets.StellarLibrary: probably not enough data lolwith HD ID: 80653
26/09/11 15:38:32 WARN com.cse.exodex.datasets.StellarLibrary: probably not enough data lolwith HD ID: 80653
26/09/11 15:38:32 WARN com.cse.exodex.datasets.StellarLibrary: probably not enough data lolwith HD ID: 80653
26/09/11 15:38:32 WARN com.cse.exodex.datasets.StellarLibrary: probably not enough data lolwith HD ID: 80653
26/09/11 15:38:32 WARN com.cse.exodex.datasets.StellarLibrary: probably not enough data lolwith HD ID: 80653
26/09/11 15:38:32 WARN com.cse.exodex.datasets.StellarLibrary: probably not enough data lolwith HD ID: 80653
26/09/11 15:38:32 WARN com.cse.exodex.datasets.StellarLibrary: probably not enough data lolwith HD ID: 80653
26/09/11 15:38:32 WARN com.cse.exodex.datasets.StellarLibrary: probably not enough data lolwith BF id: BayerFlamsteed{flamsteedDesignation=null, bayerDesignation='null', number=93963, constellation=null, prettyName='93963'}
26/09/11 15:38:32 WARN com.cse.exodex.datasets.StellarLibrary: probably not enough data lolwith BF id: BayerFlamsteed{flamsteedDesignation=null, bayerDesignation='null', number=93963, constellation=null, prettyName='93963'}
26/09/11 15:38:32 WARN com.cse.exodex.datasets.StellarLibrary: probably not enough data lolwith BF id: BayerFlamsteed{flamsteedDesignation=null, bayerDesignation='null', number=93963, constellation=null, prettyName='93963'}
26/09/11 15:38:32 WARN com.cse.exodex.datasets.StellarLibrary: probably not enough data lolwith BF id: BayerFlamsteed{flamsteedDesignation=null, bayerDesignation='null', number=93963, constellation=null, prettyName='93963'}
26/09/11 15:38:32 WARN com.cse.exodex.datasets.StellarLibrary: probably not enough data lolwith BF id: BayerFlamsteed{flamsteedDesignation=null, bayerDesignation='null', number=93963, constellation=null, prettyName='93963'}
26/09/11 15:38:32 WARN com.cse.exodex.datasets.StellarLibrary: probably not enough data lolwith BF id: BayerFlamsteed{flamsteedDesignation=null, bayerDesignation='null', number=93963, constellation=null, prettyName='93963'}
26/09/11 15:38:32 WARN com.cse.exodex.datasets.StellarLibrary: probably not enough data lolwith BF id: BayerFlamsteed{flamsteedDesignation=null, bayerDesignation='null', number=93963, constellation=null, prettyName='93963'}
26/09/11 15:38:32 WARN com.cse.exodex.datasets.StellarLibrary: probably not enough data lolwith BF id: BayerFlamsteed{flamsteedDesignation=null, bayerDesignation='null', number=93963, constellation=null, prettyName='93963'}
26/09/11 15:38:32 WARN com.cse.exodex.datasets.StellarLibrary: probably not enough data lolwith BF id: BayerFlamsteed{flamsteedDesignation=null, bayerDesignation='null', number=93963, constellation=null, prettyName='93963'}
26/09/11 15:38:32 WARN com.cse.exodex.datasets.StellarLibrary: probably not enough data lolwith BF id: BayerFlamsteed{flamsteedDesignation=null, bayerDesignation='null', number=93963, constellation=null, prettyName='93963'}
26/09/11 15:38:32 WARN com.cse.exodex.datasets.StellarLibrary: probably not enough data lolwith BF id: BayerFlamsteed{flamsteedDesignation=null, bayerDesignation='null', number=93963, constellation=null, prettyName='93963'}
26/09/11 15:38:32 WARN com.cse.exodex.datasets.StellarLibrary: probably not enough data lolwith BF id: BayerFlamsteed{flamsteedDesignation=null, bayerDesignation='null', number=93963, constellation=null, prettyName='93963'}
26/09/11 15:38:32 WARN com.cse.exodex.datasets.StellarLibrary: probably not enough data lolwith BF id: BayerFlamsteed{flamsteedDesignation=null, bayerDesignation='null', number=93963, constellation=null, prettyName='93963'}
26/09/11 15:38:32 WARN com.cse.exodex.datasets.StellarLibrary: probably not enough data lolwith BF id: BayerFlamsteed{flamsteedDesignation=null, bayerDesignation='null', number=93963, constellation=null, prettyName='93963'}
26/09/11 15:38:33 WARN com.cse.exodex.datasets.StellarLibrary: probably not enough data lolwith HD ID: 95872
26/09/11 15:38:33 WARN com.cse.exodex.datasets.StellarLibrary: probably not enough data lolwith HD ID: 95872
26/09/11 15:38:33 WARN com.cse.exodex.datasets.StellarLibrary: probably not enough data lolwith HD ID: 95872
26/09/11 15:38:33 WARN com.cse.exodex.datasets.StellarLibrary: probably not enough data lolwith HD ID: 95872
26/09/11 15:38:33 WARN com.cse.exodex.datasets.StellarLibrary: probably not enough data lolwith BF id: BayerFlamsteed{flamsteedDesignation=null, bayerDesignation='null', number=65, constellation=null, prettyName='65'}
26/09/11 15:38:33 WARN com.cse.exodex.datasets.StellarLibrary: probably not enough data lolwith BF id: BayerFlamsteed{flamsteedDesignation=null, bayerDesignation='null', number=65, constellation=null, prettyName='65'}
26/09/11 15:38:33 WARN com.cse.exodex.datasets.StellarLibrary: probably not enough data lolwith BF id: BayerFlamsteed{flamsteedDesignation=null, bayerDesignation='null', number=65, constellation=null, prettyName='65'}
26/09/11 15:38:33 WARN com.cse.exodex.datasets.StellarLibrary: probably not enough data lolwith BF id: BayerFlamsteed{flamsteedDesignation=null, bayerDesignation='null', number=65, constellation=null, prettyName='65'}
26/09/11 15:38:33 WARN com.cse.exodex.datasets.StellarLibrary: probably not enough data lolwith BF id: BayerFlamsteed{flamsteedDesignation=null, bayerDesignation='null', number=65, constellation=null, prettyName='65'}
26/09/11 15:38:33 WARN com.cse.exodex.datasets.StellarLibrary: probably not enough data lolwith BF id: BayerFlamsteed{flamsteedDesignation=null, bayerDesignation='null', number=65, constellation=null, prettyName='65'}
26/09/11 15:38:33 WARN com.cse.exodex.datasets.StellarLibrary: probably not enough data lolwith BF id: BayerFlamsteed{flamsteedDesignation=null, bayerDesignation='null', number=65, constellation=null, prettyName='65'}
26/09/11 15:38:33 WARN com.cse.exodex.datasets.StellarLibrary: probably not enough data lolwith BF id: BayerFlamsteed{flamsteedDesignation=null, bayerDesignation='null', number=65, constellation=null, prettyName='65'}
26/09/11 15:38:33 WARN com.cse.exodex.datasets.StellarLibrary: probably not enough data lolwith BF id: BayerFlamsteed{flamsteedDesignation=null, bayerDesignation='null', number=79098, constellation=null, prettyName='79098'}
26/09/11 15:38:33 WARN com.cse.exodex.datasets.StellarLibrary: probably not enough data lolwith BF id: BayerFlamsteed{flamsteedDesignation=null, bayerDesignation='null', number=79098, constellation=null, prettyName='79098'}
26/09/11 15:38:33 WARN com.cse.exodex.datasets.StellarLibrary: probably not enough data lolwith BF id: BayerFlamsteed{flamsteedDesignation=null, bayerDesignation='null', number=81208, constellation=null, prettyName='81208'}
26/09/11 15:38:33 WARN com.cse.exodex.datasets.StellarLibrary: probably not enough data lolwith BF id: BayerFlamsteed{flamsteedDesignation=null, bayerDesignation='null', number=81208, constellation=null, prettyName='81208'}
26/09/11 15:38:33 WARN com.cse.exodex.datasets.StellarLibrary: probably not enough data lolwith BF id: BayerFlamsteed{flamsteedDesignation=null, bayerDesignation='null', number=null, constellation=Constellation{constellation='Libra', genitive='Librae'}, prettyName='Librae'}
26/09/11 15:38:33 WARN com.cse.exodex.datasets.StellarLibrary: probably not enough data lolwith BF id: BayerFlamsteed{flamsteedDesignation=null, bayerDesignation='null', number=null, constellation=Constellation{constellation='Pegasus', genitive='Pegasi'}, prettyName='Pegasi'}
26/09/11 15:38:33 WARN com.cse.exodex.datasets.StellarLibrary: probably not enough data lolwith BF id: BayerFlamsteed{flamsteedDesignation=null, bayerDesignation='null', number=null, constellation=Constellation{constellation='Pices', genitive='Piscium'}, prettyName='Piscium'}
26/09/11 15:38:33 WARN com.cse.exodex.datasets.StellarLibrary: probably not enough data lolwith BF id: BayerFlamsteed{flamsteedDesignation=null, bayerDesignation='null', number=null, constellation=Constellation{constellation='Aquarius', genitive='Aquarii'}, prettyName='Aquarii'}
26/09/11 15:38:33 WARN com.cse.exodex.datasets.StellarLibrary: probably not enough data lolwith BF id: BayerFlamsteed{flamsteedDesignation=null, bayerDesignation='null', number=null, constellation=Constellation{constellation='Aquarius', genitive='Aquarii'}, prettyName='Aquarii'}
26/09/11 15:38:33 WARN com.cse.exodex.datasets.StellarLibrary: probably not enough data lolwith BF id: BayerFlamsteed{flamsteedDesignation=null, bayerDesignation='null', number=15, constellation=null, prettyName='15'}
26/09/11 15:38:33 WARN com.cse.exodex.datasets.StellarLibrary: probably not enough data lolwith HD ID: 286123
26/09/11 15:38:33 WARN com.cse.exodex.datasets.StellarLibrary: probably not enough data lolwith HD ID: 286123
26/09/11 15:38:33 WARN com.cse.exodex.datasets.StellarLibrary: probably not enough data lolwith HD ID: 286123
26/09/11 15:38:33 WARN com.cse.exodex.datasets.StellarLibrary: probably not enough data lolwith HD ID: 286123
26/09/11 15:38:33 WARN com.cse.exodex.datasets.StellarLibrary: probably not enough data lolwith HD ID: 285181
26/09/11 15:38:33 WARN com.cse.exodex.datasets.StellarLibrary: probably not enough data lolwith HD ID: 285181
26/09/11 15:38:33 WARN com.cse.exodex.datasets.StellarLibrary: probably not enough data lolwith HD ID: 285181
26/09/11 15:38:33 WARN com.cse.exodex.datasets.StellarLibrary: probably not enough data lolwith HD ID: 285181
26/09/11 15:38:33 WARN com.cse.exodex.datasets.StellarLibrary: probably not enough data lolwith HD ID: 119130
26/09/11 15:38:33 WARN com.cse.exodex.datasets.StellarLibrary: probably not enough data lolwith HD ID: 80653
26/09/11 15:38:33 WARN com.cse.exodex.datasets.StellarLibrary: probably not enough data lolwith HD ID: 80653
26/09/11 15:38:33 WARN com.cse.exodex.datasets.StellarLibrary: probably not enough data lolwith HD ID: 80653
26/09/11 15:38:33 WARN com.cse.exodex.datasets.StellarLibrary: probably not enough data lolwith HD ID: 80653
26/09/11 15:38:33 WARN com.cse.exodex.datasets.StellarLibrary: probably not enough data lolwith HD ID: 332124
26/09/11 15:38:33 WARN com.cse.exodex.datasets.StellarLibrary: probably not enough data lolwith HD ID: 332124
26/09/11 15:38:33 WARN com.cse.exodex.datasets.StellarLibrary: probably not enough data lolwith HD ID: 332124
26/09/11 15:38:33 WARN com.cse.exodex.datasets.StellarLibrary: probably not enough data lolwith HD ID: 332124
26/09/11 15:38:33 WARN com.cse.exodex.datasets.StellarLibrary: probably not enough data lolwith HD ID: 343246
26/09/11 15:38:33 WARN com.cse.exodex.datasets.StellarLibrary: probably not enough data lolwith HD ID: 343246
26/09/11 15:38:33 WARN com.cse.exodex.datasets.StellarLibrary: probably not enough data lolwith HD ID: 343246
26/09/11 15:38:33 WARN com.cse.exodex.datasets.StellarLibrary: probably not enough data lolwith HD ID: 343246
26/09/11 15:38:33 WARN com.cse.exodex.datasets.StellarLibrary: probably not enough data lolwith HD ID: 343246
26/09/11 15:38:33 WARN com.cse.exodex.datasets.StellarLibrary: probably not enough data lolwith HD ID: 343246
26/09/11 15:38:33 WARN com.cse.exodex.datasets.StellarLibrary: probably not enough data lolwith HD ID: 343246
26/09/11 15:38:33 WARN com.cse.exodex.datasets.StellarLibrary: probably not enough data lolwith HD ID: 343246
26/09/11 15:38:33 WARN com.cse.exodex.datasets.StellarLibrary: probably not enough data lolwith BF id: BayerFlamsteed{flamsteedDesignation=null, bayerDesignation='null', number=null, constellation=null, prettyName=''}
26/09/11 15:38:34 WARN com.cse.exodex.datasets.StellarLibrary: probably not enough data lolwith HD ID: 175289
26/09/11 15:38:34 WARN com.cse.exodex.datasets.StellarLibrary: probably not enough data lolwith HD ID: 175289
26/09/11 15:38:34 WARN com.cse.exodex.datasets.StellarLibrary: probably not enough data lolwith HD ID: 175289
26/09/11 15:38:34 WARN com.cse.exodex.datasets.StellarLibrary: probably not enough data lolwith HD ID: 175289
26/09/11 15:38:34 WARN com.cse.exodex.datasets.StellarLibrary: probably not enough data lolwith HD ID: 175289
26/09/11 15:38:34 WARN com.cse.exodex.datasets.StellarLibrary: probably not enough data lolwith HD ID: 175289
26/09/11 15:38:34 WARN com.cse.exodex.datasets.StellarLibrary: probably not enough data lolwith HD ID: 175289
26/09/11 15:38:34 WARN com.cse.exodex.datasets.StellarLibrary: probably not enough data lolwith HD ID: 175289
26/09/11 15:38:34 WARN com.cse.exodex.datasets.StellarLibrary: probably not enough data lolwith HD ID: 175289
26/09/11 15:38:34 WARN com.cse.exodex.datasets.StellarLibrary: probably not enough data lolwith HD ID: 175289
26/09/11 15:38:34 WARN com.cse.exodex.datasets.StellarLibrary: probably not enough data lolwith HD ID: 175289
26/09/11 15:38:34 WARN com.cse.exodex.datasets.StellarLibrary: probably not enough data lolwith HD ID: 175289
26/09/11 15:38:34 WARN com.cse.exodex.datasets.StellarLibrary: probably not enough data lolwith BF id: BayerFlamsteed{flamsteedDesignation=null, bayerDesignation='null', number=1445, constellation=null, prettyName='1445'}
26/09/11 15:38:34 WARN com.cse.exodex.datasets.StellarLibrary: probably not enough data lolwith BF id: BayerFlamsteed{flamsteedDesignation=null, bayerDesignation='null', number=1445, constellation=null, prettyName='1445'}
26/09/11 15:38:34 WARN com.cse.exodex.datasets.StellarLibrary: probably not enough data lolwith BF id: BayerFlamsteed{flamsteedDesignation=null, bayerDesignation='null', number=1445, constellation=null, prettyName='1445'}
26/09/11 15:38:34 WARN com.cse.exodex.datasets.StellarLibrary: probably not enough data lolwith BF id: BayerFlamsteed{flamsteedDesignation=null, bayerDesignation='null', number=1445, constellation=null, prettyName='1445'}
26/09/11 15:38:34 WARN com.cse.exodex.datasets.StellarLibrary: probably not enough data lolwith BF id: BayerFlamsteed{flamsteedDesignation=null, bayerDesignation='null', number=1445, constellation=null, prettyName='1445'}
26/09/11 15:38:34 WARN com.cse.exodex.datasets.StellarLibrary: probably not enough data lolwith BF id: BayerFlamsteed{flamsteedDesignation=null, bayerDesignation='null', number=1445, constellation=null, prettyName='1445'}
26/09/11 15:38:34 WARN com.cse.exodex.datasets.StellarLibrary: probably not enough data lolwith BF id: BayerFlamsteed{flamsteedDesignation=null, bayerDesignation='null', number=1445, constellation=null, prettyName='1445'}
26/09/11 15:38:34 WARN com.cse.exodex.datasets.StellarLibrary: probably not enough data lolwith BF id: BayerFlamsteed{flamsteedDesignation=null, bayerDesignation='null', number=1445, constellation=null, prettyName='1445'}
26/09/11 15:38:34 WARN com.cse.exodex.datasets.StellarLibrary: probably not enough data lolwith BF id: BayerFlamsteed{flamsteedDesignation=null, bayerDesignation='null', number=1445, constellation=null, prettyName='1445'}
26/09/11 15:38:34 WARN com.cse.exodex.datasets.StellarLibrary: probably not enough data lolwith BF id: BayerFlamsteed{flamsteedDesignation=null, bayerDesignation='null', number=1445, constellation=null, prettyName='1445'}
26/09/11 15:38:34 WARN com.cse.exodex.datasets.StellarLibrary: probably not enough data lolwith BF id: BayerFlamsteed{flamsteedDesignation=null, bayerDesignation='null', number=16, constellation=null, prettyName='16'}
26/09/11 15:38:34 WARN com.cse.exodex.datasets.StellarLibrary: probably not enough data lolwith BF id: BayerFlamsteed{flamsteedDesignation=null, bayerDesignation='null', number=16, constellation=null, prettyName='16'}
26/09/11 15:38:34 WARN com.cse.exodex.datasets.StellarLibrary: probably not enough data lolwith BF id: BayerFlamsteed{flamsteedDesignation=null, bayerDesignation='null', number=62, constellation=null, prettyName='62'}
26/09/11 15:38:34 WARN com.cse.exodex.datasets.StellarLibrary: probably not enough data lolwith HD ID: 85628
26/09/11 15:38:34 WARN com.cse.exodex.datasets.StellarLibrary: probably not enough data lolwith HD ID: 85628
26/09/11 15:38:34 WARN com.cse.exodex.datasets.StellarLibrary: probably not enough data lolwith HD ID: 85628
26/09/11 15:38:34 WARN com.cse.exodex.datasets.StellarLibrary: probably not enough data lolwith HD ID: 85628
26/09/11 15:38:34 WARN com.cse.exodex.datasets.StellarLibrary: probably not enough data lolwith HD ID: 85628
26/09/11 15:38:34 WARN com.cse.exodex.datasets.StellarLibrary: probably not enough data lolwith BF id: BayerFlamsteed{flamsteedDesignation=null, bayerDesignation='null', number=null, constellation=Constellation{constellation='Serpens*', genitive='Serpentis'}, prettyName='Serpentis'}
26/09/11 15:38:34 WARN com.cse.exodex.datasets.StellarLibrary: probably not enough data lolwith BF id: BayerFlamsteed{flamsteedDesignation=null, bayerDesignation='null', number=null, constellation=Constellation{constellation='Serpens*', genitive='Serpentis'}, prettyName='Serpentis'}
26/09/11 15:38:34 WARN com.cse.exodex.datasets.StellarLibrary: probably not enough data lolwith BF id: BayerFlamsteed{flamsteedDesignation=null, bayerDesignation='null', number=null, constellation=Constellation{constellation='Serpens*', genitive='Serpentis'}, prettyName='Serpentis'}
26/09/11 15:38:34 WARN com.cse.exodex.datasets.StellarLibrary: probably not enough data lolwith BF id: BayerFlamsteed{flamsteedDesignation=null, bayerDesignation='null', number=null, constellation=Constellation{constellation='Serpens*', genitive='Serpentis'}, prettyName='Serpentis'}
26/09/11 15:38:34 WARN com.cse.exodex.datasets.StellarLibrary: probably not enough data lolwith BF id: BayerFlamsteed{flamsteedDesignation=null, bayerDesignation='null', number=null, constellation=Constellation{constellation='Serpens*', genitive='Serpentis'}, prettyName='Serpentis'}
26/09/11 15:38:34 WARN com.cse.exodex.datasets.StellarLibrary: probably not enough data lolwith BF id: BayerFlamsteed{flamsteedDesignation=null, bayerDesignation='null', number=null, constellation=Constellation{constellation='Serpens*', genitive='Serpentis'}, prettyName='Serpentis'}
26/09/11 15:38:34 WARN com.cse.exodex.datasets.StellarLibrary: probably not enough data lolwith BF id: BayerFlamsteed{flamsteedDesignation=null, bayerDesignation='null', number=null, constellation=Constellation{constellation='Virgo', genitive='Virginis'}, prettyName='Virginis'}
26/09/11 15:38:34 WARN com.cse.exodex.datasets.StellarLibrary: probably not enough data lolwith BF id: BayerFlamsteed{flamsteedDesignation=null, bayerDesignation='null', number=null, constellation=Constellation{constellation='Virgo', genitive='Virginis'}, prettyName='Virginis'}
26/09/11 15:38:34 WARN com.cse.exodex.datasets.StellarLibrary: probably not enough data lolwith BF id: BayerFlamsteed{flamsteedDesignation=null, bayerDesignation='null', number=null, constellation=Constellation{constellation='Virgo', genitive='Virginis'}, prettyName='Virginis'}
26/09/11 15:38:34 WARN com.cse.exodex.datasets.StellarLibrary: probably not enough data lolwith BF id: BayerFlamsteed{flamsteedDesignation=null, bayerDesignation='null', number=null, constellation=Constellation{constellation='Virgo', genitive='Virginis'}, prettyName='Virginis'}
26/09/11 15:38:34 WARN com.cse.exodex.datasets.StellarLibrary: probably not enough data lolwith BF id: BayerFlamsteed{flamsteedDesignation=null, bayerDesignation='null', number=null, constellation=Constellation{constellation='Telescopium', genitive='Telescopii'}, prettyName='Telescopii'}
26/09/11 15:38:34 WARN com.cse.exodex.datasets.StellarLibrary: probably not enough data lolwith BF id: BayerFlamsteed{flamsteedDesignation=null, bayerDesignation='null', number=null, constellation=Constellation{constellation='Centaurus', genitive='Centauri'}, prettyName='Centauri'}
26/09/11 15:38:34 WARN com.cse.exodex.datasets.StellarLibrary: probably not enough data lolwith BF id: BayerFlamsteed{flamsteedDesignation=null, bayerDesignation='null', number=null, constellation=Constellation{constellation='Centaurus', genitive='Centauri'}, prettyName='Centauri'}
26/09/11 15:38:34 WARN com.cse.exodex.datasets.StellarLibrary: probably not enough data lolwith BF id: BayerFlamsteed{flamsteedDesignation=null, bayerDesignation='null', number=null, constellation=Constellation{constellation='Centaurus', genitive='Centauri'}, prettyName='Centauri'}
26/09/11 15:38:34 WARN com.cse.exodex.datasets.StellarLibrary: probably not enough data lolwith BF id: BayerFlamsteed{flamsteedDesignation=null, bayerDesignation='null', number=null, constellation=Constellation{constellation='Centaurus', genitive='Centauri'}, prettyName='Centauri'}
26/09/11 15:38:34 WARN com.cse.exodex.datasets.StellarLibrary: probably not enough data lolwith BF id: BayerFlamsteed{flamsteedDesignation=null, bayerDesignation='null', number=null, constellation=Constellation{constellation='Centaurus', genitive='Centauri'}, prettyName='Centauri'}
26/09/11 15:38:34 WARN com.cse.exodex.datasets.StellarLibrary: probably not enough data lolwith BF id: BayerFlamsteed{flamsteedDesignation=null, bayerDesignation='null', number=null, constellation=Constellation{constellation='Centaurus', genitive='Centauri'}, prettyName='Centauri'}
26/09/11 15:38:34 WARN com.cse.exodex.datasets.StellarLibrary: probably not enough data lolwith BF id: BayerFlamsteed{flamsteedDesignation=null, bayerDesignation='null', number=null, constellation=Constellation{constellation='Centaurus', genitive='Centauri'}, prettyName='Centauri'}
26/09/11 15:38:34 WARN com.cse.exodex.datasets.StellarLibrary: probably not enough data lolwith BF id: BayerFlamsteed{flamsteedDesignation=null, bayerDesignation='null', number=42, constellation=null, prettyName='42'}
26/09/11 15:38:34 WARN com.cse.exodex.datasets.StellarLibrary: probably not enough data lolwith BF id: BayerFlamsteed{flamsteedDesignation=null, bayerDesignation='null', number=42, constellation=null, prettyName='42'}
26/09/11 15:38:34 WARN com.cse.exodex.datasets.StellarLibrary: probably not enough data lolwith BF id: BayerFlamsteed{flamsteedDesignation=null, bayerDesignation='null', number=42, constellation=null, prettyName='42'}
26/09/11 15:38:34 WARN com.cse.exodex.datasets.StellarLibrary: probably not enough data lolwith BF id: BayerFlamsteed{flamsteedDesignation=null, bayerDesignation='null', number=null, constellation=Constellation{constellation='Caelum', genitive='Caeli'}, prettyName='Caeli'}
26/09/11 15:38:34 WARN com.cse.exodex.datasets.StellarLibrary: probably not enough data lolwith BF id: BayerFlamsteed{flamsteedDesignation=null, bayerDesignation='null', number=12, constellation=null, prettyName='12'}
26/09/11 15:38:34 WARN com.cse.exodex.datasets.StellarLibrary: probably not enough data lolwith BF id: BayerFlamsteed{flamsteedDesignation=null, bayerDesignation='null', number=172900988, constellation=null, prettyName='172900988'}
26/09/11 15:38:34 WARN com.cse.exodex.datasets.StellarLibrary: probably not enough data lolwith BF id: BayerFlamsteed{flamsteedDesignation=null, bayerDesignation='null', number=172900988, constellation=null, prettyName='172900988'}
26/09/11 15:38:34 WARN com.cse.exodex.datasets.StellarLibrary: probably not enough data lolwith BF id: BayerFlamsteed{flamsteedDesignation=null, bayerDesignation='null', number=172900988, constellation=null, prettyName='172900988'}
26/09/11 15:38:34 WARN com.cse.exodex.datasets.StellarLibrary: probably not enough data lolwith BF id: BayerFlamsteed{flamsteedDesignation=null, bayerDesignation='null', number=172900988, constellation=null, prettyName='172900988'}
26/09/11 15:38:34 WARN com.cse.exodex.datasets.StellarLibrary: probably not enough data lolwith BF id: BayerFlamsteed{flamsteedDesignation=null, bayerDesignation='null', number=172900988, constellation=null, prettyName='172900988'}
26/09/11 15:38:34 WARN com.cse.exodex.datasets.StellarLibrary: probably not enough data lolwith BF id: BayerFlamsteed{flamsteedDesignation=null, bayerDesignation='null', number=172900988, constellation=null, prettyName='172900988'}
26/09/11 15:38:34 WARN com.cse.exodex.datasets.StellarLibrary: probably not enough data lolwith BF id: BayerFlamsteed{flamsteedDesignation=null, bayerDesignation='null', number=172900988, constellation=null, prettyName='172900988'}
26/09/11 15:38:34 WARN com.cse.exodex.datasets.StellarLibrary: probably not enough data lolwith HD ID: 212729
26/09/11 15:38:34 WARN com.cse.exodex.datasets.StellarLibrary: probably not enough data lolwith HD ID: 212729
26/09/11 15:38:34 WARN com.cse.exodex.datasets.StellarLibrary: probably not enough data lolwith HD ID: 212729
26/09/11 15:38:34 WARN com.cse.exodex.datasets.StellarLibrary: probably not enough data lolwith HD ID: 271181
26/09/11 15:38:34 WARN com.cse.exodex.datasets.StellarLibrary: probably not enough data lolwith HD ID: 271181
26/09/11 15:38:34 WARN com.cse.exodex.datasets.StellarLibrary: probably not enough data lolwith HD ID: 271181
26/09/11 15:38:34 WARN com.cse.exodex.datasets.StellarLibrary: probably not enough data lolwith HD ID: 82139
26/09/11 15:38:34 WARN com.cse.exodex.datasets.StellarLibrary: probably not enough data lolwith HD ID: 82139
26/09/11 15:38:34 WARN com.cse.exodex.datasets.StellarLibrary: probably not enough data lolwith HD ID: 82139
26/09/11 15:38:34 WARN com.cse.exodex.datasets.StellarLibrary: probably not enough data lolwith HD ID: 148193
26/09/11 15:38:34 WARN com.cse.exodex.datasets.StellarLibrary: probably not enough data lolwith HD ID: 148193
26/09/11 15:38:34 WARN com.cse.exodex.datasets.StellarLibrary: probably not enough data lolwith HD ID: 148193
26/09/11 15:38:34 WARN com.cse.exodex.datasets.StellarLibrary: probably not enough data lolwith HD ID: 148193
26/09/11 15:38:34 WARN com.cse.exodex.datasets.StellarLibrary: probably not enough data lolwith HD ID: 148193
26/09/11 15:38:34 WARN com.cse.exodex.datasets.StellarLibrary: probably not enough data lolwith HD ID: 148193
26/09/11 15:38:34 WARN com.cse.exodex.datasets.StellarLibrary: probably not enough data lolwith HD ID: 34562
26/09/11 15:38:34 WARN com.cse.exodex.datasets.StellarLibrary: probably not enough data lolwith HD ID: 34562
26/09/11 15:38:34 WARN com.cse.exodex.datasets.StellarLibrary: probably not enough data lolwith HD ID: 34562
26/09/11 15:38:34 WARN com.cse.exodex.datasets.StellarLibrary: probably not enough data lolwith HD ID: 119355
26/09/11 15:38:34 WARN com.cse.exodex.datasets.StellarLibrary: probably not enough data lolwith HD ID: 119355
26/09/11 15:38:34 WARN com.cse.exodex.datasets.StellarLibrary: probably not enough data lolwith HD ID: 290498
26/09/11 15:38:34 WARN com.cse.exodex.datasets.StellarLibrary: probably not enough data lolwith HD ID: 290498
26/09/11 15:38:34 WARN com.cse.exodex.datasets.StellarLibrary: probably not enough data lolwith HD ID: 290498
26/09/11 15:38:34 WARN com.cse.exodex.datasets.StellarLibrary: probably not enough data lolwith HD ID: 290498
26/09/11 15:38:34 WARN com.cse.exodex.datasets.StellarLibrary: probably not enough data lolwith HD ID: 288842
26/09/11 15:38:34 WARN com.cse.exodex.datasets.StellarLibrary: probably not enough data lolwith HD ID: 288842
26/09/11 15:38:34 WARN com.cse.exodex.datasets.StellarLibrary: probably not enough data lolwith HD ID: 115447
26/09/11 15:38:34 WARN com.cse.exodex.datasets.StellarLibrary: probably not enough data lolwith HD ID: 115447
26/09/11 15:38:34 WARN com.cse.exodex.datasets.StellarLibrary: probably not enough data lolwith HD ID: 307842
26/09/11 15:38:34 WARN com.cse.exodex.datasets.StellarLibrary: probably not enough data lolwith HD ID: 307842
26/09/11 15:38:34 WARN com.cse.exodex.datasets.StellarLibrary: probably not enough data lolwith HD ID: 307842
26/09/11 15:38:34 WARN com.cse.exodex.datasets.StellarLibrary: probably not enough data lolwith HD ID: 307842
26/09/11 15:38:34 WARN com.cse.exodex.datasets.StellarLibrary: probably not enough data lolwith BF id: BayerFlamsteed{flamsteedDesignation=null, bayerDesignation='null', number=1556, constellation=null, prettyName='1556'}
26/09/11 15:38:34 WARN com.cse.exodex.datasets.StellarLibrary: probably not enough data lolwith BF id: BayerFlamsteed{flamsteedDesignation=null, bayerDesignation='null', number=1621, constellation=null, prettyName='1621'}
26/09/11 15:38:34 WARN com.cse.exodex.datasets.StellarLibrary: probably not enough data lolwith BF id: BayerFlamsteed{flamsteedDesignation=null, bayerDesignation='null', number=null, constellation=Constellation{constellation='Fornax', genitive='Fornacis'}, prettyName='Fornacis'}
26/09/11 15:38:34 WARN com.cse.exodex.datasets.StellarLibrary: probably not enough data lolwith BF id: BayerFlamsteed{flamsteedDesignation=null, bayerDesignation='null', number=null, constellation=Constellation{constellation='Fornax', genitive='Fornacis'}, prettyName='Fornacis'}
26/09/11 15:38:34 WARN com.cse.exodex.datasets.StellarLibrary: probably not enough data lolwith BF id: BayerFlamsteed{flamsteedDesignation=null, bayerDesignation='null', number=391, constellation=Constellation{constellation='Pegasus', genitive='Pegasi'}, prettyName='391 Pegasi'}
26/09/11 15:38:34 WARN com.cse.exodex.datasets.StellarLibrary: probably not enough data lolwith BF id: BayerFlamsteed{flamsteedDesignation=null, bayerDesignation='null', number=1298, constellation=Constellation{constellation='Taurus', genitive='Tauri'}, prettyName='1298 Tauri'}
26/09/11 15:38:34 WARN com.cse.exodex.datasets.StellarLibrary: probably not enough data lolwith BF id: BayerFlamsteed{flamsteedDesignation=null, bayerDesignation='null', number=1298, constellation=Constellation{constellation='Taurus', genitive='Tauri'}, prettyName='1298 Tauri'}
26/09/11 15:38:34 WARN com.cse.exodex.datasets.StellarLibrary: probably not enough data lolwith BF id: BayerFlamsteed{flamsteedDesignation=null, bayerDesignation='null', number=1298, constellation=Constellation{constellation='Taurus', genitive='Tauri'}, prettyName='1298 Tauri'}
26/09/11 15:38:34 WARN com.cse.exodex.datasets.StellarLibrary: probably not enough data lolwith BF id: BayerFlamsteed{flamsteedDesignation=null, bayerDesignation='null', number=1298, constellation=Constellation{constellation='Taurus', genitive='Tauri'}, prettyName='1298 Tauri'}
26/09/11 15:38:34 WARN com.cse.exodex.datasets.StellarLibrary: probably not enough data lolwith BF id: BayerFlamsteed{flamsteedDesignation=null, bayerDesignation='null', number=1298, constellation=Constellation{constellation='Taurus', genitive='Tauri'}, prettyName='1298 Tauri'}
26/09/11 15:38:34 WARN com.cse.exodex.datasets.StellarLibrary: probably not enough data lolwith BF id: BayerFlamsteed{flamsteedDesignation=null, bayerDesignation='null', number=1298, constellation=Constellation{constellation='Taurus', genitive='Tauri'}, prettyName='1298 Tauri'}
26/09/11 15:38:34 WARN com.cse.exodex.datasets.StellarLibrary: probably not enough data lolwith BF id: BayerFlamsteed{flamsteedDesignation=null, bayerDesignation='null', number=1298, constellation=Constellation{constellation='Taurus', genitive='Tauri'}, prettyName='1298 Tauri'}
26/09/11 15:38:34 WARN com.cse.exodex.datasets.StellarLibrary: probably not enough data lolwith BF id: BayerFlamsteed{flamsteedDesignation=null, bayerDesignation='null', number=1298, constellation=Constellation{constellation='Taurus', genitive='Tauri'}, prettyName='1298 Tauri'}
26/09/11 15:38:34 WARN com.cse.exodex.datasets.StellarLibrary: probably not enough data lolwith BF id: BayerFlamsteed{flamsteedDesignation=null, bayerDesignation='null', number=1298, constellation=Constellation{constellation='Taurus', genitive='Tauri'}, prettyName='1298 Tauri'}
26/09/11 15:38:34 WARN com.cse.exodex.datasets.StellarLibrary: probably not enough data lolwith BF id: BayerFlamsteed{flamsteedDesignation=null, bayerDesignation='null', number=1298, constellation=Constellation{constellation='Taurus', genitive='Tauri'}, prettyName='1298 Tauri'}
26/09/11 15:38:34 WARN com.cse.exodex.datasets.StellarLibrary: probably not enough data lolwith BF id: BayerFlamsteed{flamsteedDesignation=null, bayerDesignation='null', number=1298, constellation=Constellation{constellation='Taurus', genitive='Tauri'}, prettyName='1298 Tauri'}
26/09/11 15:38:34 WARN com.cse.exodex.datasets.StellarLibrary: probably not enough data lolwith BF id: BayerFlamsteed{flamsteedDesignation=null, bayerDesignation='null', number=1298, constellation=Constellation{constellation='Taurus', genitive='Tauri'}, prettyName='1298 Tauri'}
26/09/11 15:38:34 WARN com.cse.exodex.datasets.StellarLibrary: probably not enough data lolwith BF id: BayerFlamsteed{flamsteedDesignation=null, bayerDesignation='null', number=1298, constellation=Constellation{constellation='Taurus', genitive='Tauri'}, prettyName='1298 Tauri'}
26/09/11 15:38:34 WARN com.cse.exodex.datasets.StellarLibrary: probably not enough data lolwith BF id: BayerFlamsteed{flamsteedDesignation=null, bayerDesignation='null', number=1298, constellation=Constellation{constellation='Taurus', genitive='Tauri'}, prettyName='1298 Tauri'}
26/09/11 15:38:34 WARN com.cse.exodex.datasets.StellarLibrary: probably not enough data lolwith BF id: BayerFlamsteed{flamsteedDesignation=null, bayerDesignation='null', number=1298, constellation=Constellation{constellation='Taurus', genitive='Tauri'}, prettyName='1298 Tauri'}
26/09/11 15:38:34 WARN com.cse.exodex.datasets.StellarLibrary: probably not enough data lolwith BF id: BayerFlamsteed{flamsteedDesignation=null, bayerDesignation='null', number=1298, constellation=Constellation{constellation='Taurus', genitive='Tauri'}, prettyName='1298 Tauri'}
26/09/11 15:38:34 WARN com.cse.exodex.datasets.StellarLibrary: probably not enough data lolwith BF id: BayerFlamsteed{flamsteedDesignation=null, bayerDesignation='null', number=1298, constellation=Constellation{constellation='Taurus', genitive='Tauri'}, prettyName='1298 Tauri'}
26/09/11 15:38:34 WARN com.cse.exodex.datasets.StellarLibrary: probably not enough data lolwith BF id: BayerFlamsteed{flamsteedDesignation=null, bayerDesignation='null', number=1298, constellation=Constellation{constellation='Taurus', genitive='Tauri'}, prettyName='1298 Tauri'}
26/09/11 15:38:34 WARN com.cse.exodex.datasets.StellarLibrary: probably not enough data lolwith BF id: BayerFlamsteed{flamsteedDesignation=null, bayerDesignation='null', number=1298, constellation=Constellation{constellation='Taurus', genitive='Tauri'}, prettyName='1298 Tauri'}
26/09/11 15:38:34 WARN com.cse.exodex.datasets.StellarLibrary: probably not enough data lolwith BF id: BayerFlamsteed{flamsteedDesignation=null, bayerDesignation='null', number=1298, constellation=Constellation{constellation='Taurus', genitive='Tauri'}, prettyName='1298 Tauri'}
26/09/11 15:38:34 WARN com.cse.exodex.datasets.StellarLibrary: probably not enough data lolwith BF id: BayerFlamsteed{flamsteedDesignation=null, bayerDesignation='null', number=2376, constellation=Constellation{constellation='Orion', genitive='Orionis'}, prettyName='2376 Orionis'}
26/09/11 15:38:34 WARN com.cse.exodex.datasets.StellarLibrary: probably not enough data lolwith BF id: BayerFlamsteed{flamsteedDesignation=null, bayerDesignation='null', number=830, constellation=Constellation{constellation='Taurus', genitive='Tauri'}, prettyName='830 Tauri'}
26/09/11 15:38:34 WARN com.cse.exodex.datasets.StellarLibrary: probably not enough data lolwith BF id: BayerFlamsteed{flamsteedDesignation=null, bayerDesignation='null', number=830, constellation=Constellation{constellation='Taurus', genitive='Tauri'}, prettyName='830 Tauri'}
26/09/11 15:38:34 WARN com.cse.exodex.datasets.StellarLibrary: probably not enough data lolwith HD ID: 134004
26/09/11 15:38:34 WARN com.cse.exodex.datasets.StellarLibrary: probably not enough data lolwith HD ID: 134004
26/09/11 15:38:34 WARN com.cse.exodex.datasets.StellarLibrary: probably not enough data lolwith HD ID: 134004
26/09/11 15:38:34 WARN com.cse.exodex.datasets.StellarLibrary: probably not enough data lolwith HD ID: 134004
26/09/11 15:38:34 WARN com.cse.exodex.datasets.StellarLibrary: probably not enough data lolwith HD ID: 146389
26/09/11 15:38:34 WARN com.cse.exodex.datasets.StellarLibrary: probably not enough data lolwith HD ID: 146389
26/09/11 15:38:34 WARN com.cse.exodex.datasets.StellarLibrary: probably not enough data lolwith HD ID: 146389
26/09/11 15:38:34 WARN com.cse.exodex.datasets.StellarLibrary: probably not enough data lolwith HD ID: 146389
26/09/11 15:38:34 WARN com.cse.exodex.datasets.StellarLibrary: probably not enough data lolwith HD ID: 146389
26/09/11 15:38:34 WARN com.cse.exodex.datasets.StellarLibrary: probably not enough data lolwith HD ID: 146389
26/09/11 15:38:34 WARN com.cse.exodex.datasets.StellarLibrary: probably not enough data lolwith HD ID: 146389
26/09/11 15:38:34 WARN com.cse.exodex.datasets.StellarLibrary: probably not enough data lolwith HD ID: 146389
26/09/11 15:38:34 WARN com.cse.exodex.datasets.StellarLibrary: probably not enough data lolwith HD ID: 146389
26/09/11 15:38:34 WARN com.cse.exodex.datasets.StellarLibrary: probably not enough data lolwith HD ID: 193334
26/09/11 15:38:34 WARN com.cse.exodex.datasets.StellarLibrary: probably not enough data lolwith HD ID: 193334
26/09/11 15:38:34 WARN com.cse.exodex.datasets.StellarLibrary: probably not enough data lolwith HD ID: 193334
26/09/11 15:38:34 WARN com.cse.exodex.datasets.StellarLibrary: probably not enough data lolwith HD ID: 193334
26/09/11 15:38:34 WARN com.cse.exodex.datasets.StellarLibrary: probably not enough data lolwith HD ID: 193334
26/09/11 15:38:34 WARN com.cse.exodex.datasets.StellarLibrary: probably not enough data lolwith HD ID: 197286
26/09/11 15:38:34 WARN com.cse.exodex.datasets.StellarLibrary: probably not enough data lolwith HD ID: 197286
26/09/11 15:38:34 WARN com.cse.exodex.datasets.StellarLibrary: probably not enough data lolwith HD ID: 197286
26/09/11 15:38:34 WARN com.cse.exodex.datasets.StellarLibrary: probably not enough data lolwith HD ID: 197286
26/09/11 15:38:34 WARN com.cse.exodex.datasets.StellarLibrary: probably not enough data lolwith HD ID: 197286
26/09/11 15:38:34 WARN com.cse.exodex.datasets.StellarLibrary: probably not enough data lolwith HD ID: 197286
26/09/11 15:38:34 WARN com.cse.exodex.datasets.StellarLibrary: probably not enough data lolwith HD ID: 197286
26/09/11 15:38:34 WARN com.cse.exodex.datasets.StellarLibrary: probably not enough data lolwith HD ID: 197286
26/09/11 15:38:34 WARN com.cse.exodex.datasets.StellarLibrary: probably not enough data lolwith HD ID: 197286
26/09/11 15:38:34 WARN com.cse.exodex.datasets.StellarLibrary: probably not enough data lolwith HD ID: 197286
26/09/11 15:38:34 WARN com.cse.exodex.datasets.StellarLibrary: probably not enough data lolwith HD ID: 197286
26/09/11 15:38:34 WARN com.cse.exodex.datasets.StellarLibrary: probably not enough data lolwith HD ID: 197286
26/09/11 15:38:34 WARN com.cse.exodex.datasets.StellarLibrary: probably not enough data lolwith HD ID: 197286
26/09/11 15:38:34 WARN com.cse.exodex.datasets.StellarLibrary: probably not enough data lolwith HD ID: 358155
26/09/11 15:38:34 WARN com.cse.exodex.datasets.StellarLibrary: probably not enough data lolwith HD ID: 358155
26/09/11 15:38:34 WARN com.cse.exodex.datasets.StellarLibrary: probably not enough data lolwith HD ID: 358155
26/09/11 15:38:34 WARN com.cse.exodex.datasets.StellarLibrary: probably not enough data lolwith HD ID: 358155
26/09/11 15:38:34 WARN com.cse.exodex.datasets.StellarLibrary: probably not enough data lolwith HD ID: 358155
26/09/11 15:38:34 WARN com.cse.exodex.datasets.StellarLibrary: probably not enough data lolwith HD ID: 202678
26/09/11 15:38:34 WARN com.cse.exodex.datasets.StellarLibrary: probably not enough data lolwith HD ID: 202678
26/09/11 15:38:34 WARN com.cse.exodex.datasets.StellarLibrary: probably not enough data lolwith HD ID: 202678
26/09/11 15:38:34 WARN com.cse.exodex.datasets.StellarLibrary: probably not enough data lolwith HD ID: 202678
26/09/11 15:38:34 WARN com.cse.exodex.datasets.StellarLibrary: probably not enough data lolwith HD ID: 202678
26/09/11 15:38:34 WARN com.cse.exodex.datasets.StellarLibrary: probably not enough data lolwith HD ID: 202678
26/09/11 15:38:34 WARN com.cse.exodex.datasets.StellarLibrary: probably not enough data lolwith HD ID: 202678
26/09/11 15:38:34 WARN com.cse.exodex.datasets.StellarLibrary: probably not enough data lolwith HD ID: 202678
26/09/11 15:38:34 WARN com.cse.exodex.datasets.StellarLibrary: probably not enough data lolwith BF id: BayerFlamsteed{flamsteedDesignation=null, bayerDesignation='null', number=null, constellation=Constellation{constellation='Cetus', genitive='Ceti'}, prettyName='Ceti'}
26/09/11 15:38:34 WARN com.cse.exodex.datasets.StellarLibrary: probably not enough data lolwith BF id: BayerFlamsteed{flamsteedDesignation=null, bayerDesignation='null', number=null, constellation=Constellation{constellation='Cetus', genitive='Ceti'}, prettyName='Ceti'}
26/09/11 15:38:34 WARN com.cse.exodex.datasets.StellarLibrary: probably not enough data lolwith BF id: BayerFlamsteed{flamsteedDesignation=null, bayerDesignation='null', number=null, constellation=Constellation{constellation='Cetus', genitive='Ceti'}, prettyName='Ceti'}
26/09/11 15:38:34 WARN com.cse.exodex.datasets.StellarLibrary: probably not enough data lolwith BF id: BayerFlamsteed{flamsteedDesignation=null, bayerDesignation='null', number=null, constellation=Constellation{constellation='Cetus', genitive='Ceti'}, prettyName='Ceti'}
26/09/11 15:38:34 WARN com.cse.exodex.datasets.StellarLibrary: probably not enough data lolwith BF id: BayerFlamsteed{flamsteedDesignation=null, bayerDesignation='null', number=null, constellation=Constellation{constellation='Cetus', genitive='Ceti'}, prettyName='Ceti'}
26/09/11 15:38:34 WARN com.cse.exodex.datasets.StellarLibrary: probably not enough data lolwith BF id: BayerFlamsteed{flamsteedDesignation=null, bayerDesignation='null', number=null, constellation=Constellation{constellation='Cetus', genitive='Ceti'}, prettyName='Ceti'}
26/09/11 15:38:34 WARN com.cse.exodex.datasets.StellarLibrary: probably not enough data lolwith BF id: BayerFlamsteed{flamsteedDesignation=null, bayerDesignation='null', number=null, constellation=Constellation{constellation='Cetus', genitive='Ceti'}, prettyName='Ceti'}
26/09/11 15:38:34 WARN com.cse.exodex.datasets.StellarLibrary: probably not enough data lolwith BF id: BayerFlamsteed{flamsteedDesignation=null, bayerDesignation='null', number=null, constellation=Constellation{constellation='Cetus', genitive='Ceti'}, prettyName='Ceti'}
26/09/11 15:38:34 WARN com.cse.exodex.datasets.StellarLibrary: probably not enough data lolwith BF id: BayerFlamsteed{flamsteedDesignation=null, bayerDesignation='null', number=null, constellation=Constellation{constellation='Cetus', genitive='Ceti'}, prettyName='Ceti'}
26/09/11 15:38:34 WARN com.cse.exodex.datasets.StellarLibrary: probably not enough data lolwith BF id: BayerFlamsteed{flamsteedDesignation=null, bayerDesignation='null', number=null, constellation=Constellation{constellation='Aries', genitive='Arietis'}, prettyName='Arietis'}
26/09/11 15:38:34 WARN com.cse.exodex.datasets.StellarLibrary: probably not enough data lolwith BF id: BayerFlamsteed{flamsteedDesignation=null, bayerDesignation='null', number=null, constellation=Constellation{constellation='Taurus', genitive='Tauri'}, prettyName='Tauri'}
26/09/11 15:38:34 WARN com.cse.exodex.datasets.StellarLibrary: probably not enough data lolwith BF id: BayerFlamsteed{flamsteedDesignation=null, bayerDesignation='null', number=null, constellation=Constellation{constellation='Cancer', genitive='Cancri'}, prettyName='Cancri'}
26/09/11 15:38:34 WARN com.cse.exodex.datasets.StellarLibrary: probably not enough data lolwith BF id: BayerFlamsteed{flamsteedDesignation=null, bayerDesignation='null', number=null, constellation=Constellation{constellation='Pictor', genitive='Pictoris'}, prettyName='Pictoris'}
26/09/11 15:38:34 WARN com.cse.exodex.datasets.StellarLibrary: probably not enough data lolwith BF id: BayerFlamsteed{flamsteedDesignation=null, bayerDesignation='null', number=null, constellation=Constellation{constellation='Pictor', genitive='Pictoris'}, prettyName='Pictoris'}
26/09/11 15:38:34 WARN com.cse.exodex.datasets.StellarLibrary: probably not enough data lolwith BF id: BayerFlamsteed{flamsteedDesignation=null, bayerDesignation='null', number=null, constellation=Constellation{constellation='Pictor', genitive='Pictoris'}, prettyName='Pictoris'}
26/09/11 15:38:34 WARN com.cse.exodex.datasets.StellarLibrary: probably not enough data lolwith BF id: BayerFlamsteed{flamsteedDesignation=null, bayerDesignation='null', number=null, constellation=Constellation{constellation='Pictor', genitive='Pictoris'}, prettyName='Pictoris'}
26/09/11 15:38:34 WARN com.cse.exodex.datasets.StellarLibrary: probably not enough data lolwith BF id: BayerFlamsteed{flamsteedDesignation=null, bayerDesignation='null', number=null, constellation=Constellation{constellation='Pictor', genitive='Pictoris'}, prettyName='Pictoris'}
26/09/11 15:38:34 WARN com.cse.exodex.datasets.StellarLibrary: probably not enough data lolwith BF id: BayerFlamsteed{flamsteedDesignation=null, bayerDesignation='null', number=null, constellation=Constellation{constellation='Pictor', genitive='Pictoris'}, prettyName='Pictoris'}
26/09/11 15:38:34 WARN com.cse.exodex.datasets.StellarLibrary: probably not enough data lolwith BF id: BayerFlamsteed{flamsteedDesignation=null, bayerDesignation='null', number=null, constellation=Constellation{constellation='Pictor', genitive='Pictoris'}, prettyName='Pictoris'}
26/09/11 15:38:34 WARN com.cse.exodex.datasets.StellarLibrary: probably not enough data lolwith BF id: BayerFlamsteed{flamsteedDesignation=null, bayerDesignation='null', number=null, constellation=Constellation{constellation='Pictor', genitive='Pictoris'}, prettyName='Pictoris'}
26/09/11 15:38:34 WARN com.cse.exodex.datasets.StellarLibrary: probably not enough data lolwith BF id: BayerFlamsteed{flamsteedDesignation=null, bayerDesignation='null', number=null, constellation=Constellation{constellation='Pictor', genitive='Pictoris'}, prettyName='Pictoris'}
26/09/11 15:38:34 WARN com.cse.exodex.datasets.StellarLibrary: probably not enough data lolwith BF id: BayerFlamsteed{flamsteedDesignation=null, bayerDesignation='null', number=null, constellation=Constellation{constellation='Pictor', genitive='Pictoris'}, prettyName='Pictoris'}
26/09/11 15:38:34 WARN com.cse.exodex.datasets.StellarLibrary: probably not enough data lolwith BF id: BayerFlamsteed{flamsteedDesignation=null, bayerDesignation='null', number=null, constellation=Constellation{constellation='Pictor', genitive='Pictoris'}, prettyName='Pictoris'}
26/09/11 15:38:34 WARN com.cse.exodex.datasets.StellarLibrary: probably not enough data lolwith BF id: BayerFlamsteed{flamsteedDesignation=null, bayerDesignation='null', number=null, constellation=Constellation{constellation='Pictor', genitive='Pictoris'}, prettyName='Pictoris'}
26/09/11 15:38:34 WARN com.cse.exodex.datasets.StellarLibrary: probably not enough data lolwith BF id: BayerFlamsteed{flamsteedDesignation=null, bayerDesignation='null', number=null, constellation=Constellation{constellation='Pictor', genitive='Pictoris'}, prettyName='Pictoris'}
26/09/11 15:38:34 WARN com.cse.exodex.datasets.StellarLibrary: probably not enough data lolwith BF id: BayerFlamsteed{flamsteedDesignation=null, bayerDesignation='null', number=null, constellation=Constellation{constellation='Pictor', genitive='Pictoris'}, prettyName='Pictoris'}
26/09/11 15:38:34 WARN com.cse.exodex.datasets.StellarLibrary: probably not enough data lolwith BF id: BayerFlamsteed{flamsteedDesignation=null, bayerDesignation='null', number=null, constellation=Constellation{constellation='Pictor', genitive='Pictoris'}, prettyName='Pictoris'}
26/09/11 15:38:34 WARN com.cse.exodex.datasets.StellarLibrary: probably not enough data lolwith BF id: BayerFlamsteed{flamsteedDesignation=null, bayerDesignation='null', number=null, constellation=Constellation{constellation='Pictor', genitive='Pictoris'}, prettyName='Pictoris'}
26/09/11 15:38:34 WARN com.cse.exodex.datasets.StellarLibrary: probably not enough data lolwith BF id: BayerFlamsteed{flamsteedDesignation=null, bayerDesignation='null', number=null, constellation=Constellation{constellation='Pictor', genitive='Pictoris'}, prettyName='Pictoris'}
26/09/11 15:38:34 WARN com.cse.exodex.datasets.StellarLibrary: probably not enough data lolwith BF id: BayerFlamsteed{flamsteedDesignation=null, bayerDesignation='null', number=null, constellation=Constellation{constellation='Ursa Minor', genitive='Ursae Minoris'}, prettyName='Ursae Minoris'}
26/09/11 15:38:34 WARN com.cse.exodex.datasets.StellarLibrary: probably not enough data lolwith BF id: BayerFlamsteed{flamsteedDesignation=null, bayerDesignation='null', number=null, constellation=Constellation{constellation='Corona Borealis', genitive='Coronae Borealis'}, prettyName='Coronae Borealis'}
26/09/11 15:38:34 WARN com.cse.exodex.datasets.StellarLibrary: probably not enough data lolwith BF id: BayerFlamsteed{flamsteedDesignation=null, bayerDesignation='null', number=null, constellation=Constellation{constellation='Eridanus', genitive='Eridani'}, prettyName='Eridani'}
26/09/11 15:38:34 WARN com.cse.exodex.datasets.StellarLibrary: probably not enough data lolwith BF id: BayerFlamsteed{flamsteedDesignation=null, bayerDesignation='null', number=null, constellation=Constellation{constellation='Eridanus', genitive='Eridani'}, prettyName='Eridani'}
26/09/11 15:38:34 WARN com.cse.exodex.datasets.StellarLibrary: probably not enough data lolwith BF id: BayerFlamsteed{flamsteedDesignation=null, bayerDesignation='null', number=null, constellation=Constellation{constellation='Eridanus', genitive='Eridani'}, prettyName='Eridani'}
26/09/11 15:38:34 WARN com.cse.exodex.datasets.StellarLibrary: probably not enough data lolwith BF id: BayerFlamsteed{flamsteedDesignation=null, bayerDesignation='null', number=null, constellation=Constellation{constellation='Eridanus', genitive='Eridani'}, prettyName='Eridani'}
26/09/11 15:38:34 WARN com.cse.exodex.datasets.StellarLibrary: probably not enough data lolwith BF id: BayerFlamsteed{flamsteedDesignation=null, bayerDesignation='null', number=null, constellation=Constellation{constellation='Eridanus', genitive='Eridani'}, prettyName='Eridani'}
26/09/11 15:38:34 WARN com.cse.exodex.datasets.StellarLibrary: probably not enough data lolwith BF id: BayerFlamsteed{flamsteedDesignation=null, bayerDesignation='null', number=null, constellation=Constellation{constellation='Eridanus', genitive='Eridani'}, prettyName='Eridani'}
26/09/11 15:38:34 WARN com.cse.exodex.datasets.StellarLibrary: probably not enough data lolwith BF id: BayerFlamsteed{flamsteedDesignation=null, bayerDesignation='null', number=null, constellation=Constellation{constellation='Eridanus', genitive='Eridani'}, prettyName='Eridani'}
26/09/11 15:38:34 WARN com.cse.exodex.datasets.StellarLibrary: probably not enough data lolwith BF id: BayerFlamsteed{flamsteedDesignation=null, bayerDesignation='null', number=null, constellation=Constellation{constellation='Taurus', genitive='Tauri'}, prettyName='Tauri'}
26/09/11 15:38:34 WARN com.cse.exodex.datasets.StellarLibrary: probably not enough data lolwith BF id: BayerFlamsteed{flamsteedDesignation=null, bayerDesignation='null', number=null, constellation=Constellation{constellation='Taurus', genitive='Tauri'}, prettyName='Tauri'}
26/09/11 15:38:34 WARN com.cse.exodex.datasets.StellarLibrary: probably not enough data lolwith BF id: BayerFlamsteed{flamsteedDesignation=null, bayerDesignation='null', number=null, constellation=Constellation{constellation='Taurus', genitive='Tauri'}, prettyName='Tauri'}
26/09/11 15:38:34 WARN com.cse.exodex.datasets.StellarLibrary: probably not enough data lolwith BF id: BayerFlamsteed{flamsteedDesignation=null, bayerDesignation='null', number=null, constellation=Constellation{constellation='Taurus', genitive='Tauri'}, prettyName='Tauri'}
26/09/11 15:38:34 WARN com.cse.exodex.datasets.StellarLibrary: probably not enough data lolwith BF id: BayerFlamsteed{flamsteedDesignation=null, bayerDesignation='null', number=null, constellation=Constellation{constellation='Cepheus', genitive='Cephei'}, prettyName='Cephei'}
26/09/11 15:38:34 WARN com.cse.exodex.datasets.StellarLibrary: probably not enough data lolwith BF id: BayerFlamsteed{flamsteedDesignation=null, bayerDesignation='null', number=null, constellation=Constellation{constellation='Cepheus', genitive='Cephei'}, prettyName='Cephei'}
26/09/11 15:38:34 WARN com.cse.exodex.datasets.StellarLibrary: probably not enough data lolwith BF id: BayerFlamsteed{flamsteedDesignation=null, bayerDesignation='null', number=null, constellation=Constellation{constellation='Cepheus', genitive='Cephei'}, prettyName='Cephei'}
26/09/11 15:38:34 WARN com.cse.exodex.datasets.StellarLibrary: probably not enough data lolwith BF id: BayerFlamsteed{flamsteedDesignation=null, bayerDesignation='null', number=null, constellation=Constellation{constellation='Cepheus', genitive='Cephei'}, prettyName='Cephei'}
26/09/11 15:38:34 WARN com.cse.exodex.datasets.StellarLibrary: probably not enough data lolwith BF id: BayerFlamsteed{flamsteedDesignation=null, bayerDesignation='null', number=null, constellation=Constellation{constellation='Cepheus', genitive='Cephei'}, prettyName='Cephei'}
26/09/11 15:38:34 WARN com.cse.exodex.datasets.StellarLibrary: probably not enough data lolwith BF id: BayerFlamsteed{flamsteedDesignation=null, bayerDesignation='null', number=null, constellation=Constellation{constellation='Libra', genitive='Librae'}, prettyName='Librae'}
26/09/11 15:38:34 WARN com.cse.exodex.datasets.StellarLibrary: probably not enough data lolwith BF id: BayerFlamsteed{flamsteedDesignation=null, bayerDesignation='null', number=null, constellation=Constellation{constellation='Libra', genitive='Librae'}, prettyName='Librae'}
26/09/11 15:38:34 WARN com.cse.exodex.datasets.StellarLibrary: probably not enough data lolwith BF id: BayerFlamsteed{flamsteedDesignation=null, bayerDesignation='null', number=null, constellation=Constellation{constellation='Libra', genitive='Librae'}, prettyName='Librae'}
26/09/11 15:38:34 WARN com.cse.exodex.datasets.StellarLibrary: probably not enough data lolwith BF id: BayerFlamsteed{flamsteedDesignation=null, bayerDesignation='null', number=null, constellation=Constellation{constellation='Libra', genitive='Librae'}, prettyName='Librae'}
26/09/11 15:38:34 WARN com.cse.exodex.datasets.StellarLibrary: probably not enough data lolwith BF id: BayerFlamsteed{flamsteedDesignation=null, bayerDesignation='null', number=null, constellation=Constellation{constellation='Pices', genitive='Piscium'}, prettyName='Piscium'}
26/09/11 15:38:34 WARN com.cse.exodex.datasets.StellarLibrary: probably not enough data lolwith BF id: BayerFlamsteed{flamsteedDesignation=null, bayerDesignation='null', number=1, constellation=Constellation{constellation='Leo', genitive='Leonis'}, prettyName='1 Leonis'}
26/09/11 15:38:34 WARN com.cse.exodex.datasets.StellarLibrary: probably not enough data lolwith BF id: BayerFlamsteed{flamsteedDesignation=null, bayerDesignation='null', number=50583, constellation=null, prettyName='50583'}
26/09/11 15:38:34 WARN com.cse.exodex.datasets.StellarLibrary: probably not enough data lolwith BF id: BayerFlamsteed{flamsteedDesignation=null, bayerDesignation='null', number=null, constellation=Constellation{constellation='Draco', genitive='Draconis'}, prettyName='Draconis'}
26/09/11 15:38:34 WARN com.cse.exodex.datasets.StellarLibrary: probably not enough data lolwith BF id: BayerFlamsteed{flamsteedDesignation=null, bayerDesignation='null', number=null, constellation=Constellation{constellation='Draco', genitive='Draconis'}, prettyName='Draconis'}
26/09/11 15:38:34 WARN com.cse.exodex.datasets.StellarLibrary: probably not enough data lolwith BF id: BayerFlamsteed{flamsteedDesignation=null, bayerDesignation='null', number=null, constellation=Constellation{constellation='Draco', genitive='Draconis'}, prettyName='Draconis'}
26/09/11 15:38:34 WARN com.cse.exodex.datasets.StellarLibrary: probably not enough data lolwith BF id: BayerFlamsteed{flamsteedDesignation=null, bayerDesignation='null', number=null, constellation=Constellation{constellation='Draco', genitive='Draconis'}, prettyName='Draconis'}
26/09/11 15:38:34 WARN com.cse.exodex.datasets.StellarLibrary: probably not enough data lolwith BF id: BayerFlamsteed{flamsteedDesignation=null, bayerDesignation='null', number=null, constellation=Constellation{constellation='Draco', genitive='Draconis'}, prettyName='Draconis'}
26/09/11 15:38:34 WARN com.cse.exodex.datasets.StellarLibrary: probably not enough data lolwith BF id: BayerFlamsteed{flamsteedDesignation=null, bayerDesignation='null', number=null, constellation=Constellation{constellation='Andromeda', genitive='Andromedae'}, prettyName='Andromedae'}
26/09/11 15:38:34 WARN com.cse.exodex.datasets.StellarLibrary: probably not enough data lolwith BF id: BayerFlamsteed{flamsteedDesignation=null, bayerDesignation='null', number=null, constellation=Constellation{constellation='Andromeda', genitive='Andromedae'}, prettyName='Andromedae'}
26/09/11 15:38:34 WARN com.cse.exodex.datasets.StellarLibrary: probably not enough data lolwith BF id: BayerFlamsteed{flamsteedDesignation=null, bayerDesignation='null', number=null, constellation=Constellation{constellation='Andromeda', genitive='Andromedae'}, prettyName='Andromedae'}
26/09/11 15:38:34 WARN com.cse.exodex.datasets.StellarLibrary: probably not enough data lolwith BF id: BayerFlamsteed{flamsteedDesignation=null, bayerDesignation='null', number=null, constellation=Constellation{constellation='Corona Borealis', genitive='Coronae Borealis'}, prettyName='Coronae Borealis'}
26/09/11 15:38:34 WARN com.cse.exodex.datasets.StellarLibrary: probably not enough data lolwith BF id: BayerFlamsteed{flamsteedDesignation=null, bayerDesignation='null', number=null, constellation=Constellation{constellation='Corona Borealis', genitive='Coronae Borealis'}, prettyName='Coronae Borealis'}
26/09/11 15:38:34 WARN com.cse.exodex.datasets.StellarLibrary: probably not enough data lolwith BF id: BayerFlamsteed{flamsteedDesignation=null, bayerDesignation='null', number=null, constellation=Constellation{constellation='Corona Borealis', genitive='Coronae Borealis'}, prettyName='Coronae Borealis'}
26/09/11 15:38:34 WARN com.cse.exodex.datasets.StellarLibrary: probably not enough data lolwith BF id: BayerFlamsteed{flamsteedDesignation=null, bayerDesignation='null', number=null, constellation=Constellation{constellation='Corona Borealis', genitive='Coronae Borealis'}, prettyName='Coronae Borealis'}
26/09/11 15:38:34 WARN com.cse.exodex.datasets.StellarLibrary: probably not enough data lolwith BF id: BayerFlamsteed{flamsteedDesignation=null, bayerDesignation='null', number=null, constellation=Constellation{constellation='Corona Borealis', genitive='Coronae Borealis'}, prettyName='Coronae Borealis'}
26/09/11 15:38:34 WARN com.cse.exodex.datasets.StellarLibrary: probably not enough data lolwith BF id: BayerFlamsteed{flamsteedDesignation=null, bayerDesignation='null', number=null, constellation=Constellation{constellation='Corona Borealis', genitive='Coronae Borealis'}, prettyName='Coronae Borealis'}
26/09/11 15:38:34 WARN com.cse.exodex.datasets.StellarLibrary: probably not enough data lolwith BF id: BayerFlamsteed{flamsteedDesignation=null, bayerDesignation='null', number=null, constellation=Constellation{constellation='Corona Borealis', genitive='Coronae Borealis'}, prettyName='Coronae Borealis'}
26/09/11 15:38:34 WARN com.cse.exodex.datasets.StellarLibrary: probably not enough data lolwith BF id: BayerFlamsteed{flamsteedDesignation=null, bayerDesignation='null', number=null, constellation=Constellation{constellation='Corona Borealis', genitive='Coronae Borealis'}, prettyName='Coronae Borealis'}
26/09/11 15:38:34 WARN com.cse.exodex.datasets.StellarLibrary: probably not enough data lolwith BF id: BayerFlamsteed{flamsteedDesignation=null, bayerDesignation='null', number=null, constellation=Constellation{constellation='Corona Borealis', genitive='Coronae Borealis'}, prettyName='Coronae Borealis'}
26/09/11 15:38:34 WARN com.cse.exodex.datasets.StellarLibrary: probably not enough data lolwith BF id: BayerFlamsteed{flamsteedDesignation=null, bayerDesignation='null', number=null, constellation=Constellation{constellation='Corona Borealis', genitive='Coronae Borealis'}, prettyName='Coronae Borealis'}
26/09/11 15:38:34 WARN com.cse.exodex.datasets.StellarLibrary: probably not enough data lolwith BF id: BayerFlamsteed{flamsteedDesignation=null, bayerDesignation='null', number=null, constellation=Constellation{constellation='Corona Borealis', genitive='Coronae Borealis'}, prettyName='Coronae Borealis'}
26/09/11 15:38:34 WARN com.cse.exodex.datasets.StellarLibrary: probably not enough data lolwith BF id: BayerFlamsteed{flamsteedDesignation=null, bayerDesignation='null', number=null, constellation=Constellation{constellation='Leo', genitive='Leonis'}, prettyName='Leonis'}
26/09/11 15:38:34 WARN com.cse.exodex.datasets.StellarLibrary: probably not enough data lolwith BF id: BayerFlamsteed{flamsteedDesignation=null, bayerDesignation='null', number=2, constellation=Constellation{constellation='Scorpius', genitive='Scorpii'}, prettyName='2 Scorpii'}
26/09/11 15:38:34 WARN com.cse.exodex.datasets.StellarLibrary: probably not enough data lolwith BF id: BayerFlamsteed{flamsteedDesignation=null, bayerDesignation='null', number=null, constellation=Constellation{constellation='Ophiuchus', genitive='Ophiuchi'}, prettyName='Ophiuchi'}
26/09/11 15:38:34 WARN com.cse.exodex.datasets.StellarLibrary: probably not enough data lolwith BF id: BayerFlamsteed{flamsteedDesignation=null, bayerDesignation='null', number=null, constellation=Constellation{constellation='Ophiuchus', genitive='Ophiuchi'}, prettyName='Ophiuchi'}
26/09/11 15:38:34 WARN com.cse.exodex.datasets.StellarLibrary: probably not enough data lolwith BF id: BayerFlamsteed{flamsteedDesignation=null, bayerDesignation='null', number=null, constellation=Constellation{constellation='Ophiuchus', genitive='Ophiuchi'}, prettyName='Ophiuchi'}
26/09/11 15:38:34 WARN com.cse.exodex.datasets.StellarLibrary: probably not enough data lolwith BF id: BayerFlamsteed{flamsteedDesignation=null, bayerDesignation='null', number=null, constellation=Constellation{constellation='Ophiuchus', genitive='Ophiuchi'}, prettyName='Ophiuchi'}
26/09/11 15:38:34 WARN com.cse.exodex.datasets.StellarLibrary: probably not enough data lolwith BF id: BayerFlamsteed{flamsteedDesignation=null, bayerDesignation='null', number=null, constellation=Constellation{constellation='Ophiuchus', genitive='Ophiuchi'}, prettyName='Ophiuchi'}
26/09/11 15:38:34 WARN com.cse.exodex.datasets.StellarLibrary: probably not enough data lolwith BF id: BayerFlamsteed{flamsteedDesignation=null, bayerDesignation='null', number=null, constellation=Constellation{constellation='Ophiuchus', genitive='Ophiuchi'}, prettyName='Ophiuchi'}
26/09/11 15:38:34 WARN com.cse.exodex.datasets.StellarLibrary: probably not enough data lolwith BF id: BayerFlamsteed{flamsteedDesignation=null, bayerDesignation='null', number=null, constellation=Constellation{constellation='Serpens*', genitive='Serpentis'}, prettyName='Serpentis'}
26/09/11 15:38:34 WARN com.cse.exodex.datasets.StellarLibrary: probably not enough data lolwith BF id: BayerFlamsteed{flamsteedDesignation=null, bayerDesignation='null', number=null, constellation=Constellation{constellation='Serpens*', genitive='Serpentis'}, prettyName='Serpentis'}
26/09/11 15:38:34 WARN com.cse.exodex.datasets.StellarLibrary: probably not enough data lolwith BF id: BayerFlamsteed{flamsteedDesignation=null, bayerDesignation='null', number=null, constellation=Constellation{constellation='Corona Borealis', genitive='Coronae Borealis'}, prettyName='Coronae Borealis'}
26/09/11 15:38:34 WARN com.cse.exodex.datasets.StellarLibrary: probably not enough data lolwith BF id: BayerFlamsteed{flamsteedDesignation=null, bayerDesignation='null', number=null, constellation=Constellation{constellation='Corona Borealis', genitive='Coronae Borealis'}, prettyName='Coronae Borealis'}
26/09/11 15:38:34 WARN com.cse.exodex.datasets.StellarLibrary: probably not enough data lolwith BF id: BayerFlamsteed{flamsteedDesignation=null, bayerDesignation='null', number=null, constellation=Constellation{constellation='Ursa Major', genitive='Ursae Majoris'}, prettyName='Ursae Majoris'}
26/09/11 15:38:34 WARN com.cse.exodex.datasets.StellarLibrary: probably not enough data lolwith BF id: BayerFlamsteed{flamsteedDesignation=null, bayerDesignation='null', number=null, constellation=Constellation{constellation='Ursa Major', genitive='Ursae Majoris'}, prettyName='Ursae Majoris'}
26/09/11 15:38:34 WARN com.cse.exodex.datasets.StellarLibrary: probably not enough data lolwith BF id: BayerFlamsteed{flamsteedDesignation=null, bayerDesignation='null', number=null, constellation=Constellation{constellation='Corona Borealis', genitive='Coronae Borealis'}, prettyName='Coronae Borealis'}
26/09/11 15:38:34 WARN com.cse.exodex.datasets.StellarLibrary: probably not enough data lolwith BF id: BayerFlamsteed{flamsteedDesignation=null, bayerDesignation='null', number=null, constellation=Constellation{constellation='Corona Borealis', genitive='Coronae Borealis'}, prettyName='Coronae Borealis'}
26/09/11 15:38:34 WARN com.cse.exodex.datasets.StellarLibrary: probably not enough data lolwith BF id: BayerFlamsteed{flamsteedDesignation=null, bayerDesignation='null', number=null, constellation=Constellation{constellation='Corona Borealis', genitive='Coronae Borealis'}, prettyName='Coronae Borealis'}
26/09/11 15:38:34 WARN com.cse.exodex.datasets.StellarLibrary: probably not enough data lolwith BF id: BayerFlamsteed{flamsteedDesignation=null, bayerDesignation='null', number=null, constellation=Constellation{constellation='Corona Borealis', genitive='Coronae Borealis'}, prettyName='Coronae Borealis'}
26/09/11 15:38:34 WARN com.cse.exodex.datasets.StellarLibrary: probably not enough data lolwith BF id: BayerFlamsteed{flamsteedDesignation=null, bayerDesignation='null', number=null, constellation=Constellation{constellation='Corona Borealis', genitive='Coronae Borealis'}, prettyName='Coronae Borealis'}
26/09/11 15:38:34 WARN com.cse.exodex.datasets.StellarLibrary: probably not enough data lolwith BF id: BayerFlamsteed{flamsteedDesignation=null, bayerDesignation='null', number=null, constellation=Constellation{constellation='Corona Borealis', genitive='Coronae Borealis'}, prettyName='Coronae Borealis'}
26/09/11 15:38:34 WARN com.cse.exodex.datasets.StellarLibrary: probably not enough data lolwith BF id: BayerFlamsteed{flamsteedDesignation=null, bayerDesignation='null', number=null, constellation=Constellation{constellation='Corona Borealis', genitive='Coronae Borealis'}, prettyName='Coronae Borealis'}
26/09/11 15:38:34 WARN com.cse.exodex.datasets.StellarLibrary: probably not enough data lolwith BF id: BayerFlamsteed{flamsteedDesignation=null, bayerDesignation='null', number=null, constellation=Constellation{constellation='Corona Borealis', genitive='Coronae Borealis'}, prettyName='Coronae Borealis'}
26/09/11 15:38:34 WARN com.cse.exodex.datasets.StellarLibrary: probably not enough data lolwith BF id: BayerFlamsteed{flamsteedDesignation=null, bayerDesignation='null', number=null, constellation=Constellation{constellation='Corona Borealis', genitive='Coronae Borealis'}, prettyName='Coronae Borealis'}
26/09/11 15:38:34 WARN com.cse.exodex.datasets.StellarLibrary: probably not enough data lolwith BF id: BayerFlamsteed{flamsteedDesignation=null, bayerDesignation='null', number=null, constellation=Constellation{constellation='Corona Borealis', genitive='Coronae Borealis'}, prettyName='Coronae Borealis'}
26/09/11 15:38:34 WARN com.cse.exodex.datasets.StellarLibrary: probably not enough data lolwith BF id: BayerFlamsteed{flamsteedDesignation=null, bayerDesignation='null', number=null, constellation=Constellation{constellation='Corona Borealis', genitive='Coronae Borealis'}, prettyName='Coronae Borealis'}
26/09/11 15:38:34 WARN com.cse.exodex.datasets.StellarLibrary: probably not enough data lolwith BF id: BayerFlamsteed{flamsteedDesignation=null, bayerDesignation='null', number=null, constellation=Constellation{constellation='Corona Borealis', genitive='Coronae Borealis'}, prettyName='Coronae Borealis'}
26/09/11 15:38:34 WARN com.cse.exodex.datasets.StellarLibrary: probably not enough data lolwith BF id: BayerFlamsteed{flamsteedDesignation=null, bayerDesignation='null', number=null, constellation=Constellation{constellation='Corona Borealis', genitive='Coronae Borealis'}, prettyName='Coronae Borealis'}
26/09/11 15:38:34 WARN com.cse.exodex.datasets.StellarLibrary: probably not enough data lolwith BF id: BayerFlamsteed{flamsteedDesignation=null, bayerDesignation='null', number=null, constellation=Constellation{constellation='Bootes', genitive='Bootis'}, prettyName='Bootis'}
26/09/11 15:38:34 WARN com.cse.exodex.datasets.StellarLibrary: probably not enough data lolwith BF id: BayerFlamsteed{flamsteedDesignation=null, bayerDesignation='null', number=null, constellation=Constellation{constellation='Bootes', genitive='Bootis'}, prettyName='Bootis'}
26/09/11 15:38:34 WARN com.cse.exodex.datasets.StellarLibrary: probably not enough data lolwith BF id: BayerFlamsteed{flamsteedDesignation=null, bayerDesignation='null', number=null, constellation=Constellation{constellation='Bootes', genitive='Bootis'}, prettyName='Bootis'}
26/09/11 15:38:34 WARN com.cse.exodex.datasets.StellarLibrary: probably not enough data lolwith BF id: BayerFlamsteed{flamsteedDesignation=null, bayerDesignation='null', number=null, constellation=Constellation{constellation='Bootes', genitive='Bootis'}, prettyName='Bootis'}
26/09/11 15:38:34 WARN com.cse.exodex.datasets.StellarLibrary: probably not enough data lolwith BF id: BayerFlamsteed{flamsteedDesignation=null, bayerDesignation='null', number=null, constellation=Constellation{constellation='Bootes', genitive='Bootis'}, prettyName='Bootis'}
26/09/11 15:38:34 WARN com.cse.exodex.datasets.StellarLibrary: probably not enough data lolwith BF id: BayerFlamsteed{flamsteedDesignation=null, bayerDesignation='null', number=null, constellation=Constellation{constellation='Cetus', genitive='Ceti'}, prettyName='Ceti'}
26/09/11 15:38:34 WARN com.cse.exodex.datasets.StellarLibrary: probably not enough data lolwith BF id: BayerFlamsteed{flamsteedDesignation=null, bayerDesignation='null', number=null, constellation=Constellation{constellation='Cetus', genitive='Ceti'}, prettyName='Ceti'}
26/09/11 15:38:34 WARN com.cse.exodex.datasets.StellarLibrary: probably not enough data lolwith BF id: BayerFlamsteed{flamsteedDesignation=null, bayerDesignation='null', number=null, constellation=Constellation{constellation='Cetus', genitive='Ceti'}, prettyName='Ceti'}
26/09/11 15:38:34 WARN com.cse.exodex.datasets.StellarLibrary: probably not enough data lolwith BF id: BayerFlamsteed{flamsteedDesignation=null, bayerDesignation='null', number=null, constellation=Constellation{constellation='Gemini', genitive='Geminorum'}, prettyName='Geminorum'}
26/09/11 15:38:34 WARN com.cse.exodex.datasets.StellarLibrary: probably not enough data lolwith BF id: BayerFlamsteed{flamsteedDesignation=null, bayerDesignation='null', number=null, constellation=Constellation{constellation='Gemini', genitive='Geminorum'}, prettyName='Geminorum'}
26/09/11 15:38:34 WARN com.cse.exodex.datasets.StellarLibrary: probably not enough data lolwith BF id: BayerFlamsteed{flamsteedDesignation=null, bayerDesignation='null', number=null, constellation=Constellation{constellation='Andromeda', genitive='Andromedae'}, prettyName='Andromedae'}
26/09/11 15:38:34 WARN com.cse.exodex.datasets.StellarLibrary: probably not enough data lolwith BF id: BayerFlamsteed{flamsteedDesignation=null, bayerDesignation='null', number=null, constellation=Constellation{constellation='Andromeda', genitive='Andromedae'}, prettyName='Andromedae'}
26/09/11 15:38:34 WARN com.cse.exodex.datasets.StellarLibrary: probably not enough data lolwith BF id: BayerFlamsteed{flamsteedDesignation=null, bayerDesignation='null', number=null, constellation=Constellation{constellation='Andromeda', genitive='Andromedae'}, prettyName='Andromedae'}
26/09/11 15:38:34 WARN com.cse.exodex.datasets.StellarLibrary: probably not enough data lolwith BF id: BayerFlamsteed{flamsteedDesignation=null, bayerDesignation='null', number=null, constellation=Constellation{constellation='Andromeda', genitive='Andromedae'}, prettyName='Andromedae'}
26/09/11 15:38:34 WARN com.cse.exodex.datasets.StellarLibrary: probably not enough data lolwith BF id: BayerFlamsteed{flamsteedDesignation=null, bayerDesignation='null', number=null, constellation=Constellation{constellation='Andromeda', genitive='Andromedae'}, prettyName='Andromedae'}
26/09/11 15:38:34 WARN com.cse.exodex.datasets.StellarLibrary: probably not enough data lolwith BF id: BayerFlamsteed{flamsteedDesignation=null, bayerDesignation='null', number=null, constellation=Constellation{constellation='Andromeda', genitive='Andromedae'}, prettyName='Andromedae'}
26/09/11 15:38:34 WARN com.cse.exodex.datasets.StellarLibrary: probably not enough data lolwith BF id: BayerFlamsteed{flamsteedDesignation=null, bayerDesignation='null', number=null, constellation=Constellation{constellation='Andromeda', genitive='Andromedae'}, prettyName='Andromedae'}
26/09/11 15:38:34 WARN com.cse.exodex.datasets.StellarLibrary: probably not enough data lolwith BF id: BayerFlamsteed{flamsteedDesignation=null, bayerDesignation='null', number=null, constellation=Constellation{constellation='Andromeda', genitive='Andromedae'}, prettyName='Andromedae'}
26/09/11 15:38:34 WARN com.cse.exodex.datasets.StellarLibrary: probably not enough data lolwith BF id: BayerFlamsteed{flamsteedDesignation=null, bayerDesignation='null', number=null, constellation=Constellation{constellation='Andromeda', genitive='Andromedae'}, prettyName='Andromedae'}
26/09/11 15:38:34 WARN com.cse.exodex.datasets.StellarLibrary: probably not enough data lolwith BF id: BayerFlamsteed{flamsteedDesignation=null, bayerDesignation='null', number=null, constellation=Constellation{constellation='Andromeda', genitive='Andromedae'}, prettyName='Andromedae'}
26/09/11 15:38:34 WARN com.cse.exodex.datasets.StellarLibrary: probably not enough data lolwith BF id: BayerFlamsteed{flamsteedDesignation=null, bayerDesignation='null', number=null, constellation=Constellation{constellation='Andromeda', genitive='Andromedae'}, prettyName='Andromedae'}
26/09/11 15:38:34 WARN com.cse.exodex.datasets.StellarLibrary: probably not enough data lolwith BF id: BayerFlamsteed{flamsteedDesignation=null, bayerDesignation='null', number=null, constellation=Constellation{constellation='Andromeda', genitive='Andromedae'}, prettyName='Andromedae'}
26/09/11 15:38:34 WARN com.cse.exodex.datasets.StellarLibrary: probably not enough data lolwith BF id: BayerFlamsteed{flamsteedDesignation=null, bayerDesignation='null', number=null, constellation=Constellation{constellation='Andromeda', genitive='Andromedae'}, prettyName='Andromedae'}
26/09/11 15:38:34 WARN com.cse.exodex.datasets.StellarLibrary: probably not enough data lolwith BF id: BayerFlamsteed{flamsteedDesignation=null, bayerDesignation='null', number=null, constellation=Constellation{constellation='Andromeda', genitive='Andromedae'}, prettyName='Andromedae'}
26/09/11 15:38:34 WARN com.cse.exodex.datasets.StellarLibrary: probably not enough data lolwith BF id: BayerFlamsteed{flamsteedDesignation=null, bayerDesignation='null', number=null, constellation=Constellation{constellation='Andromeda', genitive='Andromedae'}, prettyName='Andromedae'}
26/09/11 15:38:34 WARN com.cse.exodex.datasets.StellarLibrary: probably not enough data lolwith BF id: BayerFlamsteed{flamsteedDesignation=null, bayerDesignation='null', number=null, constellation=Constellation{constellation='Andromeda', genitive='Andromedae'}, prettyName='Andromedae'}
26/09/11 15:38:34 WARN com.cse.exodex.datasets.StellarLibrary: probably not enough data lolwith BF id: BayerFlamsteed{flamsteedDesignation=null, bayerDesignation='null', number=null, constellation=Constellation{constellation='Andromeda', genitive='Andromedae'}, prettyName='Andromedae'}
26/09/11 15:38:34 WARN com.cse.exodex.datasets.StellarLibrary: probably not enough data lolwith BF id: BayerFlamsteed{flamsteedDesignation=null, bayerDesignation='null', number=null, constellation=Constellation{constellation='Andromeda', genitive='Andromedae'}, prettyName='Andromedae'}
26/09/11 15:38:34 WARN com.cse.exodex.datasets.StellarLibrary: probably not enough data lolwith BF id: BayerFlamsteed{flamsteedDesignation=null, bayerDesignation='null', number=null, constellation=Constellation{constellation='Andromeda', genitive='Andromedae'}, prettyName='Andromedae'}
26/09/11 15:38:34 WARN com.cse.exodex.datasets.StellarLibrary: probably not enough data lolwith BF id: BayerFlamsteed{flamsteedDesignation=null, bayerDesignation='null', number=null, constellation=Constellation{constellation='Andromeda', genitive='Andromedae'}, prettyName='Andromedae'}
26/09/11 15:38:34 WARN com.cse.exodex.datasets.StellarLibrary: probably not enough data lolwith BF id: BayerFlamsteed{flamsteedDesignation=null, bayerDesignation='null', number=null, constellation=Constellation{constellation='Andromeda', genitive='Andromedae'}, prettyName='Andromedae'}
26/09/11 15:38:34 WARN com.cse.exodex.datasets.StellarLibrary: probably not enough data lolwith BF id: BayerFlamsteed{flamsteedDesignation=null, bayerDesignation='null', number=null, constellation=Constellation{constellation='Andromeda', genitive='Andromedae'}, prettyName='Andromedae'}
26/09/11 15:38:34 WARN com.cse.exodex.datasets.StellarLibrary: probably not enough data lolwith BF id: BayerFlamsteed{flamsteedDesignation=null, bayerDesignation='null', number=null, constellation=Constellation{constellation='Leo', genitive='Leonis'}, prettyName='Leonis'}
26/09/11 15:38:34 WARN com.cse.exodex.datasets.StellarLibrary: probably not enough data lolwith BF id: BayerFlamsteed{flamsteedDesignation=null, bayerDesignation='null', number=null, constellation=Constellation{constellation='Aquila', genitive='Aquilae'}, prettyName='Aquilae'}
26/09/11 15:38:34 WARN com.cse.exodex.datasets.StellarLibrary: probably not enough data lolwith BF id: BayerFlamsteed{flamsteedDesignation=null, bayerDesignation='null', number=null, constellation=Constellation{constellation='Aquila', genitive='Aquilae'}, prettyName='Aquilae'}
26/09/11 15:38:34 WARN com.cse.exodex.datasets.StellarLibrary: probably not enough data lolwith BF id: BayerFlamsteed{flamsteedDesignation=null, bayerDesignation='null', number=null, constellation=Constellation{constellation='Aquila', genitive='Aquilae'}, prettyName='Aquilae'}
26/09/11 15:38:34 INFO com.cse.exodex.datasets.catalogs.NasaExoplanetCatalog: Loaded 40144 exoplanets from main_data.csv; unmatched hosts: 36557
26/09/11 15:38:34 INFO com.cse.exodex.datasets.catalogs.NasaExoplanetCatalog: Found stars from HYG
