26/09/11 16:49:30 WARN com.cse.exodex.datasets.StarClassifier2: Warning: could not parse star classification: C5p
26/09/11 16:49:30 WARN com.cse.exodex.datasets.StarClassifier2: Warning: could not parse star classification: R...
26/09/11 16:49:30 WARN com.cse.exodex.datasets.StarClassifier2: Warning: could not parse star classification: C5II
26/09/11 16:49:30 WARN com.cse.exodex.datasets.StarClassifier2: Warning: could not parse star classification: WC8
26/09/11 16:49:30 WARN com.cse.exodex.datasets.StarClassifier2: Warning: could not parse star classification: N0v
26/09/11 16:49:30 WARN com.cse.exodex.datasets.StarClassifier2: Warning: could not parse star classification: C8
26/09/11 16:49:30 WARN com.cse.exodex.datasets.StarClassifier2: Warning: could not parse star classification: S66ev
26/09/11 16:49:30 WARN com.cse.exodex.datasets.StarClassifier2: Warning: could not parse star classification: C4.5v
26/09/11 16:49:30 WARN com.cse.exodex.datasets.StarClassifier2: Warning: could not parse star classification: C6II
26/09/11 16:49:30 WARN com.cse.exodex.datasets.StarClassifier2: Warning: could not parse star classification: N0v
26/09/11 16:49:30 WARN com.cse.exodex.datasets.StarClassifier2: Warning: could not parse star classification: R...
26/09/11 16:49:30 WARN com.cse.exodex.datasets.StarClassifier2: Warning: could not parse star classification: WN5
26/09/11 16:49:30 WARN com.cse.exodex.datasets.StarClassifier2: Warning: could not parse star classification: Rp...
26/09/11 16:49:30 WARN com.cse.exodex.datasets.StarClassifier2: Warning: could not parse star classification: R...
26/09/11 16:49:30 WARN com.cse.exodex.datasets.StarClassifier2: Warning: could not parse star classification: C0ev
26/09/11 16:49:30 WARN com.cse.exodex.datasets.StarClassifier2: Warning: could not parse star classification: WN2
26/09/11 16:49:30 WARN com.cse.exodex.datasets.StarClassifier2: Warning: could not parse star classification: C
26/09/11 16:49:30 WARN com.cse.exodex.datasets.StarClassifier2: Warning: could not parse star classification: N0
26/09/11 16:49:30 WARN com.cse.exodex.datasets.StarClassifier2: Warning: could not parse star classification: C
26/09/11 16:49:30 WARN com.cse.exodex.datasets.StarClassifier2: Warning: could not parse star classification: N0v
26/09/11 16:49:30 WARN com.cse.exodex.datasets.StarClassifier2: Warning: could not parse star classification: WN3+...
26/09/11 16:49:30 WARN com.cse.exodex.datasets.StarClassifier2: Warning: could not parse star classification: R6
26/09/11 16:49:30 WARN com.cse.exodex.datasets.StarClassifier2: Warning: could not parse star classification: C0ev
26/09/11 16:49:30 WARN com.cse.exodex.datasets.StarClassifier2: Warning: could not parse star classification: DF
26/09/11 16:49:30 WARN com.cse.exodex.datasets.StarClassifier2: Warning: could not parse star classification: C5II
26/09/11 16:49:30 WARN com.cse.exodex.datasets.StarClassifier2: Warning: could not parse star classification: N0v
26/09/11 16:49:30 WARN com.cse.exodex.datasets.StarClassifier2: Warning: could not parse star classification: R...
26/09/11 16:49:30 WARN com.cse.exodex.datasets.StarClassifier2: Warning: could not parse star classification: C8
26/09/11 16:49:30 WARN com.cse.exodex.datasets.StarClassifier2: Warning: could not parse star classification: DAn...
26/09/11 16:49:30 WARN com.cse.exodex.datasets.StarClassifier2: Warning: could not parse star classification: C...
26/09/11 16:49:30 WARN com.cse.exodex.datasets.StarClassifier2: Warning: could not parse star classification: DAwe...
26/09/11 16:49:30 WARN com.cse.exodex.datasets.StarClassifier2: Warning: could not parse star classification: C54(N3)
26/09/11 16:49:30 WARN com.cse.exodex.datasets.StarClassifier2: Warning: could not parse star classification: R4v
26/09/11 16:49:30 WARN com.cse.exodex.datasets.StarClassifier2: Warning: could not parse star classification: WC...
26/09/11 16:49:30 WARN com.cse.exodex.datasets.StarClassifier2: Warning: could not parse star classification: WC...
26/09/11 16:49:30 WARN com.cse.exodex.datasets.StarClassifier2: Warning: could not parse star classification: R...
26/09/11 16:49:30 WARN com.cse.exodex.datasets.StarClassifier2: Warning: could not parse star classification: Se
26/09/11 16:49:30 WARN com.cse.exodex.datasets.StarClassifier2: Warning: could not parse star classification: R5
26/09/11 16:49:30 WARN com.cse.exodex.datasets.StarClassifier2: Warning: could not parse star classification: C5II
26/09/11 16:49:30 WARN com.cse.exodex.datasets.StarClassifier2: Warning: could not parse star classification: Npvar
26/09/11 16:49:30 WARN com.cse.exodex.datasets.StarClassifier2: Warning: could not parse star classification: R
26/09/11 16:49:30 WARN com.cse.exodex.datasets.StarClassifier2: Warning: could not parse star classification: C0e
26/09/11 16:49:30 WARN com.cse.exodex.datasets.StarClassifier2: Warning: could not parse star classification: C6.4ev
26/09/11 16:49:30 WARN com.cse.exodex.datasets.StarClassifier2: Warning: could not parse star classification: S5.3 SB:
26/09/11 16:49:30 WARN com.cse.exodex.datasets.StarClassifier2: Warning: could not parse star classification: C
26/09/11 16:49:30 WARN com.cse.exodex.datasets.StarClassifier2: Warning: could not parse star classification: R...
26/09/11 16:49:30 WARN com.cse.exodex.datasets.StarClassifier2: Warning: could not parse star classification: R...
26/09/11 16:49:30 WARN com.cse.exodex.datasets.StarClassifier2: Warning: could not parse star classification: R...
26/09/11 16:49:30 WARN com.cse.exodex.datasets.StarClassifier2: Warning: could not parse star classification: R8v
26/09/11 16:49:30 WARN com.cse.exodex.datasets.StarClassifier2: Warning: could not parse star classification: S42v
26/09/11 16:49:30 WARN com.cse.exodex.datasets.StarClassifier2: Warning: could not parse star classification: C+
26/09/11 16:49:30 WARN com.cse.exodex.datasets.StarClassifier2: Warning: could not parse star classification: Ce+...
26/09/11 16:49:30 WARN com.cse.exodex.datasets.StarClassifier2: Warning: could not parse star classification: R...
26/09/11 16:49:30 WARN com.cse.exodex.datasets.StarClassifier2: Warning: could not parse star classification: C
26/09/11 16:49:30 WARN com.cse.exodex.datasets.StarClassifier2: Warning: could not parse star classification: R...
26/09/11 16:49:30 WARN com.cse.exodex.datasets.StarClassifier2: Warning: could not parse star classification: C4II
26/09/11 16:49:30 WARN com.cse.exodex.datasets.StarClassifier2: Warning: could not parse star classification: N5
26/09/11 16:49:30 WARN com.cse.exodex.datasets.StarClassifier2: Warning: could not parse star classification: C5II
26/09/11 16:49:30 WARN com.cse.exodex.datasets.StarClassifier2: Warning: could not parse star classification: N0v
26/09/11 16:49:30 WARN com.cse.exodex.datasets.StarClassifier2: Warning: could not parse star classification: N...
26/09/11 16:49:30 WARN com.cse.exodex.datasets.StarClassifier2: Warning: could not parse star classification: Ce+...
26/09/11 16:49:30 WARN com.cse.exodex.datasets.StarClassifier2: Warning: could not parse star classification: C0ev
26/09/11 16:49:30 WARN com.cse.exodex.datasets.StarClassifier2: Warning: could not parse star classification: C76e
26/09/11 16:49:30 WARN com.cse.exodex.datasets.StarClassifier2: Warning: could not parse star classification: N0v
26/09/11 16:49:30 WARN com.cse.exodex.datasets.StarClassifier2: Warning: could not parse star classification: N5
26/09/11 16:49:30 WARN com.cse.exodex.datasets.StarClassifier2: Warning: could not parse star classification: DAw...
26/09/11 16:49:30 WARN com.cse.exodex.datasets.StarClassifier2: Warning: could not parse star classification: C5II
26/09/11 16:49:30 WARN com.cse.exodex.datasets.StarClassifier2: Warning: could not parse star classification: C5II
26/09/11 16:49:30 WARN com.cse.exodex.datasets.StarClassifier2: Warning: could not parse star classification: CII...
26/09/11 16:49:30 WARN com.cse.exodex.datasets.StarClassifier2: Warning: could not parse star classification: C4II
26/09/11 16:49:30 WARN com.cse.exodex.datasets.StarClassifier2: Warning: could not parse star classification: N0
26/09/11 16:49:30 WARN com.cse.exodex.datasets.StarClassifier2: Warning: could not parse star classification: S41
26/09/11 16:49:30 WARN com.cse.exodex.datasets.StarClassifier2: Warning: could not parse star classification: N0v
26/09/11 16:49:30 WARN com.cse.exodex.datasets.StarClassifier2: Warning: could not parse star classification: N0v
26/09/11 16:49:30 WARN com.cse.exodex.datasets.StarClassifier2: Warning: could not parse star classification: C6II
26/09/11 16:49:30 WARN com.cse.exodex.datasets.StarClassifier2: Warning: could not parse star classification: C
26/09/11 16:49:30 WARN com.cse.exodex.datasets.StarClassifier2: Warning: could not parse star classification: WN...
26/09/11 16:49:30 WARN com.cse.exodex.datasets.StarClassifier2: Warning: could not parse star classification: C0e
26/09/11 16:49:30 WARN com.cse.exodex.datasets.StarClassifier2: Warning: could not parse star classification: N0v
26/09/11 16:49:30 WARN com.cse.exodex.datasets.StarClassifier2: Warning: could not parse star classification: C5II
26/09/11 16:49:30 WARN com.cse.exodex.datasets.StarClassifier2: Warning: could not parse star classification: C5II
26/09/11 16:49:30 WARN com.cse.exodex.datasets.StarClassifier2: Warning: could not parse star classification: C4II
26/09/11 16:49:30 WARN com.cse.exodex.datasets.StarClassifier2: Warning: could not parse star classification: R...
26/09/11 16:49:30 WARN com.cse.exodex.datasets.StarClassifier2: Warning: could not parse star classification: S
26/09/11 16:49:30 WARN com.cse.exodex.datasets.StarClassifier2: Warning: could not parse star classification: R...
26/09/11 16:49:30 WARN com.cse.exodex.datasets.StarClassifier2: Warning: could not parse star classification: N0v
26/09/11 16:49:30 WARN com.cse.exodex.datasets.StarClassifier2: Warning: could not parse star classification: N0
26/09/11 16:49:30 WARN com.cse.exodex.datasets.StarClassifier2: Warning: could not parse star classification: N0
26/09/11 16:49:30 WARN com.cse.exodex.datasets.StarClassifier2: Warning: could not parse star classification: Sevar
26/09/11 16:49:30 WARN com.cse.exodex.datasets.StarClassifier2: Warning: could not parse star classification: C5II
26/09/11 16:49:30 WARN com.cse.exodex.datasets.StarClassifier2: Warning: could not parse star classification: C6II
26/09/11 16:49:30 WARN com.cse.exodex.datasets.StarClassifier2: Warning: could not parse star classification: CVIIe+
26/09/11 16:49:30 WARN com.cse.exodex.datasets.StarClassifier2: Warning: could not parse star classification: C5II
26/09/11 16:49:30 WARN com.cse.exodex.datasets.StarClassifier2: Warning: could not parse star classification: N0
26/09/11 16:49:30 WARN com.cse.exodex.datasets.StarClassifier2: Warning: could not parse star classification: C8.3v
26/09/11 16:49:30 WARN com.cse.exodex.datasets.StarClassifier2: Warning: could not parse star classification: N0v
26/09/11 16:49:30 WARN com.cse.exodex.datasets.StarClassifier2: Warning: could not parse star classification: pec(NOVA)
26/09/11 16:49:30 WARN com.cse.exodex.datasets.StarClassifier2: Warning: could not parse star classification: C5II
26/09/11 16:49:30 WARN com.cse.exodex.datasets.StarClassifier2: Warning: could not parse star classification: C+
26/09/11 16:49:30 WARN com.cse.exodex.datasets.StarClassifier2: Warning: could not parse star classification: N0v
26/09/11 16:49:30 WARN com.cse.exodex.datasets.StarClassifier2: Warning: could not parse star classification: C5II
26/09/11 16:49:30 WARN com.cse.exodex.datasets.StarClassifier2: Warning: could not parse star classification: N0
26/09/11 16:49:30 WARN com.cse.exodex.datasets.StarClassifier2: Warning: could not parse star classification: N0
26/09/11 16:49:30 WARN com.cse.exodex.datasets.StarClassifier2: Warning: could not parse star classification: DAn
26/09/11 16:49:30 WARN com.cse.exodex.datasets.StarClassifier2: Warning: could not parse star classification: S51
26/09/11 16:49:30 WARN com.cse.exodex.datasets.StarClassifier2: Warning: could not parse star classification: C4II
26/09/11 16:49:30 WARN com.cse.exodex.datasets.StarClassifier2: Warning: could not parse star classification: WN5 (SB1)
26/09/11 16:49:30 WARN com.cse.exodex.datasets.StarClassifier2: Warning: could not parse star classification: C3II
26/09/11 16:49:30 WARN com.cse.exodex.datasets.StarClassifier2: Warning: could not parse star classification: N0v
26/09/11 16:49:30 WARN com.cse.exodex.datasets.StarClassifier2: Warning: could not parse star classification: R6pv
26/09/11 16:49:30 WARN com.cse.exodex.datasets.StarClassifier2: Warning: could not parse star classification: C5II
26/09/11 16:49:30 WARN com.cse.exodex.datasets.StarClassifier2: Warning: could not parse star classification: C7I
26/09/11 16:49:30 WARN com.cse.exodex.datasets.StarClassifier2: Warning: could not parse star classification: S39e
26/09/11 16:49:30 WARN com.cse.exodex.datasets.StarClassifier2: Warning: could not parse star classification: N5
26/09/11 16:49:30 WARN com.cse.exodex.datasets.StarClassifier2: Warning: could not parse star classification: S39e
26/09/11 16:49:30 WARN com.cse.exodex.datasets.StarClassifier2: Warning: could not parse star classification: C5II
26/09/11 16:49:30 WARN com.cse.exodex.datasets.StarClassifier2: Warning: could not parse star classification: C0ev
26/09/11 16:49:30 WARN com.cse.exodex.datasets.StarClassifier2: Warning: could not parse star classification: C8e
26/09/11 16:49:30 WARN com.cse.exodex.datasets.StarClassifier2: Warning: could not parse star classification: C5II
26/09/11 16:49:30 WARN com.cse.exodex.datasets.StarClassifier2: Warning: could not parse star classification: N...
26/09/11 16:49:30 WARN com.cse.exodex.datasets.StarClassifier2: Warning: could not parse star classification: N0
26/09/11 16:49:30 WARN com.cse.exodex.datasets.StarClassifier2: Warning: could not parse star classification: WN...
26/09/11 16:49:30 WARN com.cse.exodex.datasets.StarClassifier2: Warning: could not parse star classification: N0v
26/09/11 16:49:30 WARN com.cse.exodex.datasets.StarClassifier2: Warning: could not parse star classification: C3.2e
26/09/11 16:49:30 WARN com.cse.exodex.datasets.StarClassifier2: Warning: could not parse star classification: N0
26/09/11 16:49:30 WARN com.cse.exodex.datasets.StarClassifier2: Warning: could not parse star classification: C
26/09/11 16:49:30 WARN com.cse.exodex.datasets.StarClassifier2: Warning: could not parse star classification: C5II
26/09/11 16:49:30 WARN com.cse.exodex.datasets.StarClassifier2: Warning: could not parse star classification: CIb...
26/09/11 16:49:30 WARN com.cse.exodex.datasets.StarClassifier2: Warning: could not parse star classification: R4
26/09/11 16:49:30 WARN com.cse.exodex.datasets.StarClassifier2: Warning: could not parse star classification: R9
26/09/11 16:49:30 WARN com.cse.exodex.datasets.StarClassifier2: Warning: could not parse star classification: C...
26/09/11 16:49:30 WARN com.cse.exodex.datasets.StarClassifier2: Warning: could not parse star classification: C...
26/09/11 16:49:30 WARN com.cse.exodex.datasets.StarClassifier2: Warning: could not parse star classification: WC4-N6
26/09/11 16:49:30 WARN com.cse.exodex.datasets.StarClassifier2: Warning: could not parse star classification: WC+...
26/09/11 16:49:30 WARN com.cse.exodex.datasets.StarClassifier2: Warning: could not parse star classification: C3II
26/09/11 16:49:30 WARN com.cse.exodex.datasets.StarClassifier2: Warning: could not parse star classification: S
26/09/11 16:49:30 WARN com.cse.exodex.datasets.StarClassifier2: Warning: could not parse star classification: R8
26/09/11 16:49:30 WARN com.cse.exodex.datasets.StarClassifier2: Warning: could not parse star classification: S62
26/09/11 16:49:30 WARN com.cse.exodex.datasets.StarClassifier2: Warning: could not parse star classification: C...
26/09/11 16:49:30 WARN com.cse.exodex.datasets.StarClassifier2: Warning: could not parse star classification: S42e
26/09/11 16:49:30 WARN com.cse.exodex.datasets.StarClassifier2: Warning: could not parse star classification: C5II
26/09/11 16:49:30 WARN com.cse.exodex.datasets.StarClassifier2: Warning: could not parse star classification: Ce+...
26/09/11 16:49:30 WARN com.cse.exodex.datasets.StarClassifier2: Warning: could not parse star classification: WN...
26/09/11 16:49:30 WARN com.cse.exodex.datasets.StarClassifier2: Warning: could not parse star classification: R...
26/09/11 16:49:30 WARN com.cse.exodex.datasets.StarClassifier2: Warning: could not parse star classification: NV...
26/09/11 16:49:30 WARN com.cse.exodex.datasets.StarClassifier2: Warning: could not parse star classification: Rpvar
26/09/11 16:49:30 WARN com.cse.exodex.datasets.StarClassifier2: Warning: could not parse star classification: C
26/09/11 16:49:30 WARN com.cse.exodex.datasets.StarClassifier2: Warning: could not parse star classification: C
26/09/11 16:49:30 WARN com.cse.exodex.datasets.StarClassifier2: Warning: could not parse star classification: WC8 + O9I
26/09/11 16:49:30 WARN com.cse.exodex.datasets.StarClassifier2: Warning: could not parse star classification: R
26/09/11 16:49:30 WARN com.cse.exodex.datasets.StarClassifier2: Warning: could not parse star classification: R...
26/09/11 16:49:30 WARN com.cse.exodex.datasets.StarClassifier2: Warning: could not parse star classification: C
26/09/11 16:49:30 WARN com.cse.exodex.datasets.StarClassifier2: Warning: could not parse star classification: R8
26/09/11 16:49:30 WARN com.cse.exodex.datasets.StarClassifier2: Warning: could not parse star classification: Sevar
26/09/11 16:49:30 WARN com.cse.exodex.datasets.StarClassifier2: Warning: could not parse star classification: N0e
26/09/11 16:49:30 WARN com.cse.exodex.datasets.StarClassifier2: Warning: could not parse star classification: N0v
26/09/11 16:49:30 WARN com.cse.exodex.datasets.StarClassifier2: Warning: could not parse star classification: N...
26/09/11 16:49:30 WARN com.cse.exodex.datasets.StarClassifier2: Warning: could not parse star classification: R...
26/09/11 16:49:30 WARN com.cse.exodex.datasets.StarClassifier2: Warning: could not parse star classification: C(R)e
26/09/11 16:49:30 WARN com.cse.exodex.datasets.StarClassifier2: Warning: could not parse star classification: R...
26/09/11 16:49:30 WARN com.cse.exodex.datasets.StarClassifier2: Warning: could not parse star classification: C
26/09/11 16:49:30 WARN com.cse.exodex.datasets.StarClassifier2: Warning: could not parse star classification: Ce
26/09/11 16:49:30 WARN com.cse.exodex.datasets.StarClassifier2: Warning: could not parse star classification: WC...
26/09/11 16:49:30 WARN com.cse.exodex.datasets.StarClassifier2: Warning: could not parse star classification: C6II
26/09/11 16:49:30 WARN com.cse.exodex.datasets.StarClassifier2: Warning: could not parse star classification: R6v
26/09/11 16:49:30 WARN com.cse.exodex.datasets.StarClassifier2: Warning: could not parse star classification: R...
26/09/11 16:49:30 WARN com.cse.exodex.datasets.StarClassifier2: Warning: could not parse star classification: R...
26/09/11 16:49:30 WARN com.cse.exodex.datasets.StarClassifier2: Warning: could not parse star classification: R...
26/09/11 16:49:30 WARN com.cse.exodex.datasets.StarClassifier2: Warning: could not parse star classification: R6
26/09/11 16:49:30 WARN com.cse.exodex.datasets.StarClassifier2: Warning: could not parse star classification: R...
26/09/11 16:49:30 WARN com.cse.exodex.datasets.StarClassifier2: Warning: could not parse star classification: WC...
26/09/11 16:49:30 WARN com.cse.exodex.datasets.StarClassifier2: Warning: could not parse star classification: CVIIe
26/09/11 16:49:30 WARN com.cse.exodex.datasets.StarClassifier2: Warning: could not parse star classification: R4
26/09/11 16:49:30 WARN com.cse.exodex.datasets.StarClassifier2: Warning: could not parse star classification: C+
26/09/11 16:49:30 WARN com.cse.exodex.datasets.StarClassifier2: Warning: could not parse star classification: C0e
26/09/11 16:49:30 WARN com.cse.exodex.datasets.StarClassifier2: Warning: could not parse star classification: C
26/09/11 16:49:30 WARN com.cse.exodex.datasets.StarClassifier2: Warning: could not parse star classification: R...
26/09/11 16:49:30 WARN com.cse.exodex.datasets.StarClassifier2: Warning: could not parse star classification: C
26/09/11 16:49:30 WARN com.cse.exodex.datasets.StarClassifier2: Warning: could not parse star classification: WN8
26/09/11 16:49:31 WARN com.cse.exodex.datasets.StarClassifier2: Warning: could not parse star classification: N0v
26/09/11 16:49:31 WARN com.cse.exodex.datasets.StarClassifier2: Warning: could not parse star classification: WC...
26/09/11 16:49:31 WARN com.cse.exodex.datasets.StarClassifier2: Warning: could not parse star classification: CH
26/09/11 16:49:31 WARN com.cse.exodex.datasets.StarClassifier2: Warning: could not parse star classification: WN5
26/09/11 16:49:31 WARN com.cse.exodex.datasets.StarClassifier2: Warning: could not parse star classification: R...
26/09/11 16:49:31 WARN com.cse.exodex.datasets.StarClassifier2: Warning: could not parse star classification: C
26/09/11 16:49:31 WARN com.cse.exodex.datasets.StarClassifier2: Warning: could not parse star classification: WN+...
26/09/11 16:49:31 WARN com.cse.exodex.datasets.StarClassifier2: Warning: could not parse star classification: C
26/09/11 16:49:31 WARN com.cse.exodex.datasets.StarClassifier2: Warning: could not parse star classification: C
26/09/11 16:49:31 WARN com.cse.exodex.datasets.StarClassifier2: Warning: could not parse star classification: WN7 + A(SB1)
26/09/11 16:49:31 WARN com.cse.exodex.datasets.StarClassifier2: Warning: could not parse star classification: WC...
26/09/11 16:49:31 WARN com.cse.exodex.datasets.StarClassifier2: Warning: could not parse star classification: WN7 + A
26/09/11 16:49:31 WARN com.cse.exodex.datasets.StarClassifier2: Warning: could not parse star classification: C5II
26/09/11 16:49:31 WARN com.cse.exodex.datasets.StarClassifier2: Warning: could not parse star classification: C+
26/09/11 16:49:31 WARN com.cse.exodex.datasets.StarClassifier2: Warning: could not parse star classification: C9I
26/09/11 16:49:31 WARN com.cse.exodex.datasets.StarClassifier2: Warning: could not parse star classification: WN+...
26/09/11 16:49:31 WARN com.cse.exodex.datasets.StarClassifier2: Warning: could not parse star classification: R...
26/09/11 16:49:31 WARN com.cse.exodex.datasets.StarClassifier2: Warning: could not parse star classification: R...
26/09/11 16:49:31 WARN com.cse.exodex.datasets.StarClassifier2: Warning: could not parse star classification: R...
26/09/11 16:49:31 WARN com.cse.exodex.datasets.StarClassifier2: Warning: could not parse star classification: R...
26/09/11 16:49:31 WARN com.cse.exodex.datasets.StarClassifier2: Warning: could not parse star classification: WN8 (SB1)
26/09/11 16:49:31 WARN com.cse.exodex.datasets.StarClassifier2: Warning: could not parse star classification: WC+...
26/09/11 16:49:31 WARN com.cse.exodex.datasets.StarClassifier2: Warning: could not parse star classification: C
26/09/11 16:49:31 WARN com.cse.exodex.datasets.StarClassifier2: Warning: could not parse star classification: C+
26/09/11 16:49:31 WARN com.cse.exodex.datasets.StarClassifier2: Warning: could not parse star classification: R...
26/09/11 16:49:31 WARN com.cse.exodex.datasets.StarClassifier2: Warning: could not parse star classification: C...
26/09/11 16:49:31 WARN com.cse.exodex.datasets.StarClassifier2: Warning: could not parse star classification: C+
26/09/11 16:49:31 WARN com.cse.exodex.datasets.StarClassifier2: Warning: could not parse star classification: R...
26/09/11 16:49:31 WARN com.cse.exodex.datasets.StarClassifier2: Warning: could not parse star classification: WN3p
26/09/11 16:49:31 WARN com.cse.exodex.datasets.StarClassifier2: Warning: could not parse star classification: SC45/8e
26/09/11 16:49:31 WARN com.cse.exodex.datasets.StarClassifier2: Warning: could not parse star classification: Npvar
26/09/11 16:49:31 WARN com.cse.exodex.datasets.StarClassifier2: Warning: could not parse star classification: C
26/09/11 16:49:31 WARN com.cse.exodex.datasets.StarClassifier2: Warning: could not parse star classification: R
26/09/11 16:49:31 WARN com.cse.exodex.datasets.StarClassifier2: Warning: could not parse star classification: WN6 + O5V
26/09/11 16:49:31 WARN com.cse.exodex.datasets.StarClassifier2: Warning: could not parse star classification: S15ev
26/09/11 16:49:31 WARN com.cse.exodex.datasets.StarClassifier2: Warning: could not parse star classification: C7Iab
26/09/11 16:49:31 WARN com.cse.exodex.datasets.StarClassifier2: Warning: could not parse star classification: C0
26/09/11 16:49:31 WARN com.cse.exodex.datasets.StarClassifier2: Warning: could not parse star classification: R...
26/09/11 16:49:31 WARN com.cse.exodex.datasets.StarClassifier2: Warning: could not parse star classification: C7I
26/09/11 16:49:31 WARN com.cse.exodex.datasets.StarClassifier2: Warning: could not parse star classification: C0ev
26/09/11 16:49:31 WARN com.cse.exodex.datasets.StarClassifier2: Warning: could not parse star classification: R6p
26/09/11 16:49:31 WARN com.cse.exodex.datasets.StarClassifier2: Warning: could not parse star classification: WC6 + O9.5I
26/09/11 16:49:31 WARN com.cse.exodex.datasets.StarClassifier2: Warning: could not parse star classification: WC...
26/09/11 16:49:31 WARN com.cse.exodex.datasets.StarClassifier2: Warning: could not parse star classification: Npvar
26/09/11 16:49:31 WARN com.cse.exodex.datasets.StarClassifier2: Warning: could not parse star classification: C+
26/09/11 16:49:31 WARN com.cse.exodex.datasets.StarClassifier2: Warning: could not parse star classification: R...
26/09/11 16:49:31 WARN com.cse.exodex.datasets.StarClassifier2: Warning: could not parse star classification: (G3w)F7
26/09/11 16:49:31 WARN com.cse.exodex.datasets.StarClassifier2: Warning: could not parse star classification: WC8
26/09/11 16:49:31 WARN com.cse.exodex.datasets.StarClassifier2: Warning: could not parse star classification: C+
26/09/11 16:49:31 WARN com.cse.exodex.datasets.StarClassifier2: Warning: could not parse star classification: WN7
26/09/11 16:49:31 WARN com.cse.exodex.datasets.StarClassifier2: Warning: could not parse star classification: R
26/09/11 16:49:31 WARN com.cse.exodex.datasets.StarClassifier2: Warning: could not parse star classification: N3v
26/09/11 16:49:31 WARN com.cse.exodex.datasets.StarClassifier2: Warning: could not parse star classification: WC...
26/09/11 16:49:31 WARN com.cse.exodex.datasets.StarClassifier2: Warning: could not parse star classification: R...
26/09/11 16:49:31 WARN com.cse.exodex.datasets.StarClassifier2: Warning: could not parse star classification: C
26/09/11 16:49:31 WARN com.cse.exodex.datasets.StarClassifier2: Warning: could not parse star classification: WN4.5
26/09/11 16:49:31 WARN com.cse.exodex.datasets.StarClassifier2: Warning: could not parse star classification: C+
26/09/11 16:49:31 WARN com.cse.exodex.datasets.StarClassifier2: Warning: could not parse star classification: C
26/09/11 16:49:31 WARN com.cse.exodex.datasets.StarClassifier2: Warning: could not parse star classification: C5II
26/09/11 16:49:31 WARN com.cse.exodex.datasets.StarClassifier2: Warning: could not parse star classification: R
26/09/11 16:49:31 WARN com.cse.exodex.datasets.StarClassifier2: Warning: could not parse star classification: C+
26/09/11 16:49:31 WARN com.cse.exodex.datasets.StarClassifier2: Warning: could not parse star classification: R6
26/09/11 16:49:31 WARN com.cse.exodex.datasets.StarClassifier2: Warning: could not parse star classification: R...
26/09/11 16:49:31 WARN com.cse.exodex.datasets.StarClassifier2: Warning: could not parse star classification: C+
26/09/11 16:49:31 WARN com.cse.exodex.datasets.StarClassifier2: Warning: could not parse star classification: N0v
26/09/11 16:49:31 WARN com.cse.exodex.datasets.StarClassifier2: Warning: could not parse star classification: WN...
26/09/11 16:49:31 WARN com.cse.exodex.datasets.StarClassifier2: Warning: could not parse star classification: R...
26/09/11 16:49:31 WARN com.cse.exodex.datasets.StarClassifier2: Warning: could not parse star classification: WC9
26/09/11 16:49:31 WARN com.cse.exodex.datasets.StarClassifier2: Warning: could not parse star classification: R...
26/09/11 16:49:31 WARN com.cse.exodex.datasets.StarClassifier2: Warning: could not parse star classification: C
26/09/11 16:49:31 WARN com.cse.exodex.datasets.StarClassifier2: Warning: could not parse star classification: C+
26/09/11 16:49:31 WARN com.cse.exodex.datasets.StarClassifier2: Warning: could not parse star classification: R
26/09/11 16:49:31 WARN com.cse.exodex.datasets.StarClassifier2: Warning: could not parse star classification: WC+...
26/09/11 16:49:31 WARN com.cse.exodex.datasets.StarClassifier2: Warning: could not parse star classification: C00 (F8pe)
26/09/11 16:49:31 WARN com.cse.exodex.datasets.StarClassifier2: Warning: could not parse star classification: N2
26/09/11 16:49:31 WARN com.cse.exodex.datasets.StarClassifier2: Warning: could not parse star classification: WN6  SB1
26/09/11 16:49:31 WARN com.cse.exodex.datasets.StarClassifier2: Warning: could not parse star classification: C7.2e
26/09/11 16:49:31 WARN com.cse.exodex.datasets.StarClassifier2: Warning: could not parse star classification: C
26/09/11 16:49:31 WARN com.cse.exodex.datasets.StarClassifier2: Warning: could not parse star classification: C(R)
26/09/11 16:49:31 WARN com.cse.exodex.datasets.StarClassifier2: Warning: could not parse star classification: C
26/09/11 16:49:31 WARN com.cse.exodex.datasets.StarClassifier2: Warning: could not parse star classification: C7I
26/09/11 16:49:31 WARN com.cse.exodex.datasets.StarClassifier2: Warning: could not parse star classification: R...
26/09/11 16:49:31 WARN com.cse.exodex.datasets.StarClassifier2: Warning: could not parse star classification: R...
26/09/11 16:49:31 WARN com.cse.exodex.datasets.StarClassifier2: Warning: could not parse star classification: C6.4v
26/09/11 16:49:31 WARN com.cse.exodex.datasets.StarClassifier2: Warning: could not parse star classification: WN...
26/09/11 16:49:31 WARN com.cse.exodex.datasets.StarClassifier2: Warning: could not parse star classification: WC+...
26/09/11 16:49:31 WARN com.cse.exodex.datasets.StarClassifier2: Warning: could not parse star classification: C+
26/09/11 16:49:31 WARN com.cse.exodex.datasets.StarClassifier2: Warning: could not parse star classification: Ne
26/09/11 16:49:31 WARN com.cse.exodex.datasets.StarClassifier2: Warning: could not parse star classification: WC
26/09/11 16:49:31 WARN com.cse.exodex.datasets.StarClassifier2: Warning: could not parse star classification: Ce(R-Nb)
26/09/11 16:49:31 WARN com.cse.exodex.datasets.StarClassifier2: Warning: could not parse star classification: C...
26/09/11 16:49:31 WARN com.cse.exodex.datasets.StarClassifier2: Warning: could not parse star classification: WC...
26/09/11 16:49:31 WARN com.cse.exodex.datasets.StarClassifier2: Warning: could not parse star classification: WN...
26/09/11 16:49:31 WARN com.cse.exodex.datasets.StarClassifier2: Warning: could not parse star classification: WC...
26/09/11 16:49:31 WARN com.cse.exodex.datasets.StarClassifier2: Warning: could not parse star classification: N0
26/09/11 16:49:31 WARN com.cse.exodex.datasets.StarClassifier2: Warning: could not parse star classification: R3
26/09/11 16:49:31 WARN com.cse.exodex.datasets.StarClassifier2: Warning: could not parse star classification: CII...
26/09/11 16:49:31 WARN com.cse.exodex.datasets.StarClassifier2: Warning: could not parse star classification: C
26/09/11 16:49:31 WARN com.cse.exodex.datasets.StarClassifier2: Warning: could not parse star classification: R...
26/09/11 16:49:31 WARN com.cse.exodex.datasets.StarClassifier2: Warning: could not parse star classification: WN+...
26/09/11 16:49:31 WARN com.cse.exodex.datasets.StarClassifier2: Warning: could not parse star classification: C5II
26/09/11 16:49:31 WARN com.cse.exodex.datasets.StarClassifier2: Warning: could not parse star classification: C
26/09/11 16:49:31 WARN com.cse.exodex.datasets.StarClassifier2: Warning: could not parse star classification: R...
26/09/11 16:49:31 WARN com.cse.exodex.datasets.StarClassifier2: Warning: could not parse star classification: C
26/09/11 16:49:31 WARN com.cse.exodex.datasets.StarClassifier2: Warning: could not parse star classification: R...
26/09/11 16:49:31 WARN com.cse.exodex.datasets.StarClassifier2: Warning: could not parse star classification: Nevar
26/09/11 16:49:31 WARN com.cse.exodex.datasets.StarClassifier2: Warning: could not parse star classification: R4
26/09/11 16:49:31 WARN com.cse.exodex.datasets.StarClassifier2: Warning: could not parse star classification: R...
26/09/11 16:49:31 WARN com.cse.exodex.datasets.StarClassifier2: Warning: could not parse star classification: WC...
26/09/11 16:49:31 WARN com.cse.exodex.datasets.StarClassifier2: Warning: could not parse star classification: N0
26/09/11 16:49:31 WARN com.cse.exodex.datasets.StarClassifier2: Warning: could not parse star classification: R5
26/09/11 16:49:31 WARN com.cse.exodex.datasets.StarClassifier2: Warning: could not parse star classification: WN...
26/09/11 16:49:31 WARN com.cse.exodex.datasets.StarClassifier2: Warning: could not parse star classification: N0
26/09/11 16:49:31 WARN com.cse.exodex.datasets.StarClassifier2: Warning: could not parse star classification: WN...
26/09/11 16:49:31 WARN com.cse.exodex.datasets.StarClassifier2: Warning: could not parse star classification: WC...
26/09/11 16:49:31 WARN com.cse.exodex.datasets.StarClassifier2: Warning: could not parse star classification: R...
26/09/11 16:49:31 WARN com.cse.exodex.datasets.StarClassifier2: Warning: could not parse star classification: R...
26/09/11 16:49:31 WARN com.cse.exodex.datasets.StarClassifier2: Warning: could not parse star classification: WC
26/09/11 16:49:31 WARN com.cse.exodex.datasets.StarClassifier2: Warning: could not parse star classification: R4v
26/09/11 16:49:31 WARN com.cse.exodex.datasets.StarClassifier2: Warning: could not parse star classification: WC...
26/09/11 16:49:31 WARN com.cse.exodex.datasets.StarClassifier2: Warning: could not parse star classification: C
26/09/11 16:49:31 WARN com.cse.exodex.datasets.StarClassifier2: Warning: could not parse star classification: R...
26/09/11 16:49:31 WARN com.cse.exodex.datasets.StarClassifier2: Warning: could not parse star classification: WR
26/09/11 16:49:31 WARN com.cse.exodex.datasets.StarClassifier2: Warning: could not parse star classification: C
26/09/11 16:49:31 WARN com.cse.exodex.datasets.StarClassifier2: Warning: could not parse star classification: C
26/09/11 16:49:31 WARN com.cse.exodex.datasets.StarClassifier2: Warning: could not parse star classification: C8
26/09/11 16:49:31 WARN com.cse.exodex.datasets.StarClassifier2: Warning: could not parse star classification: C5II
26/09/11 16:49:31 WARN com.cse.exodex.datasets.StarClassifier2: Warning: could not parse star classification: C5II
26/09/11 16:49:31 WARN com.cse.exodex.datasets.StarClassifier2: Warning: could not parse star classification: WC...
26/09/11 16:49:31 WARN com.cse.exodex.datasets.StarClassifier2: Warning: could not parse star classification: C
26/09/11 16:49:31 WARN com.cse.exodex.datasets.StarClassifier2: Warning: could not parse star classification: C
26/09/11 16:49:31 WARN com.cse.exodex.datasets.StarClassifier2: Warning: could not parse star classification: C6II
26/09/11 16:49:31 WARN com.cse.exodex.datasets.StarClassifier2: Warning: could not parse star classification: R0
26/09/11 16:49:31 WARN com.cse.exodex.datasets.StarClassifier2: Warning: could not parse star classification: C5II
26/09/11 16:49:31 WARN com.cse.exodex.datasets.StarClassifier2: Warning: could not parse star classification: C5II
26/09/11 16:49:31 WARN com.cse.exodex.datasets.StarClassifier2: Warning: could not parse star classification: C6II
26/09/11 16:49:31 WARN com.cse.exodex.datasets.StarClassifier2: Warning: could not parse star classification: C
26/09/11 16:49:31 WARN com.cse.exodex.datasets.StarClassifier2: Warning: could not parse star classification: WN8 (SB1)
26/09/11 16:49:31 WARN com.cse.exodex.datasets.StarClassifier2: Warning: could not parse star classification: C5II
26/09/11 16:49:31 WARN com.cse.exodex.datasets.StarClassifier2: Warning: could not parse star classification: R2v
26/09/11 16:49:31 WARN com.cse.exodex.datasets.StarClassifier2: Warning: could not parse star classification: WN...
26/09/11 16:49:31 WARN com.cse.exodex.datasets.StarClassifier2: Warning: could not parse star classification: R8
26/09/11 16:49:31 WARN com.cse.exodex.datasets.StarClassifier2: Warning: could not parse star classification: R3
26/09/11 16:49:31 WARN com.cse.exodex.datasets.StarClassifier2: Warning: could not parse star classification: Se
26/09/11 16:49:31 WARN com.cse.exodex.datasets.StarClassifier2: Warning: could not parse star classification: Cp
26/09/11 16:49:31 WARN com.cse.exodex.datasets.StarClassifier2: Warning: could not parse star classification: C
26/09/11 16:49:31 WARN com.cse.exodex.datasets.StarClassifier2: Warning: could not parse star classification: C...
26/09/11 16:49:31 WARN com.cse.exodex.datasets.StarClassifier2: Warning: could not parse star classification: DAw...
26/09/11 16:49:31 WARN com.cse.exodex.datasets.StarClassifier2: Warning: could not parse star classification: C5II
26/09/11 16:49:31 WARN com.cse.exodex.datasets.StarClassifier2: Warning: could not parse star classification: C0
26/09/11 16:49:31 WARN com.cse.exodex.datasets.StarClassifier2: Warning: could not parse star classification: R...
26/09/11 16:49:31 WARN com.cse.exodex.datasets.StarClassifier2: Warning: could not parse star classification: R5
26/09/11 16:49:31 WARN com.cse.exodex.datasets.StarClassifier2: Warning: could not parse star classification: N0v
26/09/11 16:49:31 WARN com.cse.exodex.datasets.StarClassifier2: Warning: could not parse star classification: C
26/09/11 16:49:31 WARN com.cse.exodex.datasets.StarClassifier2: Warning: could not parse star classification: WC...
26/09/11 16:49:31 WARN com.cse.exodex.datasets.StarClassifier2: Warning: could not parse star classification: C6.4e
26/09/11 16:49:31 WARN com.cse.exodex.datasets.StarClassifier2: Warning: could not parse star classification: WN+...
26/09/11 16:49:31 WARN com.cse.exodex.datasets.StarClassifier2: Warning: could not parse star classification: C
26/09/11 16:49:31 WARN com.cse.exodex.datasets.StarClassifier2: Warning: could not parse star classification: DB:p
26/09/11 16:49:31 WARN com.cse.exodex.datasets.StarClassifier2: Warning: could not parse star classification: WN4 (SB1)
26/09/11 16:49:31 WARN com.cse.exodex.datasets.StarClassifier2: Warning: could not parse star classification: S71e:
26/09/11 16:49:31 WARN com.cse.exodex.datasets.StarClassifier2: Warning: could not parse star classification: C...
26/09/11 16:49:31 WARN com.cse.exodex.datasets.StarClassifier2: Warning: could not parse star classification: C6II
26/09/11 16:49:31 WARN com.cse.exodex.datasets.StarClassifier2: Warning: could not parse star classification: R...
26/09/11 16:49:31 WARN com.cse.exodex.datasets.StarClassifier2: Warning: could not parse star classification: N0v
26/09/11 16:49:31 WARN com.cse.exodex.datasets.StarClassifier2: Warning: could not parse star classification: R4
26/09/11 16:49:31 WARN com.cse.exodex.datasets.StarClassifier2: Warning: could not parse star classification: N0
26/09/11 16:49:31 WARN com.cse.exodex.datasets.StarClassifier2: Warning: could not parse star classification: C5II
26/09/11 16:49:31 WARN com.cse.exodex.datasets.StarClassifier2: Warning: could not parse star classification: N0
26/09/11 16:49:31 WARN com.cse.exodex.datasets.StarClassifier2: Warning: could not parse star classification: S75v
26/09/11 16:49:31 WARN com.cse.exodex.datasets.StarClassifier2: Warning: could not parse star classification: WN+...
26/09/11 16:49:31 WARN com.cse.exodex.datasets.StarClassifier2: Warning: could not parse star classification: R3v
26/09/11 16:49:31 WARN com.cse.exodex.datasets.StarClassifier2: Warning: could not parse star classification: N0v
26/09/11 16:49:31 WARN com.cse.exodex.datasets.StarClassifier2: Warning: could not parse star classification: WN6 (SB1)
26/09/11 16:49:31 WARN com.cse.exodex.datasets.StarClassifier2: Warning: could not parse star classification: WC...
26/09/11 16:49:31 WARN com.cse.exodex.datasets.StarClassifier2: Warning: could not parse star classification: WN...
26/09/11 16:49:31 WARN com.cse.exodex.datasets.StarClassifier2: Warning: could not parse star classification: C5II
26/09/11 16:49:31 WARN com.cse.exodex.datasets.StarClassifier2: Warning: could not parse star classification: R...
26/09/11 16:49:31 WARN com.cse.exodex.datasets.StarClassifier2: Warning: could not parse star classification: WC...
26/09/11 16:49:31 WARN com.cse.exodex.datasets.StarClassifier2: Warning: could not parse star classification: WNs...
26/09/11 16:49:31 WARN com.cse.exodex.datasets.StarClassifier2: Warning: could not parse star classification: C
26/09/11 16:49:31 WARN com.cse.exodex.datasets.StarClassifier2: Warning: could not parse star classification: C8e:
26/09/11 16:49:31 WARN com.cse.exodex.datasets.StarClassifier2: Warning: could not parse star classification: WN5 + O6
26/09/11 16:49:31 WARN com.cse.exodex.datasets.StarClassifier2: Warning: could not parse star classification: Cme
26/09/11 16:49:31 WARN com.cse.exodex.datasets.StarClassifier2: Warning: could not parse star classification: WC+...
26/09/11 16:49:31 WARN com.cse.exodex.datasets.StarClassifier2: Warning: could not parse star classification: WN6 (SB1)
26/09/11 16:49:31 WARN com.cse.exodex.datasets.StarClassifier2: Warning: could not parse star classification: N0v
26/09/11 16:49:31 WARN com.cse.exodex.datasets.StarClassifier2: Warning: could not parse star classification: N0
26/09/11 16:49:31 WARN com.cse.exodex.datasets.StarClassifier2: Warning: could not parse star classification: S58v
26/09/11 16:49:31 WARN com.cse.exodex.datasets.StarClassifier2: Warning: could not parse star classification: C
26/09/11 16:49:31 WARN com.cse.exodex.datasets.StarClassifier2: Warning: could not parse star classification: C7.4e
26/09/11 16:49:31 WARN com.cse.exodex.datasets.StarClassifier2: Warning: could not parse star classification: WNs...
26/09/11 16:49:31 WARN com.cse.exodex.datasets.StarClassifier2: Warning: could not parse star classification: pec(NOVA)
26/09/11 16:49:31 WARN com.cse.exodex.datasets.StarClassifier2: Warning: could not parse star classification: R...
26/09/11 16:49:31 WARN com.cse.exodex.datasets.StarClassifier2: Warning: could not parse star classification: R...
26/09/11 16:49:31 WARN com.cse.exodex.datasets.StarClassifier2: Warning: could not parse star classification: C
26/09/11 16:49:31 WARN com.cse.exodex.datasets.StarClassifier2: Warning: could not parse star classification: N0
26/09/11 16:49:31 WARN com.cse.exodex.datasets.StarClassifier2: Warning: could not parse star classification: C+
26/09/11 16:49:31 WARN com.cse.exodex.datasets.StarClassifier2: Warning: could not parse star classification: R...
26/09/11 16:49:31 WARN com.cse.exodex.datasets.StarClassifier2: Warning: could not parse star classification: R...
26/09/11 16:49:31 WARN com.cse.exodex.datasets.StarClassifier2: Warning: could not parse star classification: C5II
26/09/11 16:49:31 WARN com.cse.exodex.datasets.StarClassifier2: Warning: could not parse star classification: N0v
26/09/11 16:49:31 WARN com.cse.exodex.datasets.StarClassifier2: Warning: could not parse star classification: C5II
26/09/11 16:49:31 WARN com.cse.exodex.datasets.StarClassifier2: Warning: could not parse star classification: C6II
26/09/11 16:49:31 WARN com.cse.exodex.datasets.StarClassifier2: Warning: could not parse star classification: NV...
26/09/11 16:49:31 WARN com.cse.exodex.datasets.StarClassifier2: Warning: could not parse star classification: C6.3
26/09/11 16:49:31 WARN com.cse.exodex.datasets.StarClassifier2: Warning: could not parse star classification: C6II
26/09/11 16:49:31 WARN com.cse.exodex.datasets.StarClassifier2: Warning: could not parse star classification: C+
26/09/11 16:49:31 WARN com.cse.exodex.datasets.StarClassifier2: Warning: could not parse star classification: C6II
26/09/11 16:49:31 WARN com.cse.exodex.datasets.StarClassifier2: Warning: could not parse star classification: WN6 + M3III
26/09/11 16:49:31 WARN com.cse.exodex.datasets.StarClassifier2: Warning: could not parse star classification: N0v
26/09/11 16:49:31 WARN com.cse.exodex.datasets.StarClassifier2: Warning: could not parse star classification: R3
26/09/11 16:49:31 WARN com.cse.exodex.datasets.StarClassifier2: Warning: could not parse star classification: pec
26/09/11 16:49:31 WARN com.cse.exodex.datasets.StarClassifier2: Warning: could not parse star classification: N0
26/09/11 16:49:31 WARN com.cse.exodex.datasets.StarClassifier2: Warning: could not parse star classification: C...
26/09/11 16:49:31 WARN com.cse.exodex.datasets.StarClassifier2: Warning: could not parse star classification: C9e
26/09/11 16:49:31 WARN com.cse.exodex.datasets.StarClassifier2: Warning: could not parse star classification: R
26/09/11 16:49:31 WARN com.cse.exodex.datasets.StarClassifier2: Warning: could not parse star classification: S63e
26/09/11 16:49:31 WARN com.cse.exodex.datasets.StarClassifier2: Warning: could not parse star classification: WN6
26/09/11 16:49:31 WARN com.cse.exodex.datasets.StarClassifier2: Warning: could not parse star classification: S57:
26/09/11 16:49:31 WARN com.cse.exodex.datasets.StarClassifier2: Warning: could not parse star classification: WC...
26/09/11 16:49:31 WARN com.cse.exodex.datasets.StarClassifier2: Warning: could not parse star classification: N0
26/09/11 16:49:31 WARN com.cse.exodex.datasets.StarClassifier2: Warning: could not parse star classification: WN7 (SB1)
26/09/11 16:49:31 WARN com.cse.exodex.datasets.StarClassifier2: Warning: could not parse star classification: C6.4
26/09/11 16:49:31 WARN com.cse.exodex.datasets.StarClassifier2: Warning: could not parse star classification: Ne
26/09/11 16:49:31 WARN com.cse.exodex.datasets.StarClassifier2: Warning: could not parse star classification: N
26/09/11 16:49:31 WARN com.cse.exodex.datasets.StarClassifier2: Warning: could not parse star classification: R6
26/09/11 16:49:31 WARN com.cse.exodex.datasets.StarClassifier2: Warning: could not parse star classification: S49e
26/09/11 16:49:31 WARN com.cse.exodex.datasets.StarClassifier2: Warning: could not parse star classification: S...
26/09/11 16:49:31 WARN com.cse.exodex.datasets.StarClassifier2: Warning: could not parse star classification: S51
26/09/11 16:49:31 WARN com.cse.exodex.datasets.StarClassifier2: Warning: could not parse star classification: R...
26/09/11 16:49:31 WARN com.cse.exodex.datasets.StarClassifier2: Warning: could not parse star classification: N0v
26/09/11 16:49:31 WARN com.cse.exodex.datasets.StarClassifier2: Warning: could not parse star classification: WN...
26/09/11 16:49:31 WARN com.cse.exodex.datasets.StarClassifier2: Warning: could not parse star classification: C3.4v
26/09/11 16:49:31 WARN com.cse.exodex.datasets.StarClassifier2: Warning: could not parse star classification: R...
26/09/11 16:49:31 WARN com.cse.exodex.datasets.StarClassifier2: Warning: could not parse star classification: R...
26/09/11 16:49:31 WARN com.cse.exodex.datasets.StarClassifier2: Warning: could not parse star classification: C
26/09/11 16:49:31 WARN com.cse.exodex.datasets.StarClassifier2: Warning: could not parse star classification: WN4.5
26/09/11 16:49:31 WARN com.cse.exodex.datasets.StarClassifier2: Warning: could not parse star classification: N0
26/09/11 16:49:31 WARN com.cse.exodex.datasets.StarClassifier2: Warning: could not parse star classification: C2
26/09/11 16:49:31 WARN com.cse.exodex.datasets.StarClassifier2: Warning: could not parse star classification: WN...
26/09/11 16:49:31 WARN com.cse.exodex.datasets.StarClassifier2: Warning: could not parse star classification: C5II
26/09/11 16:49:31 WARN com.cse.exodex.datasets.StarClassifier2: Warning: could not parse star classification: C...
26/09/11 16:49:31 WARN com.cse.exodex.datasets.StarClassifier2: Warning: could not parse star classification: dK7   J
26/09/11 16:49:31 WARN com.cse.exodex.datasets.StarClassifier2: Warning: could not parse star classification: dF3
26/09/11 16:49:31 WARN com.cse.exodex.datasets.StarClassifier2: Warning: could not parse star classification: pec
26/09/11 16:49:31 WARN com.cse.exodex.datasets.StarClassifier2: Warning: could not parse star classification: DC9?
26/09/11 16:49:31 WARN com.cse.exodex.datasets.StarClassifier2: Warning: could not parse star classification: DA/F
26/09/11 16:49:31 WARN com.cse.exodex.datasets.StarClassifier2: Warning: could not parse star classification: dF9
26/09/11 16:49:31 WARN com.cse.exodex.datasets.StarClassifier2: Warning: could not parse star classification: dF3   J
26/09/11 16:49:31 WARN com.cse.exodex.datasets.StarClassifier2: Warning: could not parse star classification: DC:9
26/09/11 16:49:31 INFO com.cse.exodex.datasets.catalogs.HYGDatabase: Filtering 119614 stars for distance 75.0
26/09/11 16:49:31 INFO com.cse.exodex.datasets.catalogs.HYGDatabase: Found 2570 stars within 75.0
26/09/11 16:49:31 WARN com.cse.exodex.datasets.StellarLibrary: probably not enough data lolwith BF id: BayerFlamsteed{flamsteedDesignation=11, bayerDesignation='null', number=null, constellation=Constellation{constellation='Ursa Minor', genitive='Ursae Minoris'}, prettyName='11 Ursae Minoris'}
26/09/11 16:49:31 WARN com.cse.exodex.datasets.StellarLibrary: probably not enough data lolwith hipparcos ID: 74793
26/09/11 16:49:31 WARN com.cse.exodex.datasets.StellarLibrary: probably not enough data lolwith HD ID: 136726
26/09/11 16:49:31 WARN com.cse.exodex.datasets.catalogs.NasaExoplanetCatalog: probably not enough data lolfor name: 11 UMi
26/09/11 16:49:31 WARN com.cse.exodex.datasets.StellarLibrary: probably not enough data lolwith BF id: BayerFlamsteed{flamsteedDesignation=14, bayerDesignation='null', number=null, constellation=Constellation{constellation='Andromeda', genitive='Andromedae'}, prettyName='14 Andromedae'}
26/09/11 16:49:31 WARN com.cse.exodex.datasets.StellarLibrary: probably not enough data lolwith hipparcos ID: 116076
26/09/11 16:49:31 WARN com.cse.exodex.datasets.StellarLibrary: probably not enough data lolwith HD ID: 221345
26/09/11 16:49:31 WARN com.cse.exodex.datasets.catalogs.NasaExoplanetCatalog: probably not enough data lolfor name: 14 And
26/09/11 16:49:31 WARN com.cse.exodex.datasets.StellarLibrary: probably not enough data lolwith BF id: BayerFlamsteed{flamsteedDesignation=14, bayerDesignation='null', number=null, constellation=Constellation{constellation='Hercules', genitive='Herculis'}, prettyName='14 Herculis'}
26/09/11 16:49:31 WARN com.cse.exodex.datasets.StellarLibrary: probably not enough data lolwith BF id: BayerFlamsteed{flamsteedDesignation=16, bayerDesignation='null', number=null, constellation=null, prettyName='16'}
26/09/11 16:49:31 WARN com.cse.exodex.datasets.StellarLibrary: probably not enough data lolwith BF id: BayerFlamsteed{flamsteedDesignation=18, bayerDesignation='null', number=null, constellation=Constellation{constellation='Delphinus', genitive='Delphini'}, prettyName='18 Delphini'}
26/09/11 16:49:31 WARN com.cse.exodex.datasets.StellarLibrary: probably not enough data lolwith hipparcos ID: 103527
26/09/11 16:49:31 WARN com.cse.exodex.datasets.StellarLibrary: probably not enough data lolwith HD ID: 199665
26/09/11 16:49:31 WARN com.cse.exodex.datasets.catalogs.NasaExoplanetCatalog: probably not enough data lolfor name: 18 Del
26/09/11 16:49:31 WARN com.cse.exodex.datasets.catalogs.NasaExoplanetCatalog: probably not enough data lolfor name: 1RXS J160929.1-210524
26/09/11 16:49:31 WARN com.cse.exodex.datasets.StellarLibrary: probably not enough data lolwith BF id: BayerFlamsteed{flamsteedDesignation=24, bayerDesignation='null', number=null, constellation=Constellation{constellation='Sextans', genitive='Sextantis'}, prettyName='24 Sextantis'}
26/09/11 16:49:31 WARN com.cse.exodex.datasets.StellarLibrary: probably not enough data lolwith hipparcos ID: 50887
26/09/11 16:49:31 WARN com.cse.exodex.datasets.StellarLibrary: probably not enough data lolwith HD ID: 90043
26/09/11 16:49:31 WARN com.cse.exodex.datasets.catalogs.NasaExoplanetCatalog: probably not enough data lolfor name: 24 Sex
26/09/11 16:49:31 WARN com.cse.exodex.datasets.StellarLibrary: probably not enough data lolwith BF id: BayerFlamsteed{flamsteedDesignation=24, bayerDesignation='null', number=null, constellation=Constellation{constellation='Sextans', genitive='Sextantis'}, prettyName='24 Sextantis'}
26/09/11 16:49:31 WARN com.cse.exodex.datasets.StellarLibrary: probably not enough data lolwith hipparcos ID: 50887
26/09/11 16:49:31 WARN com.cse.exodex.datasets.StellarLibrary: probably not enough data lolwith HD ID: 90043
26/09/11 16:49:31 WARN com.cse.exodex.datasets.catalogs.NasaExoplanetCatalog: probably not enough data lolfor name: 24 Sex
26/09/11 16:49:31 WARN com.cse.exodex.datasets.catalogs.NasaExoplanetCatalog: probably not enough data lolfor name: 2MASS J01225093-2439505
26/09/11 16:49:31 WARN com.cse.exodex.datasets.catalogs.NasaExoplanetCatalog: probably not enough data lolfor name: 2MASS J02192210-3925225
26/09/11 16:49:31 WARN com.cse.exodex.datasets.catalogs.NasaExoplanetCatalog: probably not enough data lolfor name: 2MASS J04414489+2301513
26/09/11 16:49:31 WARN com.cse.exodex.datasets.catalogs.NasaExoplanetCatalog: probably not enough data lolfor name: 2MASS J12073346-3932539
26/09/11 16:49:31 WARN com.cse.exodex.datasets.catalogs.NasaExoplanetCatalog: probably not enough data lolfor name: 2MASS J19383260+4603591
26/09/11 16:49:31 WARN com.cse.exodex.datasets.catalogs.NasaExoplanetCatalog: probably not enough data lolfor name: 2MASS J21402931+1625183 A
26/09/11 16:49:31 WARN com.cse.exodex.datasets.StellarLibrary: probably not enough data lolwith BF id: BayerFlamsteed{flamsteedDesignation=30, bayerDesignation='null', number=null, constellation=null, prettyName='30'}
26/09/11 16:49:31 WARN com.cse.exodex.datasets.StellarLibrary: probably not enough data lolwith hipparcos ID: 12184
26/09/11 16:49:31 WARN com.cse.exodex.datasets.StellarLibrary: probably not enough data lolwith HD ID: 16232
26/09/11 16:49:31 WARN com.cse.exodex.datasets.catalogs.NasaExoplanetCatalog: probably not enough data lolfor name: 30 Ari B
26/09/11 16:49:31 WARN com.cse.exodex.datasets.StellarLibrary: probably not enough data lolwith BF id: BayerFlamsteed{flamsteedDesignation=4, bayerDesignation='null', number=null, constellation=Constellation{constellation='Ursa Major', genitive='Ursae Majoris'}, prettyName='4 Ursae Majoris'}
26/09/11 16:49:31 WARN com.cse.exodex.datasets.StellarLibrary: probably not enough data lolwith hipparcos ID: 42527
26/09/11 16:49:31 WARN com.cse.exodex.datasets.StellarLibrary: probably not enough data lolwith HD ID: 73108
26/09/11 16:49:31 WARN com.cse.exodex.datasets.catalogs.NasaExoplanetCatalog: probably not enough data lolfor name: 4 UMa
26/09/11 16:49:31 WARN com.cse.exodex.datasets.StellarLibrary: probably not enough data lolwith BF id: BayerFlamsteed{flamsteedDesignation=42, bayerDesignation='null', number=null, constellation=Constellation{constellation='Draco', genitive='Draconis'}, prettyName='42 Draconis'}
26/09/11 16:49:31 WARN com.cse.exodex.datasets.StellarLibrary: probably not enough data lolwith hipparcos ID: 90344
26/09/11 16:49:31 WARN com.cse.exodex.datasets.StellarLibrary: probably not enough data lolwith HD ID: 170693
26/09/11 16:49:31 WARN com.cse.exodex.datasets.catalogs.NasaExoplanetCatalog: probably not enough data lolfor name: 42 Dra
26/09/11 16:49:31 WARN com.cse.exodex.datasets.StellarLibrary: probably not enough data lolwith BF id: BayerFlamsteed{flamsteedDesignation=51, bayerDesignation='null', number=null, constellation=Constellation{constellation='Eridanus', genitive='Eridani'}, prettyName='51 Eridani'}
26/09/11 16:49:31 WARN com.cse.exodex.datasets.StellarLibrary: probably not enough data lolwith hipparcos ID: 21547
26/09/11 16:49:31 WARN com.cse.exodex.datasets.StellarLibrary: probably not enough data lolwith HD ID: 29391
26/09/11 16:49:31 WARN com.cse.exodex.datasets.catalogs.NasaExoplanetCatalog: probably not enough data lolfor name: 51 Eri
26/09/11 16:49:31 WARN com.cse.exodex.datasets.StellarLibrary: probably not enough data lolwith BF id: BayerFlamsteed{flamsteedDesignation=55, bayerDesignation='null', number=null, constellation=Constellation{constellation='Cancer', genitive='Cancri'}, prettyName='55 Cancri'}
26/09/11 16:49:31 WARN com.cse.exodex.datasets.StellarLibrary: probably not enough data lolwith BF id: BayerFlamsteed{flamsteedDesignation=55, bayerDesignation='null', number=null, constellation=Constellation{constellation='Cancer', genitive='Cancri'}, prettyName='55 Cancri'}
26/09/11 16:49:31 WARN com.cse.exodex.datasets.StellarLibrary: probably not enough data lolwith BF id: BayerFlamsteed{flamsteedDesignation=55, bayerDesignation='null', number=null, constellation=Constellation{constellation='Cancer', genitive='Cancri'}, prettyName='55 Cancri'}
26/09/11 16:49:31 WARN com.cse.exodex.datasets.StellarLibrary: probably not enough data lolwith BF id: BayerFlamsteed{flamsteedDesignation=55, bayerDesignation='null', number=null, constellation=Constellation{constellation='Cancer', genitive='Cancri'}, prettyName='55 Cancri'}
26/09/11 16:49:31 WARN com.cse.exodex.datasets.StellarLibrary: probably not enough data lolwith BF id: BayerFlamsteed{flamsteedDesignation=55, bayerDesignation='null', number=null, constellation=Constellation{constellation='Cancer', genitive='Cancri'}, prettyName='55 Cancri'}
26/09/11 16:49:31 WARN com.cse.exodex.datasets.StellarLibrary: probably not enough data lolwith BF id: BayerFlamsteed{flamsteedDesignation=6, bayerDesignation='null', number=null, constellation=Constellation{constellation='Lynx', genitive='Lyncis'}, prettyName='6 Lyncis'}
26/09/11 16:49:31 WARN com.cse.exodex.datasets.StellarLibrary: probably not enough data lolwith hipparcos ID: 31039
26/09/11 16:49:31 WARN com.cse.exodex.datasets.StellarLibrary: probably not enough data lolwith HD ID: 45410
26/09/11 16:49:31 WARN com.cse.exodex.datasets.catalogs.NasaExoplanetCatalog: probably not enough data lolfor name: 6 Lyn
26/09/11 16:49:31 WARN com.cse.exodex.datasets.StellarLibrary: probably not enough data lolwith BF id: BayerFlamsteed{flamsteedDesignation=7, bayerDesignation='null', number=null, constellation=Constellation{constellation='Canis Major', genitive='Canis Majoris'}, prettyName='7 Canis Majoris'}
26/09/11 16:49:31 WARN com.cse.exodex.datasets.StellarLibrary: probably not enough data lolwith BF id: BayerFlamsteed{flamsteedDesignation=75, bayerDesignation='null', number=null, constellation=Constellation{constellation='Cetus', genitive='Ceti'}, prettyName='75 Ceti'}
26/09/11 16:49:31 WARN com.cse.exodex.datasets.StellarLibrary: probably not enough data lolwith hipparcos ID: 11791
26/09/11 16:49:31 WARN com.cse.exodex.datasets.StellarLibrary: probably not enough data lolwith HD ID: 15779
26/09/11 16:49:31 WARN com.cse.exodex.datasets.catalogs.NasaExoplanetCatalog: probably not enough data lolfor name: 75 Cet
26/09/11 16:49:31 WARN com.cse.exodex.datasets.StellarLibrary: probably not enough data lolwith BF id: BayerFlamsteed{flamsteedDesignation=8, bayerDesignation='null', number=null, constellation=Constellation{constellation='Ursa Minor', genitive='Ursae Minoris'}, prettyName='8 Ursae Minoris'}
26/09/11 16:49:31 WARN com.cse.exodex.datasets.StellarLibrary: probably not enough data lolwith hipparcos ID: 73136
26/09/11 16:49:31 WARN com.cse.exodex.datasets.StellarLibrary: probably not enough data lolwith HD ID: 133086
26/09/11 16:49:31 WARN com.cse.exodex.datasets.catalogs.NasaExoplanetCatalog: probably not enough data lolfor name: 8 UMi
26/09/11 16:49:31 WARN com.cse.exodex.datasets.StellarLibrary: probably not enough data lolwith BF id: BayerFlamsteed{flamsteedDesignation=81, bayerDesignation='null', number=null, constellation=Constellation{constellation='Cetus', genitive='Ceti'}, prettyName='81 Ceti'}
26/09/11 16:49:31 WARN com.cse.exodex.datasets.StellarLibrary: probably not enough data lolwith hipparcos ID: 12247
26/09/11 16:49:31 WARN com.cse.exodex.datasets.StellarLibrary: probably not enough data lolwith HD ID: 16400
26/09/11 16:49:31 WARN com.cse.exodex.datasets.catalogs.NasaExoplanetCatalog: probably not enough data lolfor name: 81 Cet
26/09/11 16:49:31 WARN com.cse.exodex.datasets.StellarLibrary: probably not enough data lolwith BF id: BayerFlamsteed{flamsteedDesignation=91, bayerDesignation='null', number=null, constellation=Constellation{constellation='Aquarius', genitive='Aquarii'}, prettyName='91 Aquarii'}
26/09/11 16:49:31 WARN com.cse.exodex.datasets.StellarLibrary: probably not enough data lolwith hipparcos ID: 114855
26/09/11 16:49:31 WARN com.cse.exodex.datasets.StellarLibrary: probably not enough data lolwith HD ID: 219449
26/09/11 16:49:31 WARN com.cse.exodex.datasets.catalogs.NasaExoplanetCatalog: probably not enough data lolfor name: 91 Aqr
26/09/11 16:49:31 WARN com.cse.exodex.datasets.StellarLibrary: probably not enough data lolwith BF id: BayerFlamsteed{flamsteedDesignation=null, bayerDesignation='null', number=null, constellation=Constellation{constellation='Pictor', genitive='Pictoris'}, prettyName='Pictoris'}
26/09/11 16:49:31 WARN com.cse.exodex.datasets.StellarLibrary: probably not enough data lolwith hipparcos ID: 30034
26/09/11 16:49:31 WARN com.cse.exodex.datasets.StellarLibrary: probably not enough data lolwith HD ID: 44627
26/09/11 16:49:31 WARN com.cse.exodex.datasets.catalogs.NasaExoplanetCatalog: probably not enough data lolfor name: AB Pic
26/09/11 16:49:31 WARN com.cse.exodex.datasets.StellarLibrary: probably not enough data lolwith hipparcos ID: 104780
26/09/11 16:49:31 WARN com.cse.exodex.datasets.catalogs.NasaExoplanetCatalog: probably not enough data lolfor name: BD+14 4559
26/09/11 16:49:31 WARN com.cse.exodex.datasets.StellarLibrary: probably not enough data lolwith hipparcos ID: 78407
26/09/11 16:49:31 WARN com.cse.exodex.datasets.catalogs.NasaExoplanetCatalog: probably not enough data lolfor name: BD+15 2940
26/09/11 16:49:31 WARN com.cse.exodex.datasets.catalogs.NasaExoplanetCatalog: probably not enough data lolfor name: BD+20 1790
26/09/11 16:49:31 WARN com.cse.exodex.datasets.catalogs.NasaExoplanetCatalog: probably not enough data lolfor name: BD+20 2457
26/09/11 16:49:31 WARN com.cse.exodex.datasets.catalogs.NasaExoplanetCatalog: probably not enough data lolfor name: BD+20 2457
26/09/11 16:49:31 WARN com.cse.exodex.datasets.catalogs.NasaExoplanetCatalog: probably not enough data lolfor name: BD+20 274
26/09/11 16:49:31 WARN com.cse.exodex.datasets.catalogs.NasaExoplanetCatalog: probably not enough data lolfor name: BD+20 594
26/09/11 16:49:31 WARN com.cse.exodex.datasets.catalogs.NasaExoplanetCatalog: probably not enough data lolfor name: BD+48 738
26/09/11 16:49:31 WARN com.cse.exodex.datasets.catalogs.NasaExoplanetCatalog: probably not enough data lolfor name: BD+49 828
26/09/11 16:49:31 WARN com.cse.exodex.datasets.StellarLibrary: probably not enough data lolwith hipparcos ID: 49067
26/09/11 16:49:31 WARN com.cse.exodex.datasets.catalogs.NasaExoplanetCatalog: probably not enough data lolfor name: BD-08 2823
26/09/11 16:49:31 WARN com.cse.exodex.datasets.StellarLibrary: probably not enough data lolwith hipparcos ID: 49067
26/09/11 16:49:31 WARN com.cse.exodex.datasets.catalogs.NasaExoplanetCatalog: probably not enough data lolfor name: BD-08 2823
26/09/11 16:49:31 WARN com.cse.exodex.datasets.catalogs.NasaExoplanetCatalog: probably not enough data lolfor name: BD-10 3166
26/09/11 16:49:31 WARN com.cse.exodex.datasets.StellarLibrary: probably not enough data lolwith hipparcos ID: 90979
26/09/11 16:49:31 WARN com.cse.exodex.datasets.catalogs.NasaExoplanetCatalog: probably not enough data lolfor name: BD-11 4672
26/09/11 16:49:31 WARN com.cse.exodex.datasets.StellarLibrary: probably not enough data lolwith hipparcos ID: 2247
26/09/11 16:49:31 WARN com.cse.exodex.datasets.catalogs.NasaExoplanetCatalog: probably not enough data lolfor name: BD-17 63
26/09/11 16:49:31 WARN com.cse.exodex.datasets.catalogs.NasaExoplanetCatalog: probably not enough data lolfor name: CFBDSIR J145829+101343
26/09/11 16:49:31 WARN com.cse.exodex.datasets.catalogs.NasaExoplanetCatalog: probably not enough data lolfor name: CHXR 73
26/09/11 16:49:31 WARN com.cse.exodex.datasets.StellarLibrary: probably not enough data lolwith BF id: BayerFlamsteed{flamsteedDesignation=null, bayerDesignation='null', number=null, constellation=Constellation{constellation='Chamaeleon', genitive='Chamaeleontis'}, prettyName='Chamaeleontis'}
26/09/11 16:49:31 WARN com.cse.exodex.datasets.catalogs.NasaExoplanetCatalog: probably not enough data lolfor name: CT Cha
26/09/11 16:49:31 WARN com.cse.exodex.datasets.catalogs.NasaExoplanetCatalog: probably not enough data lolfor name: CoRoT-1
26/09/11 16:49:31 WARN com.cse.exodex.datasets.catalogs.NasaExoplanetCatalog: probably not enough data lolfor name: CoRoT-2
26/09/11 16:49:31 WARN com.cse.exodex.datasets.catalogs.NasaExoplanetCatalog: probably not enough data lolfor name: CoRoT-27
26/09/11 16:49:31 WARN com.cse.exodex.datasets.catalogs.NasaExoplanetCatalog: probably not enough data lolfor name: CoRoT-4
26/09/11 16:49:31 WARN com.cse.exodex.datasets.catalogs.NasaExoplanetCatalog: probably not enough data lolfor name: CoRoT-5
26/09/11 16:49:31 WARN com.cse.exodex.datasets.catalogs.NasaExoplanetCatalog: probably not enough data lolfor name: CoRoT-6
26/09/11 16:49:31 WARN com.cse.exodex.datasets.catalogs.NasaExoplanetCatalog: probably not enough data lolfor name: CoRoT-7
26/09/11 16:49:31 WARN com.cse.exodex.datasets.catalogs.NasaExoplanetCatalog: probably not enough data lolfor name: CoRoT-7
26/09/11 16:49:31 WARN com.cse.exodex.datasets.catalogs.NasaExoplanetCatalog: probably not enough data lolfor name: DENIS-P J082303.1-491201
26/09/11 16:49:31 WARN com.cse.exodex.datasets.StellarLibrary: probably not enough data lolwith BF id: BayerFlamsteed{flamsteedDesignation=null, bayerDesignation='null', number=null, constellation=Constellation{constellation='Taurus', genitive='Tauri'}, prettyName='Tauri'}
26/09/11 16:49:31 WARN com.cse.exodex.datasets.catalogs.NasaExoplanetCatalog: probably not enough data lolfor name: DH Tau
26/09/11 16:49:31 WARN com.cse.exodex.datasets.StellarLibrary: probably not enough data lolwith BF id: BayerFlamsteed{flamsteedDesignation=null, bayerDesignation='null', number=null, constellation=Constellation{constellation='Leo', genitive='Leonis'}, prettyName='Leonis'}
26/09/11 16:49:31 WARN com.cse.exodex.datasets.catalogs.NasaExoplanetCatalog: probably not enough data lolfor name: DP Leo
26/09/11 16:49:31 WARN com.cse.exodex.datasets.StellarLibrary: probably not enough data lolwith BF id: BayerFlamsteed{flamsteedDesignation=null, bayerDesignation='null', number=null, constellation=Constellation{constellation='Taurus', genitive='Tauri'}, prettyName='Tauri'}
26/09/11 16:49:31 WARN com.cse.exodex.datasets.catalogs.NasaExoplanetCatalog: probably not enough data lolfor name: FU Tau
26/09/11 16:49:31 WARN com.cse.exodex.datasets.StellarLibrary: probably not enough data lolwith BF id: BayerFlamsteed{flamsteedDesignation=null, bayerDesignation='null', number=null, constellation=null, prettyName=''}
26/09/11 16:49:31 WARN com.cse.exodex.datasets.StellarLibrary: probably not enough data lolwith BF id: BayerFlamsteed{flamsteedDesignation=null, bayerDesignation='null', number=15, constellation=null, prettyName='15'}
26/09/11 16:49:31 WARN com.cse.exodex.datasets.StellarLibrary: probably not enough data lolwith GJ id: 3470
26/09/11 16:49:31 WARN com.cse.exodex.datasets.catalogs.NasaExoplanetCatalog: probably not enough data lolfor name: GJ 3470
26/09/11 16:49:31 WARN com.cse.exodex.datasets.StellarLibrary: probably not enough data lolwith BF id: BayerFlamsteed{flamsteedDesignation=null, bayerDesignation='null', number=667, constellation=null, prettyName='667'}
26/09/11 16:49:31 WARN com.cse.exodex.datasets.catalogs.NasaExoplanetCatalog: probably not enough data lolfor name: GJ 667 C
26/09/11 16:49:31 WARN com.cse.exodex.datasets.StellarLibrary: probably not enough data lolwith BF id: BayerFlamsteed{flamsteedDesignation=null, bayerDesignation='null', number=667, constellation=null, prettyName='667'}
26/09/11 16:49:31 WARN com.cse.exodex.datasets.catalogs.NasaExoplanetCatalog: probably not enough data lolfor name: GJ 667 C
26/09/11 16:49:31 WARN com.cse.exodex.datasets.StellarLibrary: probably not enough data lolwith BF id: BayerFlamsteed{flamsteedDesignation=null, bayerDesignation='null', number=667, constellation=null, prettyName='667'}
26/09/11 16:49:31 WARN com.cse.exodex.datasets.catalogs.NasaExoplanetCatalog: probably not enough data lolfor name: GJ 667 C
26/09/11 16:49:31 WARN com.cse.exodex.datasets.StellarLibrary: probably not enough data lolwith BF id: BayerFlamsteed{flamsteedDesignation=null, bayerDesignation='null', number=667, constellation=null, prettyName='667'}
26/09/11 16:49:31 WARN com.cse.exodex.datasets.catalogs.NasaExoplanetCatalog: probably not enough data lolfor name: GJ 667 C
26/09/11 16:49:31 WARN com.cse.exodex.datasets.StellarLibrary: probably not enough data lolwith BF id: BayerFlamsteed{flamsteedDesignation=null, bayerDesignation='null', number=667, constellation=null, prettyName='667'}
26/09/11 16:49:31 WARN com.cse.exodex.datasets.catalogs.NasaExoplanetCatalog: probably not enough data lolfor name: GJ 667 C
26/09/11 16:49:31 WARN com.cse.exodex.datasets.StellarLibrary: probably not enough data lolwith BF id: BayerFlamsteed{flamsteedDesignation=null, bayerDesignation='null', number=676, constellation=null, prettyName='676'}
26/09/11 16:49:31 WARN com.cse.exodex.datasets.StellarLibrary: probably not enough data lolwith BF id: BayerFlamsteed{flamsteedDesignation=null, bayerDesignation='null', number=676, constellation=null, prettyName='676'}
26/09/11 16:49:31 WARN com.cse.exodex.datasets.StellarLibrary: probably not enough data lolwith BF id: BayerFlamsteed{flamsteedDesignation=null, bayerDesignation='null', number=676, constellation=null, prettyName='676'}
26/09/11 16:49:31 WARN com.cse.exodex.datasets.StellarLibrary: probably not enough data lolwith BF id: BayerFlamsteed{flamsteedDesignation=null, bayerDesignation='null', number=676, constellation=null, prettyName='676'}
26/09/11 16:49:31 WARN com.cse.exodex.datasets.StellarLibrary: probably not enough data lolwith BF id: BayerFlamsteed{flamsteedDesignation=null, bayerDesignation='null', number=null, constellation=Constellation{constellation='Lupus', genitive='Lupi'}, prettyName='Lupi'}
26/09/11 16:49:31 WARN com.cse.exodex.datasets.catalogs.NasaExoplanetCatalog: probably not enough data lolfor name: GQ Lup
26/09/11 16:49:31 WARN com.cse.exodex.datasets.catalogs.NasaExoplanetCatalog: probably not enough data lolfor name: GSC 06214-00210
26/09/11 16:49:31 WARN com.cse.exodex.datasets.StellarLibrary: probably not enough data lolwith BF id: BayerFlamsteed{flamsteedDesignation=null, bayerDesignation='null', number=null, constellation=Constellation{constellation='Pices', genitive='Piscium'}, prettyName='Piscium'}
26/09/11 16:49:31 WARN com.cse.exodex.datasets.catalogs.NasaExoplanetCatalog: probably not enough data lolfor name: GU Psc
26/09/11 16:49:31 WARN com.cse.exodex.datasets.catalogs.NasaExoplanetCatalog: probably not enough data lolfor name: HAT-P-1
26/09/11 16:49:31 WARN com.cse.exodex.datasets.StellarLibrary: probably not enough data lolwith hipparcos ID: 97657
26/09/11 16:49:31 WARN com.cse.exodex.datasets.catalogs.NasaExoplanetCatalog: probably not enough data lolfor name: HAT-P-11
26/09/11 16:49:31 WARN com.cse.exodex.datasets.catalogs.NasaExoplanetCatalog: probably not enough data lolfor name: HAT-P-12
26/09/11 16:49:31 WARN com.cse.exodex.datasets.catalogs.NasaExoplanetCatalog: probably not enough data lolfor name: HAT-P-13
26/09/11 16:49:31 WARN com.cse.exodex.datasets.catalogs.NasaExoplanetCatalog: probably not enough data lolfor name: HAT-P-13
26/09/11 16:49:31 WARN com.cse.exodex.datasets.catalogs.NasaExoplanetCatalog: probably not enough data lolfor name: HAT-P-14
26/09/11 16:49:31 WARN com.cse.exodex.datasets.catalogs.NasaExoplanetCatalog: probably not enough data lolfor name: HAT-P-15
26/09/11 16:49:31 WARN com.cse.exodex.datasets.catalogs.NasaExoplanetCatalog: probably not enough data lolfor name: HAT-P-16
26/09/11 16:49:31 WARN com.cse.exodex.datasets.catalogs.NasaExoplanetCatalog: probably not enough data lolfor name: HAT-P-17
26/09/11 16:49:31 WARN com.cse.exodex.datasets.catalogs.NasaExoplanetCatalog: probably not enough data lolfor name: HAT-P-17
26/09/11 16:49:31 WARN com.cse.exodex.datasets.catalogs.NasaExoplanetCatalog: probably not enough data lolfor name: HAT-P-18
26/09/11 16:49:31 WARN com.cse.exodex.datasets.catalogs.NasaExoplanetCatalog: probably not enough data lolfor name: HAT-P-19
26/09/11 16:49:31 WARN com.cse.exodex.datasets.StellarLibrary: probably not enough data lolwith hipparcos ID: 80076
26/09/11 16:49:31 WARN com.cse.exodex.datasets.StellarLibrary: probably not enough data lolwith HD ID: 147506
26/09/11 16:49:31 WARN com.cse.exodex.datasets.catalogs.NasaExoplanetCatalog: probably not enough data lolfor name: HAT-P-2
26/09/11 16:49:31 WARN com.cse.exodex.datasets.catalogs.NasaExoplanetCatalog: probably not enough data lolfor name: HAT-P-20
26/09/11 16:49:31 WARN com.cse.exodex.datasets.StellarLibrary: probably not enough data lolwith HD ID: 233731
26/09/11 16:49:31 WARN com.cse.exodex.datasets.catalogs.NasaExoplanetCatalog: probably not enough data lolfor name: HAT-P-22
26/09/11 16:49:31 WARN com.cse.exodex.datasets.catalogs.NasaExoplanetCatalog: probably not enough data lolfor name: HAT-P-26
26/09/11 16:49:31 WARN com.cse.exodex.datasets.catalogs.NasaExoplanetCatalog: probably not enough data lolfor name: HAT-P-27
26/09/11 16:49:31 WARN com.cse.exodex.datasets.catalogs.NasaExoplanetCatalog: probably not enough data lolfor name: HAT-P-3
26/09/11 16:49:31 WARN com.cse.exodex.datasets.catalogs.NasaExoplanetCatalog: probably not enough data lolfor name: HAT-P-30
26/09/11 16:49:31 WARN com.cse.exodex.datasets.catalogs.NasaExoplanetCatalog: probably not enough data lolfor name: HAT-P-54
26/09/11 16:49:31 WARN com.cse.exodex.datasets.catalogs.NasaExoplanetCatalog: probably not enough data lolfor name: HAT-P-8
26/09/11 16:49:31 WARN com.cse.exodex.datasets.catalogs.NasaExoplanetCatalog: probably not enough data lolfor name: HATS-6
26/09/11 16:49:31 WARN com.cse.exodex.datasets.StellarLibrary: probably not enough data lolwith HD ID: 100546
26/09/11 16:49:31 WARN com.cse.exodex.datasets.StellarLibrary: probably not enough data lolwith hipparcos ID: 56379
26/09/11 16:49:31 WARN com.cse.exodex.datasets.StellarLibrary: probably not enough data lolwith HD ID: 100546
26/09/11 16:49:31 WARN com.cse.exodex.datasets.catalogs.NasaExoplanetCatalog: probably not enough data lolfor name: HD 100546
26/09/11 16:49:31 WARN com.cse.exodex.datasets.StellarLibrary: probably not enough data lolwith HD ID: 100655
26/09/11 16:49:31 WARN com.cse.exodex.datasets.StellarLibrary: probably not enough data lolwith hipparcos ID: 56508
26/09/11 16:49:31 WARN com.cse.exodex.datasets.StellarLibrary: probably not enough data lolwith HD ID: 100655
26/09/11 16:49:31 WARN com.cse.exodex.datasets.catalogs.NasaExoplanetCatalog: probably not enough data lolfor name: HD 100655
26/09/11 16:49:31 WARN com.cse.exodex.datasets.StellarLibrary: probably not enough data lolwith HD ID: 100777
26/09/11 16:49:31 WARN com.cse.exodex.datasets.StellarLibrary: probably not enough data lolwith hipparcos ID: 56572
26/09/11 16:49:31 WARN com.cse.exodex.datasets.StellarLibrary: probably not enough data lolwith HD ID: 100777
26/09/11 16:49:31 WARN com.cse.exodex.datasets.catalogs.NasaExoplanetCatalog: probably not enough data lolfor name: HD 100777
26/09/11 16:49:31 WARN com.cse.exodex.datasets.StellarLibrary: probably not enough data lolwith HD ID: 10180
26/09/11 16:49:31 WARN com.cse.exodex.datasets.StellarLibrary: probably not enough data lolwith hipparcos ID: 7599
26/09/11 16:49:31 WARN com.cse.exodex.datasets.StellarLibrary: probably not enough data lolwith HD ID: 10180
26/09/11 16:49:31 WARN com.cse.exodex.datasets.catalogs.NasaExoplanetCatalog: probably not enough data lolfor name: HD 10180
26/09/11 16:49:31 WARN com.cse.exodex.datasets.StellarLibrary: probably not enough data lolwith HD ID: 10180
26/09/11 16:49:31 WARN com.cse.exodex.datasets.StellarLibrary: probably not enough data lolwith hipparcos ID: 7599
26/09/11 16:49:31 WARN com.cse.exodex.datasets.StellarLibrary: probably not enough data lolwith HD ID: 10180
26/09/11 16:49:31 WARN com.cse.exodex.datasets.catalogs.NasaExoplanetCatalog: probably not enough data lolfor name: HD 10180
26/09/11 16:49:31 WARN com.cse.exodex.datasets.StellarLibrary: probably not enough data lolwith HD ID: 10180
26/09/11 16:49:31 WARN com.cse.exodex.datasets.StellarLibrary: probably not enough data lolwith hipparcos ID: 7599
26/09/11 16:49:31 WARN com.cse.exodex.datasets.StellarLibrary: probably not enough data lolwith HD ID: 10180
26/09/11 16:49:31 WARN com.cse.exodex.datasets.catalogs.NasaExoplanetCatalog: probably not enough data lolfor name: HD 10180
26/09/11 16:49:31 WARN com.cse.exodex.datasets.StellarLibrary: probably not enough data lolwith HD ID: 10180
26/09/11 16:49:31 WARN com.cse.exodex.datasets.StellarLibrary: probably not enough data lolwith hipparcos ID: 7599
26/09/11 16:49:31 WARN com.cse.exodex.datasets.StellarLibrary: probably not enough data lolwith HD ID: 10180
26/09/11 16:49:31 WARN com.cse.exodex.datasets.catalogs.NasaExoplanetCatalog: probably not enough data lolfor name: HD 10180
26/09/11 16:49:31 WARN com.cse.exodex.datasets.StellarLibrary: probably not enough data lolwith HD ID: 10180
26/09/11 16:49:31 WARN com.cse.exodex.datasets.StellarLibrary: probably not enough data lolwith hipparcos ID: 7599
26/09/11 16:49:31 WARN com.cse.exodex.datasets.StellarLibrary: probably not enough data lolwith HD ID: 10180
26/09/11 16:49:31 WARN com.cse.exodex.datasets.catalogs.NasaExoplanetCatalog: probably not enough data lolfor name: HD 10180
26/09/11 16:49:31 WARN com.cse.exodex.datasets.StellarLibrary: probably not enough data lolwith HD ID: 10180
26/09/11 16:49:31 WARN com.cse.exodex.datasets.StellarLibrary: probably not enough data lolwith hipparcos ID: 7599
26/09/11 16:49:31 WARN com.cse.exodex.datasets.StellarLibrary: probably not enough data lolwith HD ID: 10180
26/09/11 16:49:31 WARN com.cse.exodex.datasets.catalogs.NasaExoplanetCatalog: probably not enough data lolfor name: HD 10180
26/09/11 16:49:31 WARN com.cse.exodex.datasets.StellarLibrary: probably not enough data lolwith HD ID: 101930
26/09/11 16:49:31 WARN com.cse.exodex.datasets.StellarLibrary: probably not enough data lolwith hipparcos ID: 57172
26/09/11 16:49:31 WARN com.cse.exodex.datasets.StellarLibrary: probably not enough data lolwith HD ID: 101930
26/09/11 16:49:31 WARN com.cse.exodex.datasets.catalogs.NasaExoplanetCatalog: probably not enough data lolfor name: HD 101930
26/09/11 16:49:31 WARN com.cse.exodex.datasets.StellarLibrary: probably not enough data lolwith HD ID: 102117
26/09/11 16:49:31 WARN com.cse.exodex.datasets.StellarLibrary: probably not enough data lolwith hipparcos ID: 57291
26/09/11 16:49:31 WARN com.cse.exodex.datasets.StellarLibrary: probably not enough data lolwith HD ID: 102117
26/09/11 16:49:31 WARN com.cse.exodex.datasets.catalogs.NasaExoplanetCatalog: probably not enough data lolfor name: HD 102117
26/09/11 16:49:31 WARN com.cse.exodex.datasets.StellarLibrary: probably not enough data lolwith HD ID: 102195
26/09/11 16:49:31 WARN com.cse.exodex.datasets.StellarLibrary: probably not enough data lolwith hipparcos ID: 57370
26/09/11 16:49:31 WARN com.cse.exodex.datasets.StellarLibrary: probably not enough data lolwith HD ID: 102195
26/09/11 16:49:31 WARN com.cse.exodex.datasets.catalogs.NasaExoplanetCatalog: probably not enough data lolfor name: HD 102195
26/09/11 16:49:31 WARN com.cse.exodex.datasets.StellarLibrary: probably not enough data lolwith HD ID: 102272
26/09/11 16:49:31 WARN com.cse.exodex.datasets.StellarLibrary: probably not enough data lolwith hipparcos ID: 57428
26/09/11 16:49:31 WARN com.cse.exodex.datasets.StellarLibrary: probably not enough data lolwith HD ID: 102272
26/09/11 16:49:31 WARN com.cse.exodex.datasets.catalogs.NasaExoplanetCatalog: probably not enough data lolfor name: HD 102272
26/09/11 16:49:31 WARN com.cse.exodex.datasets.StellarLibrary: probably not enough data lolwith HD ID: 102329
26/09/11 16:49:31 WARN com.cse.exodex.datasets.StellarLibrary: probably not enough data lolwith hipparcos ID: 57467
26/09/11 16:49:31 WARN com.cse.exodex.datasets.StellarLibrary: probably not enough data lolwith HD ID: 102329
26/09/11 16:49:31 WARN com.cse.exodex.datasets.catalogs.NasaExoplanetCatalog: probably not enough data lolfor name: HD 102329
26/09/11 16:49:31 WARN com.cse.exodex.datasets.StellarLibrary: probably not enough data lolwith HD ID: 102956
26/09/11 16:49:31 WARN com.cse.exodex.datasets.StellarLibrary: probably not enough data lolwith hipparcos ID: 57820
26/09/11 16:49:31 WARN com.cse.exodex.datasets.StellarLibrary: probably not enough data lolwith HD ID: 102956
26/09/11 16:49:31 WARN com.cse.exodex.datasets.catalogs.NasaExoplanetCatalog: probably not enough data lolfor name: HD 102956
26/09/11 16:49:31 WARN com.cse.exodex.datasets.StellarLibrary: probably not enough data lolwith HD ID: 103197
26/09/11 16:49:31 WARN com.cse.exodex.datasets.StellarLibrary: probably not enough data lolwith hipparcos ID: 57931
26/09/11 16:49:31 WARN com.cse.exodex.datasets.StellarLibrary: probably not enough data lolwith HD ID: 103197
26/09/11 16:49:31 WARN com.cse.exodex.datasets.catalogs.NasaExoplanetCatalog: probably not enough data lolfor name: HD 103197
26/09/11 16:49:31 WARN com.cse.exodex.datasets.StellarLibrary: probably not enough data lolwith HD ID: 103720
26/09/11 16:49:31 WARN com.cse.exodex.datasets.StellarLibrary: probably not enough data lolwith hipparcos ID: 58237
26/09/11 16:49:31 WARN com.cse.exodex.datasets.StellarLibrary: probably not enough data lolwith HD ID: 103720
26/09/11 16:49:31 WARN com.cse.exodex.datasets.catalogs.NasaExoplanetCatalog: probably not enough data lolfor name: HD 103720
26/09/11 16:49:31 WARN com.cse.exodex.datasets.StellarLibrary: probably not enough data lolwith HD ID: 103774
26/09/11 16:49:31 WARN com.cse.exodex.datasets.StellarLibrary: probably not enough data lolwith hipparcos ID: 58263
26/09/11 16:49:31 WARN com.cse.exodex.datasets.StellarLibrary: probably not enough data lolwith HD ID: 103774
26/09/11 16:49:31 WARN com.cse.exodex.datasets.catalogs.NasaExoplanetCatalog: probably not enough data lolfor name: HD 103774
26/09/11 16:49:31 WARN com.cse.exodex.datasets.StellarLibrary: probably not enough data lolwith HD ID: 10442
26/09/11 16:49:31 WARN com.cse.exodex.datasets.StellarLibrary: probably not enough data lolwith HD ID: 10442
26/09/11 16:49:31 WARN com.cse.exodex.datasets.catalogs.NasaExoplanetCatalog: probably not enough data lolfor name: HD 10442
26/09/11 16:49:31 WARN com.cse.exodex.datasets.StellarLibrary: probably not enough data lolwith HD ID: 104985
26/09/11 16:49:31 WARN com.cse.exodex.datasets.StellarLibrary: probably not enough data lolwith hipparcos ID: 58952
26/09/11 16:49:31 WARN com.cse.exodex.datasets.StellarLibrary: probably not enough data lolwith HD ID: 104985
26/09/11 16:49:31 WARN com.cse.exodex.datasets.catalogs.NasaExoplanetCatalog: probably not enough data lolfor name: HD 104985
26/09/11 16:49:31 WARN com.cse.exodex.datasets.StellarLibrary: probably not enough data lolwith HD ID: 106252
26/09/11 16:49:31 WARN com.cse.exodex.datasets.StellarLibrary: probably not enough data lolwith hipparcos ID: 59610
26/09/11 16:49:31 WARN com.cse.exodex.datasets.StellarLibrary: probably not enough data lolwith HD ID: 106252
26/09/11 16:49:31 WARN com.cse.exodex.datasets.catalogs.NasaExoplanetCatalog: probably not enough data lolfor name: HD 106252
26/09/11 16:49:31 WARN com.cse.exodex.datasets.StellarLibrary: probably not enough data lolwith HD ID: 106270
26/09/11 16:49:31 WARN com.cse.exodex.datasets.StellarLibrary: probably not enough data lolwith hipparcos ID: 59625
26/09/11 16:49:31 WARN com.cse.exodex.datasets.StellarLibrary: probably not enough data lolwith HD ID: 106270
26/09/11 16:49:31 WARN com.cse.exodex.datasets.catalogs.NasaExoplanetCatalog: probably not enough data lolfor name: HD 106270
26/09/11 16:49:31 WARN com.cse.exodex.datasets.StellarLibrary: probably not enough data lolwith BF id: BayerFlamsteed{flamsteedDesignation=null, bayerDesignation='null', number=106515, constellation=null, prettyName='106515'}
26/09/11 16:49:31 WARN com.cse.exodex.datasets.StellarLibrary: probably not enough data lolwith BF id: BayerFlamsteed{flamsteedDesignation=null, bayerDesignation='null', number=59743, constellation=null, prettyName='59743'}
26/09/11 16:49:31 WARN com.cse.exodex.datasets.StellarLibrary: probably not enough data lolwith BF id: BayerFlamsteed{flamsteedDesignation=null, bayerDesignation='null', number=106515, constellation=null, prettyName='106515'}
26/09/11 16:49:31 WARN com.cse.exodex.datasets.catalogs.NasaExoplanetCatalog: probably not enough data lolfor name: HD 106515 A
26/09/11 16:49:31 WARN com.cse.exodex.datasets.StellarLibrary: probably not enough data lolwith HD ID: 106906
26/09/11 16:49:31 WARN com.cse.exodex.datasets.StellarLibrary: probably not enough data lolwith hipparcos ID: 59960
26/09/11 16:49:31 WARN com.cse.exodex.datasets.StellarLibrary: probably not enough data lolwith HD ID: 106906
26/09/11 16:49:31 WARN com.cse.exodex.datasets.catalogs.NasaExoplanetCatalog: probably not enough data lolfor name: HD 106906
26/09/11 16:49:31 WARN com.cse.exodex.datasets.StellarLibrary: probably not enough data lolwith HD ID: 10697
26/09/11 16:49:31 WARN com.cse.exodex.datasets.StellarLibrary: probably not enough data lolwith hipparcos ID: 8159
26/09/11 16:49:31 WARN com.cse.exodex.datasets.StellarLibrary: probably not enough data lolwith HD ID: 10697
26/09/11 16:49:31 WARN com.cse.exodex.datasets.catalogs.NasaExoplanetCatalog: probably not enough data lolfor name: HD 10697
26/09/11 16:49:31 WARN com.cse.exodex.datasets.StellarLibrary: probably not enough data lolwith HD ID: 107148
26/09/11 16:49:31 WARN com.cse.exodex.datasets.StellarLibrary: probably not enough data lolwith hipparcos ID: 60081
26/09/11 16:49:31 WARN com.cse.exodex.datasets.StellarLibrary: probably not enough data lolwith HD ID: 107148
26/09/11 16:49:31 WARN com.cse.exodex.datasets.catalogs.NasaExoplanetCatalog: probably not enough data lolfor name: HD 107148
26/09/11 16:49:31 WARN com.cse.exodex.datasets.StellarLibrary: probably not enough data lolwith HD ID: 108147
26/09/11 16:49:31 WARN com.cse.exodex.datasets.StellarLibrary: probably not enough data lolwith hipparcos ID: 60644
26/09/11 16:49:31 WARN com.cse.exodex.datasets.StellarLibrary: probably not enough data lolwith HD ID: 108147
26/09/11 16:49:31 WARN com.cse.exodex.datasets.catalogs.NasaExoplanetCatalog: probably not enough data lolfor name: HD 108147
26/09/11 16:49:31 WARN com.cse.exodex.datasets.StellarLibrary: probably not enough data lolwith HD ID: 108341
26/09/11 16:49:31 WARN com.cse.exodex.datasets.StellarLibrary: probably not enough data lolwith hipparcos ID: 60788
26/09/11 16:49:31 WARN com.cse.exodex.datasets.StellarLibrary: probably not enough data lolwith HD ID: 108341
26/09/11 16:49:31 WARN com.cse.exodex.datasets.catalogs.NasaExoplanetCatalog: probably not enough data lolfor name: HD 108341
26/09/11 16:49:31 WARN com.cse.exodex.datasets.StellarLibrary: probably not enough data lolwith HD ID: 108863
26/09/11 16:49:31 WARN com.cse.exodex.datasets.StellarLibrary: probably not enough data lolwith hipparcos ID: 61020
26/09/11 16:49:31 WARN com.cse.exodex.datasets.StellarLibrary: probably not enough data lolwith HD ID: 108863
26/09/11 16:49:31 WARN com.cse.exodex.datasets.catalogs.NasaExoplanetCatalog: probably not enough data lolfor name: HD 108863
26/09/11 16:49:31 WARN com.cse.exodex.datasets.StellarLibrary: probably not enough data lolwith HD ID: 108874
26/09/11 16:49:31 WARN com.cse.exodex.datasets.StellarLibrary: probably not enough data lolwith hipparcos ID: 61028
26/09/11 16:49:31 WARN com.cse.exodex.datasets.StellarLibrary: probably not enough data lolwith HD ID: 108874
26/09/11 16:49:31 WARN com.cse.exodex.datasets.catalogs.NasaExoplanetCatalog: probably not enough data lolfor name: HD 108874
26/09/11 16:49:31 WARN com.cse.exodex.datasets.StellarLibrary: probably not enough data lolwith HD ID: 108874
26/09/11 16:49:31 WARN com.cse.exodex.datasets.StellarLibrary: probably not enough data lolwith hipparcos ID: 61028
26/09/11 16:49:31 WARN com.cse.exodex.datasets.StellarLibrary: probably not enough data lolwith HD ID: 108874
26/09/11 16:49:31 WARN com.cse.exodex.datasets.catalogs.NasaExoplanetCatalog: probably not enough data lolfor name: HD 108874
26/09/11 16:49:31 WARN com.cse.exodex.datasets.StellarLibrary: probably not enough data lolwith HD ID: 109246
26/09/11 16:49:31 WARN com.cse.exodex.datasets.StellarLibrary: probably not enough data lolwith hipparcos ID: 61177
26/09/11 16:49:31 WARN com.cse.exodex.datasets.StellarLibrary: probably not enough data lolwith HD ID: 109246
26/09/11 16:49:31 WARN com.cse.exodex.datasets.catalogs.NasaExoplanetCatalog: probably not enough data lolfor name: HD 109246
26/09/11 16:49:31 WARN com.cse.exodex.datasets.StellarLibrary: probably not enough data lolwith HD ID: 109271
26/09/11 16:49:31 WARN com.cse.exodex.datasets.StellarLibrary: probably not enough data lolwith hipparcos ID: 61300
26/09/11 16:49:31 WARN com.cse.exodex.datasets.StellarLibrary: probably not enough data lolwith HD ID: 109271
26/09/11 16:49:31 WARN com.cse.exodex.datasets.catalogs.NasaExoplanetCatalog: probably not enough data lolfor name: HD 109271
26/09/11 16:49:31 WARN com.cse.exodex.datasets.StellarLibrary: probably not enough data lolwith HD ID: 109271
26/09/11 16:49:31 WARN com.cse.exodex.datasets.StellarLibrary: probably not enough data lolwith hipparcos ID: 61300
26/09/11 16:49:31 WARN com.cse.exodex.datasets.StellarLibrary: probably not enough data lolwith HD ID: 109271
26/09/11 16:49:31 WARN com.cse.exodex.datasets.catalogs.NasaExoplanetCatalog: probably not enough data lolfor name: HD 109271
26/09/11 16:49:31 WARN com.cse.exodex.datasets.StellarLibrary: probably not enough data lolwith HD ID: 109749
26/09/11 16:49:31 WARN com.cse.exodex.datasets.StellarLibrary: probably not enough data lolwith BF id: BayerFlamsteed{flamsteedDesignation=null, bayerDesignation='null', number=61595, constellation=null, prettyName='61595'}
26/09/11 16:49:31 WARN com.cse.exodex.datasets.StellarLibrary: probably not enough data lolwith HD ID: 109749
26/09/11 16:49:31 WARN com.cse.exodex.datasets.catalogs.NasaExoplanetCatalog: probably not enough data lolfor name: HD 109749
26/09/11 16:49:31 WARN com.cse.exodex.datasets.StellarLibrary: probably not enough data lolwith HD ID: 110014
26/09/11 16:49:31 WARN com.cse.exodex.datasets.StellarLibrary: probably not enough data lolwith hipparcos ID: 61740
26/09/11 16:49:31 WARN com.cse.exodex.datasets.StellarLibrary: probably not enough data lolwith HD ID: 110014
26/09/11 16:49:31 WARN com.cse.exodex.datasets.catalogs.NasaExoplanetCatalog: probably not enough data lolfor name: HD 110014
26/09/11 16:49:31 WARN com.cse.exodex.datasets.StellarLibrary: probably not enough data lolwith HD ID: 111232
26/09/11 16:49:31 WARN com.cse.exodex.datasets.StellarLibrary: probably not enough data lolwith hipparcos ID: 62534
26/09/11 16:49:31 WARN com.cse.exodex.datasets.StellarLibrary: probably not enough data lolwith HD ID: 111232
26/09/11 16:49:31 WARN com.cse.exodex.datasets.catalogs.NasaExoplanetCatalog: probably not enough data lolfor name: HD 111232
26/09/11 16:49:31 WARN com.cse.exodex.datasets.StellarLibrary: probably not enough data lolwith HD ID: 111998
26/09/11 16:49:31 WARN com.cse.exodex.datasets.StellarLibrary: probably not enough data lolwith hipparcos ID: 62875
26/09/11 16:49:31 WARN com.cse.exodex.datasets.StellarLibrary: probably not enough data lolwith HD ID: 111998
26/09/11 16:49:31 WARN com.cse.exodex.datasets.catalogs.NasaExoplanetCatalog: probably not enough data lolfor name: HD 111998
26/09/11 16:49:31 WARN com.cse.exodex.datasets.StellarLibrary: probably not enough data lolwith HD ID: 113337
26/09/11 16:49:31 WARN com.cse.exodex.datasets.StellarLibrary: probably not enough data lolwith hipparcos ID: 63584
26/09/11 16:49:31 WARN com.cse.exodex.datasets.StellarLibrary: probably not enough data lolwith HD ID: 113337
26/09/11 16:49:31 WARN com.cse.exodex.datasets.catalogs.NasaExoplanetCatalog: probably not enough data lolfor name: HD 113337
26/09/11 16:49:31 WARN com.cse.exodex.datasets.StellarLibrary: probably not enough data lolwith HD ID: 114386
26/09/11 16:49:31 WARN com.cse.exodex.datasets.StellarLibrary: probably not enough data lolwith hipparcos ID: 64295
26/09/11 16:49:31 WARN com.cse.exodex.datasets.StellarLibrary: probably not enough data lolwith HD ID: 114386
26/09/11 16:49:31 WARN com.cse.exodex.datasets.catalogs.NasaExoplanetCatalog: probably not enough data lolfor name: HD 114386
26/09/11 16:49:31 WARN com.cse.exodex.datasets.StellarLibrary: probably not enough data lolwith HD ID: 114729
26/09/11 16:49:31 WARN com.cse.exodex.datasets.StellarLibrary: probably not enough data lolwith hipparcos ID: 64459
26/09/11 16:49:31 WARN com.cse.exodex.datasets.StellarLibrary: probably not enough data lolwith HD ID: 114729
26/09/11 16:49:31 WARN com.cse.exodex.datasets.catalogs.NasaExoplanetCatalog: probably not enough data lolfor name: HD 114729
26/09/11 16:49:31 WARN com.cse.exodex.datasets.StellarLibrary: probably not enough data lolwith HD ID: 114762
26/09/11 16:49:31 WARN com.cse.exodex.datasets.StellarLibrary: probably not enough data lolwith hipparcos ID: 64426
26/09/11 16:49:31 WARN com.cse.exodex.datasets.StellarLibrary: probably not enough data lolwith HD ID: 114762
26/09/11 16:49:31 WARN com.cse.exodex.datasets.catalogs.NasaExoplanetCatalog: probably not enough data lolfor name: HD 114762
26/09/11 16:49:31 WARN com.cse.exodex.datasets.StellarLibrary: probably not enough data lolwith HD ID: 11506
26/09/11 16:49:31 WARN com.cse.exodex.datasets.StellarLibrary: probably not enough data lolwith hipparcos ID: 8770
26/09/11 16:49:31 WARN com.cse.exodex.datasets.StellarLibrary: probably not enough data lolwith HD ID: 11506
26/09/11 16:49:31 WARN com.cse.exodex.datasets.catalogs.NasaExoplanetCatalog: probably not enough data lolfor name: HD 11506
26/09/11 16:49:31 WARN com.cse.exodex.datasets.StellarLibrary: probably not enough data lolwith HD ID: 11506
26/09/11 16:49:31 WARN com.cse.exodex.datasets.StellarLibrary: probably not enough data lolwith hipparcos ID: 8770
26/09/11 16:49:31 WARN com.cse.exodex.datasets.StellarLibrary: probably not enough data lolwith HD ID: 11506
26/09/11 16:49:31 WARN com.cse.exodex.datasets.catalogs.NasaExoplanetCatalog: probably not enough data lolfor name: HD 11506
26/09/11 16:49:31 WARN com.cse.exodex.datasets.StellarLibrary: probably not enough data lolwith HD ID: 116029
26/09/11 16:49:31 WARN com.cse.exodex.datasets.StellarLibrary: probably not enough data lolwith hipparcos ID: 65117
26/09/11 16:49:31 WARN com.cse.exodex.datasets.StellarLibrary: probably not enough data lolwith HD ID: 116029
26/09/11 16:49:31 WARN com.cse.exodex.datasets.catalogs.NasaExoplanetCatalog: probably not enough data lolfor name: HD 116029
26/09/11 16:49:31 WARN com.cse.exodex.datasets.StellarLibrary: probably not enough data lolwith HD ID: 117207
26/09/11 16:49:31 WARN com.cse.exodex.datasets.StellarLibrary: probably not enough data lolwith hipparcos ID: 65808
26/09/11 16:49:31 WARN com.cse.exodex.datasets.StellarLibrary: probably not enough data lolwith HD ID: 117207
26/09/11 16:49:31 WARN com.cse.exodex.datasets.catalogs.NasaExoplanetCatalog: probably not enough data lolfor name: HD 117207
26/09/11 16:49:31 WARN com.cse.exodex.datasets.StellarLibrary: probably not enough data lolwith HD ID: 11755
26/09/11 16:49:31 WARN com.cse.exodex.datasets.StellarLibrary: probably not enough data lolwith hipparcos ID: 9242
26/09/11 16:49:31 WARN com.cse.exodex.datasets.StellarLibrary: probably not enough data lolwith HD ID: 11755
26/09/11 16:49:31 WARN com.cse.exodex.datasets.catalogs.NasaExoplanetCatalog: probably not enough data lolfor name: HD 11755
26/09/11 16:49:31 WARN com.cse.exodex.datasets.StellarLibrary: probably not enough data lolwith HD ID: 117618
26/09/11 16:49:31 WARN com.cse.exodex.datasets.StellarLibrary: probably not enough data lolwith hipparcos ID: 66047
26/09/11 16:49:31 WARN com.cse.exodex.datasets.StellarLibrary: probably not enough data lolwith HD ID: 117618
26/09/11 16:49:31 WARN com.cse.exodex.datasets.catalogs.NasaExoplanetCatalog: probably not enough data lolfor name: HD 117618
26/09/11 16:49:31 WARN com.cse.exodex.datasets.StellarLibrary: probably not enough data lolwith HD ID: 118203
26/09/11 16:49:31 WARN com.cse.exodex.datasets.StellarLibrary: probably not enough data lolwith hipparcos ID: 66192
26/09/11 16:49:31 WARN com.cse.exodex.datasets.StellarLibrary: probably not enough data lolwith HD ID: 118203
26/09/11 16:49:31 WARN com.cse.exodex.datasets.catalogs.NasaExoplanetCatalog: probably not enough data lolfor name: HD 118203
26/09/11 16:49:31 WARN com.cse.exodex.datasets.StellarLibrary: probably not enough data lolwith HD ID: 11964
26/09/11 16:49:31 WARN com.cse.exodex.datasets.StellarLibrary: probably not enough data lolwith hipparcos ID: 9094
26/09/11 16:49:31 WARN com.cse.exodex.datasets.StellarLibrary: probably not enough data lolwith HD ID: 11964
26/09/11 16:49:31 WARN com.cse.exodex.datasets.catalogs.NasaExoplanetCatalog: probably not enough data lolfor name: HD 11964
26/09/11 16:49:31 WARN com.cse.exodex.datasets.StellarLibrary: probably not enough data lolwith HD ID: 11964
26/09/11 16:49:31 WARN com.cse.exodex.datasets.StellarLibrary: probably not enough data lolwith hipparcos ID: 9094
26/09/11 16:49:31 WARN com.cse.exodex.datasets.StellarLibrary: probably not enough data lolwith HD ID: 11964
26/09/11 16:49:31 WARN com.cse.exodex.datasets.catalogs.NasaExoplanetCatalog: probably not enough data lolfor name: HD 11964
26/09/11 16:49:31 WARN com.cse.exodex.datasets.StellarLibrary: probably not enough data lolwith HD ID: 11977
26/09/11 16:49:31 WARN com.cse.exodex.datasets.StellarLibrary: probably not enough data lolwith hipparcos ID: 8928
26/09/11 16:49:31 WARN com.cse.exodex.datasets.StellarLibrary: probably not enough data lolwith HD ID: 11977
26/09/11 16:49:31 WARN com.cse.exodex.datasets.catalogs.NasaExoplanetCatalog: probably not enough data lolfor name: HD 11977
26/09/11 16:49:31 WARN com.cse.exodex.datasets.StellarLibrary: probably not enough data lolwith HD ID: 120084
26/09/11 16:49:31 WARN com.cse.exodex.datasets.StellarLibrary: probably not enough data lolwith hipparcos ID: 66903
26/09/11 16:49:31 WARN com.cse.exodex.datasets.StellarLibrary: probably not enough data lolwith HD ID: 120084
26/09/11 16:49:31 WARN com.cse.exodex.datasets.catalogs.NasaExoplanetCatalog: probably not enough data lolfor name: HD 120084
26/09/11 16:49:31 WARN com.cse.exodex.datasets.StellarLibrary: probably not enough data lolwith HD ID: 121504
26/09/11 16:49:31 WARN com.cse.exodex.datasets.StellarLibrary: probably not enough data lolwith hipparcos ID: 68162
26/09/11 16:49:31 WARN com.cse.exodex.datasets.StellarLibrary: probably not enough data lolwith HD ID: 121504
26/09/11 16:49:31 WARN com.cse.exodex.datasets.catalogs.NasaExoplanetCatalog: probably not enough data lolfor name: HD 121504
26/09/11 16:49:31 WARN com.cse.exodex.datasets.StellarLibrary: probably not enough data lolwith HD ID: 12484
26/09/11 16:49:31 WARN com.cse.exodex.datasets.StellarLibrary: probably not enough data lolwith hipparcos ID: 9519
26/09/11 16:49:31 WARN com.cse.exodex.datasets.StellarLibrary: probably not enough data lolwith HD ID: 12484
26/09/11 16:49:31 WARN com.cse.exodex.datasets.catalogs.NasaExoplanetCatalog: probably not enough data lolfor name: HD 12484
26/09/11 16:49:31 WARN com.cse.exodex.datasets.StellarLibrary: probably not enough data lolwith HD ID: 125595
26/09/11 16:49:31 WARN com.cse.exodex.datasets.StellarLibrary: probably not enough data lolwith hipparcos ID: 70170
26/09/11 16:49:31 WARN com.cse.exodex.datasets.StellarLibrary: probably not enough data lolwith HD ID: 125595
26/09/11 16:49:31 WARN com.cse.exodex.datasets.catalogs.NasaExoplanetCatalog: probably not enough data lolfor name: HD 125595
26/09/11 16:49:31 WARN com.cse.exodex.datasets.StellarLibrary: probably not enough data lolwith HD ID: 125612
26/09/11 16:49:31 WARN com.cse.exodex.datasets.StellarLibrary: probably not enough data lolwith hipparcos ID: 70123
26/09/11 16:49:31 WARN com.cse.exodex.datasets.StellarLibrary: probably not enough data lolwith HD ID: 125612
26/09/11 16:49:31 WARN com.cse.exodex.datasets.catalogs.NasaExoplanetCatalog: probably not enough data lolfor name: HD 125612
26/09/11 16:49:31 WARN com.cse.exodex.datasets.StellarLibrary: probably not enough data lolwith HD ID: 125612
26/09/11 16:49:31 WARN com.cse.exodex.datasets.StellarLibrary: probably not enough data lolwith hipparcos ID: 70123
26/09/11 16:49:31 WARN com.cse.exodex.datasets.StellarLibrary: probably not enough data lolwith HD ID: 125612
26/09/11 16:49:31 WARN com.cse.exodex.datasets.catalogs.NasaExoplanetCatalog: probably not enough data lolfor name: HD 125612
26/09/11 16:49:31 WARN com.cse.exodex.datasets.StellarLibrary: probably not enough data lolwith HD ID: 125612
26/09/11 16:49:31 WARN com.cse.exodex.datasets.StellarLibrary: probably not enough data lolwith hipparcos ID: 70123
26/09/11 16:49:31 WARN com.cse.exodex.datasets.StellarLibrary: probably not enough data lolwith HD ID: 125612
26/09/11 16:49:31 WARN com.cse.exodex.datasets.catalogs.NasaExoplanetCatalog: probably not enough data lolfor name: HD 125612
26/09/11 16:49:31 WARN com.cse.exodex.datasets.StellarLibrary: probably not enough data lolwith HD ID: 12648
26/09/11 16:49:31 WARN com.cse.exodex.datasets.StellarLibrary: probably not enough data lolwith hipparcos ID: 10800
26/09/11 16:49:31 WARN com.cse.exodex.datasets.StellarLibrary: probably not enough data lolwith HD ID: 12648
26/09/11 16:49:31 WARN com.cse.exodex.datasets.catalogs.NasaExoplanetCatalog: probably not enough data lolfor name: HD 12648
26/09/11 16:49:31 WARN com.cse.exodex.datasets.StellarLibrary: probably not enough data lolwith HD ID: 12661
26/09/11 16:49:31 WARN com.cse.exodex.datasets.StellarLibrary: probably not enough data lolwith hipparcos ID: 9683
26/09/11 16:49:31 WARN com.cse.exodex.datasets.StellarLibrary: probably not enough data lolwith HD ID: 12661
26/09/11 16:49:31 WARN com.cse.exodex.datasets.catalogs.NasaExoplanetCatalog: probably not enough data lolfor name: HD 12661
26/09/11 16:49:31 WARN com.cse.exodex.datasets.StellarLibrary: probably not enough data lolwith HD ID: 12661
26/09/11 16:49:31 WARN com.cse.exodex.datasets.StellarLibrary: probably not enough data lolwith hipparcos ID: 9683
26/09/11 16:49:31 WARN com.cse.exodex.datasets.StellarLibrary: probably not enough data lolwith HD ID: 12661
26/09/11 16:49:31 WARN com.cse.exodex.datasets.catalogs.NasaExoplanetCatalog: probably not enough data lolfor name: HD 12661
26/09/11 16:49:31 WARN com.cse.exodex.datasets.StellarLibrary: probably not enough data lolwith HD ID: 126614
26/09/11 16:49:31 WARN com.cse.exodex.datasets.StellarLibrary: probably not enough data lolwith hipparcos ID: 70623
26/09/11 16:49:31 WARN com.cse.exodex.datasets.StellarLibrary: probably not enough data lolwith HD ID: 126614
26/09/11 16:49:31 WARN com.cse.exodex.datasets.catalogs.NasaExoplanetCatalog: probably not enough data lolfor name: HD 126614
26/09/11 16:49:31 WARN com.cse.exodex.datasets.StellarLibrary: probably not enough data lolwith HD ID: 129445
26/09/11 16:49:31 WARN com.cse.exodex.datasets.StellarLibrary: probably not enough data lolwith hipparcos ID: 72203
26/09/11 16:49:31 WARN com.cse.exodex.datasets.StellarLibrary: probably not enough data lolwith HD ID: 129445
26/09/11 16:49:31 WARN com.cse.exodex.datasets.catalogs.NasaExoplanetCatalog: probably not enough data lolfor name: HD 129445
26/09/11 16:49:31 WARN com.cse.exodex.datasets.StellarLibrary: probably not enough data lolwith HD ID: 130322
26/09/11 16:49:31 WARN com.cse.exodex.datasets.StellarLibrary: probably not enough data lolwith hipparcos ID: 72339
26/09/11 16:49:31 WARN com.cse.exodex.datasets.StellarLibrary: probably not enough data lolwith HD ID: 130322
26/09/11 16:49:31 WARN com.cse.exodex.datasets.catalogs.NasaExoplanetCatalog: probably not enough data lolfor name: HD 130322
26/09/11 16:49:31 WARN com.cse.exodex.datasets.StellarLibrary: probably not enough data lolwith BF id: BayerFlamsteed{flamsteedDesignation=null, bayerDesignation='null', number=131399, constellation=null, prettyName='131399'}
26/09/11 16:49:31 WARN com.cse.exodex.datasets.StellarLibrary: probably not enough data lolwith BF id: BayerFlamsteed{flamsteedDesignation=null, bayerDesignation='null', number=72940, constellation=null, prettyName='72940'}
26/09/11 16:49:31 WARN com.cse.exodex.datasets.StellarLibrary: probably not enough data lolwith BF id: BayerFlamsteed{flamsteedDesignation=null, bayerDesignation='null', number=131399, constellation=null, prettyName='131399'}
26/09/11 16:49:31 WARN com.cse.exodex.datasets.catalogs.NasaExoplanetCatalog: probably not enough data lolfor name: HD 131399 A
26/09/11 16:49:31 WARN com.cse.exodex.datasets.StellarLibrary: probably not enough data lolwith HD ID: 131496
26/09/11 16:49:31 WARN com.cse.exodex.datasets.StellarLibrary: probably not enough data lolwith hipparcos ID: 72845
26/09/11 16:49:31 WARN com.cse.exodex.datasets.StellarLibrary: probably not enough data lolwith HD ID: 131496
26/09/11 16:49:31 WARN com.cse.exodex.datasets.catalogs.NasaExoplanetCatalog: probably not enough data lolfor name: HD 131496
26/09/11 16:49:31 WARN com.cse.exodex.datasets.StellarLibrary: probably not enough data lolwith HD ID: 131664
26/09/11 16:49:31 WARN com.cse.exodex.datasets.StellarLibrary: probably not enough data lolwith hipparcos ID: 73408
26/09/11 16:49:31 WARN com.cse.exodex.datasets.StellarLibrary: probably not enough data lolwith HD ID: 131664
26/09/11 16:49:31 WARN com.cse.exodex.datasets.catalogs.NasaExoplanetCatalog: probably not enough data lolfor name: HD 131664
26/09/11 16:49:31 WARN com.cse.exodex.datasets.StellarLibrary: probably not enough data lolwith HD ID: 13189
26/09/11 16:49:31 WARN com.cse.exodex.datasets.StellarLibrary: probably not enough data lolwith HD ID: 132406
26/09/11 16:49:31 WARN com.cse.exodex.datasets.StellarLibrary: probably not enough data lolwith hipparcos ID: 73146
26/09/11 16:49:31 WARN com.cse.exodex.datasets.StellarLibrary: probably not enough data lolwith HD ID: 132406
26/09/11 16:49:31 WARN com.cse.exodex.datasets.catalogs.NasaExoplanetCatalog: probably not enough data lolfor name: HD 132406
26/09/11 16:49:31 WARN com.cse.exodex.datasets.StellarLibrary: probably not enough data lolwith HD ID: 132563
26/09/11 16:49:31 WARN com.cse.exodex.datasets.StellarLibrary: probably not enough data lolwith BF id: BayerFlamsteed{flamsteedDesignation=null, bayerDesignation='null', number=73261, constellation=null, prettyName='73261'}
26/09/11 16:49:31 WARN com.cse.exodex.datasets.StellarLibrary: probably not enough data lolwith HD ID: 132563
26/09/11 16:49:31 WARN com.cse.exodex.datasets.catalogs.NasaExoplanetCatalog: probably not enough data lolfor name: HD 132563
26/09/11 16:49:31 WARN com.cse.exodex.datasets.StellarLibrary: probably not enough data lolwith BF id: BayerFlamsteed{flamsteedDesignation=null, bayerDesignation='null', number=133131, constellation=null, prettyName='133131'}
26/09/11 16:49:31 WARN com.cse.exodex.datasets.StellarLibrary: probably not enough data lolwith BF id: BayerFlamsteed{flamsteedDesignation=null, bayerDesignation='null', number=73674, constellation=null, prettyName='73674'}
26/09/11 16:49:31 WARN com.cse.exodex.datasets.StellarLibrary: probably not enough data lolwith BF id: BayerFlamsteed{flamsteedDesignation=null, bayerDesignation='null', number=133131, constellation=null, prettyName='133131'}
26/09/11 16:49:31 WARN com.cse.exodex.datasets.catalogs.NasaExoplanetCatalog: probably not enough data lolfor name: HD 133131 A
26/09/11 16:49:31 WARN com.cse.exodex.datasets.StellarLibrary: probably not enough data lolwith BF id: BayerFlamsteed{flamsteedDesignation=null, bayerDesignation='null', number=133131, constellation=null, prettyName='133131'}
26/09/11 16:49:31 WARN com.cse.exodex.datasets.StellarLibrary: probably not enough data lolwith BF id: BayerFlamsteed{flamsteedDesignation=null, bayerDesignation='null', number=73674, constellation=null, prettyName='73674'}
26/09/11 16:49:31 WARN com.cse.exodex.datasets.StellarLibrary: probably not enough data lolwith BF id: BayerFlamsteed{flamsteedDesignation=null, bayerDesignation='null', number=133131, constellation=null, prettyName='133131'}
26/09/11 16:49:31 WARN com.cse.exodex.datasets.catalogs.NasaExoplanetCatalog: probably not enough data lolfor name: HD 133131 A
26/09/11 16:49:31 WARN com.cse.exodex.datasets.StellarLibrary: probably not enough data lolwith BF id: BayerFlamsteed{flamsteedDesignation=null, bayerDesignation='null', number=133131, constellation=null, prettyName='133131'}
26/09/11 16:49:31 WARN com.cse.exodex.datasets.StellarLibrary: probably not enough data lolwith BF id: BayerFlamsteed{flamsteedDesignation=null, bayerDesignation='null', number=73674, constellation=null, prettyName='73674'}
26/09/11 16:49:31 WARN com.cse.exodex.datasets.StellarLibrary: probably not enough data lolwith BF id: BayerFlamsteed{flamsteedDesignation=null, bayerDesignation='null', number=133131, constellation=null, prettyName='133131'}
26/09/11 16:49:31 WARN com.cse.exodex.datasets.catalogs.NasaExoplanetCatalog: probably not enough data lolfor name: HD 133131 B
26/09/11 16:49:31 WARN com.cse.exodex.datasets.StellarLibrary: probably not enough data lolwith HD ID: 134987
26/09/11 16:49:31 WARN com.cse.exodex.datasets.StellarLibrary: probably not enough data lolwith hipparcos ID: 74500
26/09/11 16:49:31 WARN com.cse.exodex.datasets.StellarLibrary: probably not enough data lolwith HD ID: 134987
26/09/11 16:49:31 WARN com.cse.exodex.datasets.catalogs.NasaExoplanetCatalog: probably not enough data lolfor name: HD 134987
26/09/11 16:49:31 WARN com.cse.exodex.datasets.StellarLibrary: probably not enough data lolwith HD ID: 134987
26/09/11 16:49:31 WARN com.cse.exodex.datasets.StellarLibrary: probably not enough data lolwith hipparcos ID: 74500
26/09/11 16:49:31 WARN com.cse.exodex.datasets.StellarLibrary: probably not enough data lolwith HD ID: 134987
26/09/11 16:49:31 WARN com.cse.exodex.datasets.catalogs.NasaExoplanetCatalog: probably not enough data lolfor name: HD 134987
26/09/11 16:49:31 WARN com.cse.exodex.datasets.StellarLibrary: probably not enough data lolwith HD ID: 136418
26/09/11 16:49:31 WARN com.cse.exodex.datasets.StellarLibrary: probably not enough data lolwith hipparcos ID: 74961
26/09/11 16:49:31 WARN com.cse.exodex.datasets.StellarLibrary: probably not enough data lolwith HD ID: 136418
26/09/11 16:49:31 WARN com.cse.exodex.datasets.catalogs.NasaExoplanetCatalog: probably not enough data lolfor name: HD 136418
26/09/11 16:49:31 WARN com.cse.exodex.datasets.StellarLibrary: probably not enough data lolwith BF id: BayerFlamsteed{flamsteedDesignation=null, bayerDesignation='null', number=137388, constellation=null, prettyName='137388'}
26/09/11 16:49:31 WARN com.cse.exodex.datasets.StellarLibrary: probably not enough data lolwith hipparcos ID: 76351
26/09/11 16:49:31 WARN com.cse.exodex.datasets.StellarLibrary: probably not enough data lolwith BF id: BayerFlamsteed{flamsteedDesignation=null, bayerDesignation='null', number=137388, constellation=null, prettyName='137388'}
26/09/11 16:49:31 WARN com.cse.exodex.datasets.catalogs.NasaExoplanetCatalog: probably not enough data lolfor name: HD 137388 A
26/09/11 16:49:31 WARN com.cse.exodex.datasets.StellarLibrary: probably not enough data lolwith HD ID: 13908
26/09/11 16:49:31 WARN com.cse.exodex.datasets.StellarLibrary: probably not enough data lolwith hipparcos ID: 10743
26/09/11 16:49:31 WARN com.cse.exodex.datasets.StellarLibrary: probably not enough data lolwith HD ID: 13908
26/09/11 16:49:31 WARN com.cse.exodex.datasets.catalogs.NasaExoplanetCatalog: probably not enough data lolfor name: HD 13908
26/09/11 16:49:31 WARN com.cse.exodex.datasets.StellarLibrary: probably not enough data lolwith HD ID: 13908
26/09/11 16:49:31 WARN com.cse.exodex.datasets.StellarLibrary: probably not enough data lolwith hipparcos ID: 10743
26/09/11 16:49:31 WARN com.cse.exodex.datasets.StellarLibrary: probably not enough data lolwith HD ID: 13908
26/09/11 16:49:31 WARN com.cse.exodex.datasets.catalogs.NasaExoplanetCatalog: probably not enough data lolfor name: HD 13908
26/09/11 16:49:31 WARN com.cse.exodex.datasets.StellarLibrary: probably not enough data lolwith HD ID: 13931
26/09/11 16:49:31 WARN com.cse.exodex.datasets.StellarLibrary: probably not enough data lolwith hipparcos ID: 10626
26/09/11 16:49:31 WARN com.cse.exodex.datasets.StellarLibrary: probably not enough data lolwith HD ID: 13931
26/09/11 16:49:31 WARN com.cse.exodex.datasets.catalogs.NasaExoplanetCatalog: probably not enough data lolfor name: HD 13931
26/09/11 16:49:31 WARN com.cse.exodex.datasets.StellarLibrary: probably not enough data lolwith HD ID: 139357
26/09/11 16:49:31 WARN com.cse.exodex.datasets.StellarLibrary: probably not enough data lolwith hipparcos ID: 76311
26/09/11 16:49:31 WARN com.cse.exodex.datasets.StellarLibrary: probably not enough data lolwith HD ID: 139357
26/09/11 16:49:31 WARN com.cse.exodex.datasets.catalogs.NasaExoplanetCatalog: probably not enough data lolfor name: HD 139357
26/09/11 16:49:31 WARN com.cse.exodex.datasets.StellarLibrary: probably not enough data lolwith HD ID: 14067
26/09/11 16:49:31 WARN com.cse.exodex.datasets.StellarLibrary: probably not enough data lolwith hipparcos ID: 10657
26/09/11 16:49:31 WARN com.cse.exodex.datasets.StellarLibrary: probably not enough data lolwith HD ID: 14067
26/09/11 16:49:31 WARN com.cse.exodex.datasets.catalogs.NasaExoplanetCatalog: probably not enough data lolfor name: HD 14067
26/09/11 16:49:31 WARN com.cse.exodex.datasets.StellarLibrary: probably not enough data lolwith HD ID: 141399
26/09/11 16:49:31 WARN com.cse.exodex.datasets.StellarLibrary: probably not enough data lolwith hipparcos ID: 77301
26/09/11 16:49:31 WARN com.cse.exodex.datasets.StellarLibrary: probably not enough data lolwith HD ID: 141399
26/09/11 16:49:31 WARN com.cse.exodex.datasets.catalogs.NasaExoplanetCatalog: probably not enough data lolfor name: HD 141399
26/09/11 16:49:31 WARN com.cse.exodex.datasets.StellarLibrary: probably not enough data lolwith HD ID: 141399
26/09/11 16:49:31 WARN com.cse.exodex.datasets.StellarLibrary: probably not enough data lolwith hipparcos ID: 77301
26/09/11 16:49:31 WARN com.cse.exodex.datasets.StellarLibrary: probably not enough data lolwith HD ID: 141399
26/09/11 16:49:31 WARN com.cse.exodex.datasets.catalogs.NasaExoplanetCatalog: probably not enough data lolfor name: HD 141399
26/09/11 16:49:31 WARN com.cse.exodex.datasets.StellarLibrary: probably not enough data lolwith HD ID: 141399
26/09/11 16:49:31 WARN com.cse.exodex.datasets.StellarLibrary: probably not enough data lolwith hipparcos ID: 77301
26/09/11 16:49:31 WARN com.cse.exodex.datasets.StellarLibrary: probably not enough data lolwith HD ID: 141399
26/09/11 16:49:31 WARN com.cse.exodex.datasets.catalogs.NasaExoplanetCatalog: probably not enough data lolfor name: HD 141399
26/09/11 16:49:31 WARN com.cse.exodex.datasets.StellarLibrary: probably not enough data lolwith HD ID: 141399
26/09/11 16:49:31 WARN com.cse.exodex.datasets.StellarLibrary: probably not enough data lolwith hipparcos ID: 77301
26/09/11 16:49:31 WARN com.cse.exodex.datasets.StellarLibrary: probably not enough data lolwith HD ID: 141399
26/09/11 16:49:31 WARN com.cse.exodex.datasets.catalogs.NasaExoplanetCatalog: probably not enough data lolfor name: HD 141399
26/09/11 16:49:31 WARN com.cse.exodex.datasets.StellarLibrary: probably not enough data lolwith HD ID: 141937
26/09/11 16:49:31 WARN com.cse.exodex.datasets.StellarLibrary: probably not enough data lolwith hipparcos ID: 77740
26/09/11 16:49:31 WARN com.cse.exodex.datasets.StellarLibrary: probably not enough data lolwith HD ID: 141937
26/09/11 16:49:31 WARN com.cse.exodex.datasets.catalogs.NasaExoplanetCatalog: probably not enough data lolfor name: HD 141937
26/09/11 16:49:31 WARN com.cse.exodex.datasets.StellarLibrary: probably not enough data lolwith HD ID: 142
26/09/11 16:49:31 WARN com.cse.exodex.datasets.StellarLibrary: probably not enough data lolwith hipparcos ID: 522
26/09/11 16:49:31 WARN com.cse.exodex.datasets.StellarLibrary: probably not enough data lolwith HD ID: 142
26/09/11 16:49:31 WARN com.cse.exodex.datasets.catalogs.NasaExoplanetCatalog: probably not enough data lolfor name: HD 142
26/09/11 16:49:31 WARN com.cse.exodex.datasets.StellarLibrary: probably not enough data lolwith HD ID: 142
26/09/11 16:49:31 WARN com.cse.exodex.datasets.StellarLibrary: probably not enough data lolwith hipparcos ID: 522
26/09/11 16:49:31 WARN com.cse.exodex.datasets.StellarLibrary: probably not enough data lolwith HD ID: 142
26/09/11 16:49:31 WARN com.cse.exodex.datasets.catalogs.NasaExoplanetCatalog: probably not enough data lolfor name: HD 142
26/09/11 16:49:31 WARN com.cse.exodex.datasets.StellarLibrary: probably not enough data lolwith BF id: BayerFlamsteed{flamsteedDesignation=null, bayerDesignation='null', number=142022, constellation=null, prettyName='142022'}
26/09/11 16:49:31 WARN com.cse.exodex.datasets.StellarLibrary: probably not enough data lolwith hipparcos ID: 79242
26/09/11 16:49:31 WARN com.cse.exodex.datasets.StellarLibrary: probably not enough data lolwith BF id: BayerFlamsteed{flamsteedDesignation=null, bayerDesignation='null', number=142022, constellation=null, prettyName='142022'}
26/09/11 16:49:31 WARN com.cse.exodex.datasets.catalogs.NasaExoplanetCatalog: probably not enough data lolfor name: HD 142022 A
26/09/11 16:49:31 WARN com.cse.exodex.datasets.StellarLibrary: probably not enough data lolwith HD ID: 142245
26/09/11 16:49:31 WARN com.cse.exodex.datasets.StellarLibrary: probably not enough data lolwith hipparcos ID: 77783
26/09/11 16:49:31 WARN com.cse.exodex.datasets.StellarLibrary: probably not enough data lolwith HD ID: 142245
26/09/11 16:49:31 WARN com.cse.exodex.datasets.catalogs.NasaExoplanetCatalog: probably not enough data lolfor name: HD 142245
26/09/11 16:49:31 WARN com.cse.exodex.datasets.StellarLibrary: probably not enough data lolwith HD ID: 142415
26/09/11 16:49:31 WARN com.cse.exodex.datasets.StellarLibrary: probably not enough data lolwith hipparcos ID: 78169
26/09/11 16:49:31 WARN com.cse.exodex.datasets.StellarLibrary: probably not enough data lolwith HD ID: 142415
26/09/11 16:49:31 WARN com.cse.exodex.datasets.catalogs.NasaExoplanetCatalog: probably not enough data lolfor name: HD 142415
26/09/11 16:49:31 WARN com.cse.exodex.datasets.StellarLibrary: probably not enough data lolwith HD ID: 143105
26/09/11 16:49:31 WARN com.cse.exodex.datasets.StellarLibrary: probably not enough data lolwith hipparcos ID: 77838
26/09/11 16:49:31 WARN com.cse.exodex.datasets.StellarLibrary: probably not enough data lolwith HD ID: 143105
26/09/11 16:49:31 WARN com.cse.exodex.datasets.catalogs.NasaExoplanetCatalog: probably not enough data lolfor name: HD 143105
26/09/11 16:49:31 WARN com.cse.exodex.datasets.StellarLibrary: probably not enough data lolwith HD ID: 143361
26/09/11 16:49:31 WARN com.cse.exodex.datasets.StellarLibrary: probably not enough data lolwith hipparcos ID: 78521
26/09/11 16:49:31 WARN com.cse.exodex.datasets.StellarLibrary: probably not enough data lolwith HD ID: 143361
26/09/11 16:49:31 WARN com.cse.exodex.datasets.catalogs.NasaExoplanetCatalog: probably not enough data lolfor name: HD 143361
26/09/11 16:49:31 WARN com.cse.exodex.datasets.StellarLibrary: probably not enough data lolwith HD ID: 145377
26/09/11 16:49:31 WARN com.cse.exodex.datasets.StellarLibrary: probably not enough data lolwith hipparcos ID: 79346
26/09/11 16:49:31 WARN com.cse.exodex.datasets.StellarLibrary: probably not enough data lolwith HD ID: 145377
26/09/11 16:49:31 WARN com.cse.exodex.datasets.catalogs.NasaExoplanetCatalog: probably not enough data lolfor name: HD 145377
26/09/11 16:49:31 WARN com.cse.exodex.datasets.StellarLibrary: probably not enough data lolwith HD ID: 145457
26/09/11 16:49:31 WARN com.cse.exodex.datasets.StellarLibrary: probably not enough data lolwith hipparcos ID: 79219
26/09/11 16:49:31 WARN com.cse.exodex.datasets.StellarLibrary: probably not enough data lolwith HD ID: 145457
26/09/11 16:49:31 WARN com.cse.exodex.datasets.catalogs.NasaExoplanetCatalog: probably not enough data lolfor name: HD 145457
26/09/11 16:49:31 WARN com.cse.exodex.datasets.StellarLibrary: probably not enough data lolwith HD ID: 145934
26/09/11 16:49:31 WARN com.cse.exodex.datasets.StellarLibrary: probably not enough data lolwith HD ID: 145934
26/09/11 16:49:31 WARN com.cse.exodex.datasets.catalogs.NasaExoplanetCatalog: probably not enough data lolfor name: HD 145934
26/09/11 16:49:31 WARN com.cse.exodex.datasets.StellarLibrary: probably not enough data lolwith HD ID: 1461
26/09/11 16:49:31 WARN com.cse.exodex.datasets.StellarLibrary: probably not enough data lolwith hipparcos ID: 1499
26/09/11 16:49:31 WARN com.cse.exodex.datasets.StellarLibrary: probably not enough data lolwith HD ID: 1461
26/09/11 16:49:31 WARN com.cse.exodex.datasets.catalogs.NasaExoplanetCatalog: probably not enough data lolfor name: HD 1461
26/09/11 16:49:31 WARN com.cse.exodex.datasets.StellarLibrary: probably not enough data lolwith HD ID: 1461
26/09/11 16:49:31 WARN com.cse.exodex.datasets.StellarLibrary: probably not enough data lolwith hipparcos ID: 1499
26/09/11 16:49:31 WARN com.cse.exodex.datasets.StellarLibrary: probably not enough data lolwith HD ID: 1461
26/09/11 16:49:31 WARN com.cse.exodex.datasets.catalogs.NasaExoplanetCatalog: probably not enough data lolfor name: HD 1461
26/09/11 16:49:31 WARN com.cse.exodex.datasets.StellarLibrary: probably not enough data lolwith HD ID: 147018
26/09/11 16:49:31 WARN com.cse.exodex.datasets.StellarLibrary: probably not enough data lolwith hipparcos ID: 80250
26/09/11 16:49:31 WARN com.cse.exodex.datasets.StellarLibrary: probably not enough data lolwith HD ID: 147018
26/09/11 16:49:31 WARN com.cse.exodex.datasets.catalogs.NasaExoplanetCatalog: probably not enough data lolfor name: HD 147018
26/09/11 16:49:31 WARN com.cse.exodex.datasets.StellarLibrary: probably not enough data lolwith HD ID: 147018
26/09/11 16:49:31 WARN com.cse.exodex.datasets.StellarLibrary: probably not enough data lolwith hipparcos ID: 80250
26/09/11 16:49:31 WARN com.cse.exodex.datasets.StellarLibrary: probably not enough data lolwith HD ID: 147018
26/09/11 16:49:31 WARN com.cse.exodex.datasets.catalogs.NasaExoplanetCatalog: probably not enough data lolfor name: HD 147018
26/09/11 16:49:31 WARN com.cse.exodex.datasets.StellarLibrary: probably not enough data lolwith HD ID: 148156
26/09/11 16:49:31 WARN com.cse.exodex.datasets.StellarLibrary: probably not enough data lolwith hipparcos ID: 80680
26/09/11 16:49:31 WARN com.cse.exodex.datasets.StellarLibrary: probably not enough data lolwith HD ID: 148156
26/09/11 16:49:31 WARN com.cse.exodex.datasets.catalogs.NasaExoplanetCatalog: probably not enough data lolfor name: HD 148156
26/09/11 16:49:31 WARN com.cse.exodex.datasets.StellarLibrary: probably not enough data lolwith HD ID: 148427
26/09/11 16:49:31 WARN com.cse.exodex.datasets.StellarLibrary: probably not enough data lolwith hipparcos ID: 80687
26/09/11 16:49:31 WARN com.cse.exodex.datasets.StellarLibrary: probably not enough data lolwith HD ID: 148427
26/09/11 16:49:31 WARN com.cse.exodex.datasets.catalogs.NasaExoplanetCatalog: probably not enough data lolfor name: HD 148427
26/09/11 16:49:31 WARN com.cse.exodex.datasets.StellarLibrary: probably not enough data lolwith HD ID: 149026
26/09/11 16:49:31 WARN com.cse.exodex.datasets.StellarLibrary: probably not enough data lolwith hipparcos ID: 80838
26/09/11 16:49:31 WARN com.cse.exodex.datasets.StellarLibrary: probably not enough data lolwith HD ID: 149026
26/09/11 16:49:31 WARN com.cse.exodex.datasets.catalogs.NasaExoplanetCatalog: probably not enough data lolfor name: HD 149026
26/09/11 16:49:31 WARN com.cse.exodex.datasets.StellarLibrary: probably not enough data lolwith HD ID: 149143
26/09/11 16:49:31 WARN com.cse.exodex.datasets.StellarLibrary: probably not enough data lolwith hipparcos ID: 81022
26/09/11 16:49:31 WARN com.cse.exodex.datasets.StellarLibrary: probably not enough data lolwith HD ID: 149143
26/09/11 16:49:31 WARN com.cse.exodex.datasets.catalogs.NasaExoplanetCatalog: probably not enough data lolfor name: HD 149143
26/09/11 16:49:31 WARN com.cse.exodex.datasets.StellarLibrary: probably not enough data lolwith HD ID: 1502
26/09/11 16:49:31 WARN com.cse.exodex.datasets.StellarLibrary: probably not enough data lolwith hipparcos ID: 1547
26/09/11 16:49:31 WARN com.cse.exodex.datasets.StellarLibrary: probably not enough data lolwith HD ID: 1502
26/09/11 16:49:31 WARN com.cse.exodex.datasets.catalogs.NasaExoplanetCatalog: probably not enough data lolfor name: HD 1502
26/09/11 16:49:31 WARN com.cse.exodex.datasets.StellarLibrary: probably not enough data lolwith HD ID: 150706
26/09/11 16:49:31 WARN com.cse.exodex.datasets.StellarLibrary: probably not enough data lolwith hipparcos ID: 80902
26/09/11 16:49:31 WARN com.cse.exodex.datasets.StellarLibrary: probably not enough data lolwith HD ID: 150706
26/09/11 16:49:31 WARN com.cse.exodex.datasets.catalogs.NasaExoplanetCatalog: probably not enough data lolfor name: HD 150706
26/09/11 16:49:31 WARN com.cse.exodex.datasets.StellarLibrary: probably not enough data lolwith HD ID: 152079
26/09/11 16:49:31 WARN com.cse.exodex.datasets.StellarLibrary: probably not enough data lolwith hipparcos ID: 82632
26/09/11 16:49:31 WARN com.cse.exodex.datasets.StellarLibrary: probably not enough data lolwith HD ID: 152079
26/09/11 16:49:31 WARN com.cse.exodex.datasets.catalogs.NasaExoplanetCatalog: probably not enough data lolfor name: HD 152079
26/09/11 16:49:31 WARN com.cse.exodex.datasets.StellarLibrary: probably not enough data lolwith HD ID: 152581
26/09/11 16:49:31 WARN com.cse.exodex.datasets.StellarLibrary: probably not enough data lolwith hipparcos ID: 82651
26/09/11 16:49:31 WARN com.cse.exodex.datasets.StellarLibrary: probably not enough data lolwith HD ID: 152581
26/09/11 16:49:31 WARN com.cse.exodex.datasets.catalogs.NasaExoplanetCatalog: probably not enough data lolfor name: HD 152581
26/09/11 16:49:31 WARN com.cse.exodex.datasets.StellarLibrary: probably not enough data lolwith HD ID: 153950
26/09/11 16:49:31 WARN com.cse.exodex.datasets.StellarLibrary: probably not enough data lolwith hipparcos ID: 83547
26/09/11 16:49:31 WARN com.cse.exodex.datasets.StellarLibrary: probably not enough data lolwith HD ID: 153950
26/09/11 16:49:31 WARN com.cse.exodex.datasets.catalogs.NasaExoplanetCatalog: probably not enough data lolfor name: HD 153950
26/09/11 16:49:31 WARN com.cse.exodex.datasets.StellarLibrary: probably not enough data lolwith HD ID: 154672
26/09/11 16:49:31 WARN com.cse.exodex.datasets.StellarLibrary: probably not enough data lolwith hipparcos ID: 83983
26/09/11 16:49:31 WARN com.cse.exodex.datasets.StellarLibrary: probably not enough data lolwith HD ID: 154672
26/09/11 16:49:31 WARN com.cse.exodex.datasets.catalogs.NasaExoplanetCatalog: probably not enough data lolfor name: HD 154672
26/09/11 16:49:31 WARN com.cse.exodex.datasets.StellarLibrary: probably not enough data lolwith HD ID: 154857
26/09/11 16:49:31 WARN com.cse.exodex.datasets.StellarLibrary: probably not enough data lolwith hipparcos ID: 84069
26/09/11 16:49:31 WARN com.cse.exodex.datasets.StellarLibrary: probably not enough data lolwith HD ID: 154857
26/09/11 16:49:31 WARN com.cse.exodex.datasets.catalogs.NasaExoplanetCatalog: probably not enough data lolfor name: HD 154857
26/09/11 16:49:31 WARN com.cse.exodex.datasets.StellarLibrary: probably not enough data lolwith HD ID: 154857
26/09/11 16:49:31 WARN com.cse.exodex.datasets.StellarLibrary: probably not enough data lolwith hipparcos ID: 84069
26/09/11 16:49:31 WARN com.cse.exodex.datasets.StellarLibrary: probably not enough data lolwith HD ID: 154857
26/09/11 16:49:31 WARN com.cse.exodex.datasets.catalogs.NasaExoplanetCatalog: probably not enough data lolfor name: HD 154857
26/09/11 16:49:31 WARN com.cse.exodex.datasets.StellarLibrary: probably not enough data lolwith HD ID: 155233
26/09/11 16:49:31 WARN com.cse.exodex.datasets.StellarLibrary: probably not enough data lolwith hipparcos ID: 84056
26/09/11 16:49:31 WARN com.cse.exodex.datasets.StellarLibrary: probably not enough data lolwith HD ID: 155233
26/09/11 16:49:31 WARN com.cse.exodex.datasets.catalogs.NasaExoplanetCatalog: probably not enough data lolfor name: HD 155233
26/09/11 16:49:31 WARN com.cse.exodex.datasets.StellarLibrary: probably not enough data lolwith HD ID: 155358
26/09/11 16:49:31 WARN com.cse.exodex.datasets.StellarLibrary: probably not enough data lolwith hipparcos ID: 83949
26/09/11 16:49:31 WARN com.cse.exodex.datasets.StellarLibrary: probably not enough data lolwith HD ID: 155358
26/09/11 16:49:31 WARN com.cse.exodex.datasets.catalogs.NasaExoplanetCatalog: probably not enough data lolfor name: HD 155358
26/09/11 16:49:31 WARN com.cse.exodex.datasets.StellarLibrary: probably not enough data lolwith HD ID: 155358
26/09/11 16:49:31 WARN com.cse.exodex.datasets.StellarLibrary: probably not enough data lolwith hipparcos ID: 83949
26/09/11 16:49:31 WARN com.cse.exodex.datasets.StellarLibrary: probably not enough data lolwith HD ID: 155358
26/09/11 16:49:31 WARN com.cse.exodex.datasets.catalogs.NasaExoplanetCatalog: probably not enough data lolfor name: HD 155358
26/09/11 16:49:31 WARN com.cse.exodex.datasets.StellarLibrary: probably not enough data lolwith HD ID: 156279
26/09/11 16:49:31 WARN com.cse.exodex.datasets.StellarLibrary: probably not enough data lolwith hipparcos ID: 84171
26/09/11 16:49:31 WARN com.cse.exodex.datasets.StellarLibrary: probably not enough data lolwith HD ID: 156279
26/09/11 16:49:31 WARN com.cse.exodex.datasets.catalogs.NasaExoplanetCatalog: probably not enough data lolfor name: HD 156279
26/09/11 16:49:31 WARN com.cse.exodex.datasets.StellarLibrary: probably not enough data lolwith HD ID: 156411
26/09/11 16:49:31 WARN com.cse.exodex.datasets.StellarLibrary: probably not enough data lolwith hipparcos ID: 84787
26/09/11 16:49:31 WARN com.cse.exodex.datasets.StellarLibrary: probably not enough data lolwith HD ID: 156411
26/09/11 16:49:31 WARN com.cse.exodex.datasets.catalogs.NasaExoplanetCatalog: probably not enough data lolfor name: HD 156411
26/09/11 16:49:31 WARN com.cse.exodex.datasets.StellarLibrary: probably not enough data lolwith HD ID: 156668
26/09/11 16:49:31 WARN com.cse.exodex.datasets.StellarLibrary: probably not enough data lolwith hipparcos ID: 84607
26/09/11 16:49:31 WARN com.cse.exodex.datasets.StellarLibrary: probably not enough data lolwith HD ID: 156668
26/09/11 16:49:31 WARN com.cse.exodex.datasets.catalogs.NasaExoplanetCatalog: probably not enough data lolfor name: HD 156668
26/09/11 16:49:31 WARN com.cse.exodex.datasets.StellarLibrary: probably not enough data lolwith HD ID: 156846
26/09/11 16:49:31 WARN com.cse.exodex.datasets.StellarLibrary: probably not enough data lolwith hipparcos ID: 84856
26/09/11 16:49:31 WARN com.cse.exodex.datasets.StellarLibrary: probably not enough data lolwith HD ID: 156846
26/09/11 16:49:31 WARN com.cse.exodex.datasets.catalogs.NasaExoplanetCatalog: probably not enough data lolfor name: HD 156846
26/09/11 16:49:31 WARN com.cse.exodex.datasets.StellarLibrary: probably not enough data lolwith HD ID: 158038
26/09/11 16:49:31 WARN com.cse.exodex.datasets.StellarLibrary: probably not enough data lolwith hipparcos ID: 85294
26/09/11 16:49:31 WARN com.cse.exodex.datasets.StellarLibrary: probably not enough data lolwith HD ID: 158038
26/09/11 16:49:31 WARN com.cse.exodex.datasets.catalogs.NasaExoplanetCatalog: probably not enough data lolfor name: HD 158038
26/09/11 16:49:31 WARN com.cse.exodex.datasets.StellarLibrary: probably not enough data lolwith HD ID: 159243
26/09/11 16:49:31 WARN com.cse.exodex.datasets.StellarLibrary: probably not enough data lolwith hipparcos ID: 85911
26/09/11 16:49:31 WARN com.cse.exodex.datasets.StellarLibrary: probably not enough data lolwith HD ID: 159243
26/09/11 16:49:31 WARN com.cse.exodex.datasets.catalogs.NasaExoplanetCatalog: probably not enough data lolfor name: HD 159243
26/09/11 16:49:31 WARN com.cse.exodex.datasets.StellarLibrary: probably not enough data lolwith HD ID: 159243
26/09/11 16:49:31 WARN com.cse.exodex.datasets.StellarLibrary: probably not enough data lolwith hipparcos ID: 85911
26/09/11 16:49:31 WARN com.cse.exodex.datasets.StellarLibrary: probably not enough data lolwith HD ID: 159243
26/09/11 16:49:31 WARN com.cse.exodex.datasets.catalogs.NasaExoplanetCatalog: probably not enough data lolfor name: HD 159243
26/09/11 16:49:31 WARN com.cse.exodex.datasets.StellarLibrary: probably not enough data lolwith HD ID: 159868
26/09/11 16:49:31 WARN com.cse.exodex.datasets.StellarLibrary: probably not enough data lolwith hipparcos ID: 86375
26/09/11 16:49:31 WARN com.cse.exodex.datasets.StellarLibrary: probably not enough data lolwith HD ID: 159868
26/09/11 16:49:31 WARN com.cse.exodex.datasets.catalogs.NasaExoplanetCatalog: probably not enough data lolfor name: HD 159868
26/09/11 16:49:31 WARN com.cse.exodex.datasets.StellarLibrary: probably not enough data lolwith HD ID: 159868
26/09/11 16:49:31 WARN com.cse.exodex.datasets.StellarLibrary: probably not enough data lolwith hipparcos ID: 86375
26/09/11 16:49:31 WARN com.cse.exodex.datasets.StellarLibrary: probably not enough data lolwith HD ID: 159868
26/09/11 16:49:31 WARN com.cse.exodex.datasets.catalogs.NasaExoplanetCatalog: probably not enough data lolfor name: HD 159868
26/09/11 16:49:31 WARN com.cse.exodex.datasets.StellarLibrary: probably not enough data lolwith HD ID: 1605
26/09/11 16:49:31 WARN com.cse.exodex.datasets.StellarLibrary: probably not enough data lolwith hipparcos ID: 1640
26/09/11 16:49:31 WARN com.cse.exodex.datasets.StellarLibrary: probably not enough data lolwith HD ID: 1605
26/09/11 16:49:31 WARN com.cse.exodex.datasets.catalogs.NasaExoplanetCatalog: probably not enough data lolfor name: HD 1605
26/09/11 16:49:31 WARN com.cse.exodex.datasets.StellarLibrary: probably not enough data lolwith HD ID: 1605
26/09/11 16:49:31 WARN com.cse.exodex.datasets.StellarLibrary: probably not enough data lolwith hipparcos ID: 1640
26/09/11 16:49:31 WARN com.cse.exodex.datasets.StellarLibrary: probably not enough data lolwith HD ID: 1605
26/09/11 16:49:31 WARN com.cse.exodex.datasets.catalogs.NasaExoplanetCatalog: probably not enough data lolfor name: HD 1605
26/09/11 16:49:31 WARN com.cse.exodex.datasets.StellarLibrary: probably not enough data lolwith HD ID: 16141
26/09/11 16:49:31 WARN com.cse.exodex.datasets.StellarLibrary: probably not enough data lolwith hipparcos ID: 12048
26/09/11 16:49:31 WARN com.cse.exodex.datasets.StellarLibrary: probably not enough data lolwith HD ID: 16141
26/09/11 16:49:31 WARN com.cse.exodex.datasets.catalogs.NasaExoplanetCatalog: probably not enough data lolfor name: HD 16141
26/09/11 16:49:31 WARN com.cse.exodex.datasets.StellarLibrary: probably not enough data lolwith HD ID: 16175
26/09/11 16:49:31 WARN com.cse.exodex.datasets.StellarLibrary: probably not enough data lolwith hipparcos ID: 12191
26/09/11 16:49:31 WARN com.cse.exodex.datasets.StellarLibrary: probably not enough data lolwith HD ID: 16175
26/09/11 16:49:31 WARN com.cse.exodex.datasets.catalogs.NasaExoplanetCatalog: probably not enough data lolfor name: HD 16175
26/09/11 16:49:31 WARN com.cse.exodex.datasets.StellarLibrary: probably not enough data lolwith HD ID: 162020
26/09/11 16:49:31 WARN com.cse.exodex.datasets.StellarLibrary: probably not enough data lolwith hipparcos ID: 87330
26/09/11 16:49:31 WARN com.cse.exodex.datasets.StellarLibrary: probably not enough data lolwith HD ID: 162020
26/09/11 16:49:31 WARN com.cse.exodex.datasets.catalogs.NasaExoplanetCatalog: probably not enough data lolfor name: HD 162020
26/09/11 16:49:31 WARN com.cse.exodex.datasets.StellarLibrary: probably not enough data lolwith HD ID: 163607
26/09/11 16:49:31 WARN com.cse.exodex.datasets.StellarLibrary: probably not enough data lolwith hipparcos ID: 87601
26/09/11 16:49:31 WARN com.cse.exodex.datasets.StellarLibrary: probably not enough data lolwith HD ID: 163607
26/09/11 16:49:31 WARN com.cse.exodex.datasets.catalogs.NasaExoplanetCatalog: probably not enough data lolfor name: HD 163607
26/09/11 16:49:31 WARN com.cse.exodex.datasets.StellarLibrary: probably not enough data lolwith HD ID: 163607
26/09/11 16:49:31 WARN com.cse.exodex.datasets.StellarLibrary: probably not enough data lolwith hipparcos ID: 87601
26/09/11 16:49:31 WARN com.cse.exodex.datasets.StellarLibrary: probably not enough data lolwith HD ID: 163607
26/09/11 16:49:31 WARN com.cse.exodex.datasets.catalogs.NasaExoplanetCatalog: probably not enough data lolfor name: HD 163607
26/09/11 16:49:31 WARN com.cse.exodex.datasets.StellarLibrary: probably not enough data lolwith HD ID: 16417
26/09/11 16:49:31 WARN com.cse.exodex.datasets.StellarLibrary: probably not enough data lolwith hipparcos ID: 12186
26/09/11 16:49:31 WARN com.cse.exodex.datasets.StellarLibrary: probably not enough data lolwith HD ID: 16417
26/09/11 16:49:31 WARN com.cse.exodex.datasets.catalogs.NasaExoplanetCatalog: probably not enough data lolfor name: HD 16417
26/09/11 16:49:31 WARN com.cse.exodex.datasets.StellarLibrary: probably not enough data lolwith HD ID: 164509
26/09/11 16:49:31 WARN com.cse.exodex.datasets.StellarLibrary: probably not enough data lolwith hipparcos ID: 88268
26/09/11 16:49:31 WARN com.cse.exodex.datasets.StellarLibrary: probably not enough data lolwith HD ID: 164509
26/09/11 16:49:31 WARN com.cse.exodex.datasets.catalogs.NasaExoplanetCatalog: probably not enough data lolfor name: HD 164509
26/09/11 16:49:31 WARN com.cse.exodex.datasets.StellarLibrary: probably not enough data lolwith HD ID: 164595
26/09/11 16:49:31 WARN com.cse.exodex.datasets.StellarLibrary: probably not enough data lolwith hipparcos ID: 88194
26/09/11 16:49:31 WARN com.cse.exodex.datasets.StellarLibrary: probably not enough data lolwith HD ID: 164595
26/09/11 16:49:31 WARN com.cse.exodex.datasets.catalogs.NasaExoplanetCatalog: probably not enough data lolfor name: HD 164595
26/09/11 16:49:31 WARN com.cse.exodex.datasets.StellarLibrary: probably not enough data lolwith HD ID: 164604
26/09/11 16:49:31 WARN com.cse.exodex.datasets.StellarLibrary: probably not enough data lolwith hipparcos ID: 88414
26/09/11 16:49:31 WARN com.cse.exodex.datasets.StellarLibrary: probably not enough data lolwith HD ID: 164604
26/09/11 16:49:31 WARN com.cse.exodex.datasets.catalogs.NasaExoplanetCatalog: probably not enough data lolfor name: HD 164604
26/09/11 16:49:31 WARN com.cse.exodex.datasets.StellarLibrary: probably not enough data lolwith HD ID: 1666
26/09/11 16:49:31 WARN com.cse.exodex.datasets.StellarLibrary: probably not enough data lolwith hipparcos ID: 1666
26/09/11 16:49:31 WARN com.cse.exodex.datasets.StellarLibrary: probably not enough data lolwith HD ID: 1666
26/09/11 16:49:31 WARN com.cse.exodex.datasets.catalogs.NasaExoplanetCatalog: probably not enough data lolfor name: HD 1666
26/09/11 16:49:31 WARN com.cse.exodex.datasets.StellarLibrary: probably not enough data lolwith HD ID: 166724
26/09/11 16:49:31 WARN com.cse.exodex.datasets.StellarLibrary: probably not enough data lolwith hipparcos ID: 89354
26/09/11 16:49:31 WARN com.cse.exodex.datasets.StellarLibrary: probably not enough data lolwith HD ID: 166724
26/09/11 16:49:31 WARN com.cse.exodex.datasets.catalogs.NasaExoplanetCatalog: probably not enough data lolfor name: HD 166724
26/09/11 16:49:31 WARN com.cse.exodex.datasets.StellarLibrary: probably not enough data lolwith HD ID: 167042
26/09/11 16:49:31 WARN com.cse.exodex.datasets.StellarLibrary: probably not enough data lolwith hipparcos ID: 89047
26/09/11 16:49:31 WARN com.cse.exodex.datasets.StellarLibrary: probably not enough data lolwith HD ID: 167042
26/09/11 16:49:31 WARN com.cse.exodex.datasets.catalogs.NasaExoplanetCatalog: probably not enough data lolfor name: HD 167042
26/09/11 16:49:31 WARN com.cse.exodex.datasets.StellarLibrary: probably not enough data lolwith HD ID: 168443
26/09/11 16:49:31 WARN com.cse.exodex.datasets.StellarLibrary: probably not enough data lolwith hipparcos ID: 89844
26/09/11 16:49:31 WARN com.cse.exodex.datasets.StellarLibrary: probably not enough data lolwith HD ID: 168443
26/09/11 16:49:31 WARN com.cse.exodex.datasets.catalogs.NasaExoplanetCatalog: probably not enough data lolfor name: HD 168443
26/09/11 16:49:31 WARN com.cse.exodex.datasets.StellarLibrary: probably not enough data lolwith HD ID: 168443
26/09/11 16:49:31 WARN com.cse.exodex.datasets.StellarLibrary: probably not enough data lolwith hipparcos ID: 89844
26/09/11 16:49:31 WARN com.cse.exodex.datasets.StellarLibrary: probably not enough data lolwith HD ID: 168443
26/09/11 16:49:31 WARN com.cse.exodex.datasets.catalogs.NasaExoplanetCatalog: probably not enough data lolfor name: HD 168443
26/09/11 16:49:31 WARN com.cse.exodex.datasets.StellarLibrary: probably not enough data lolwith HD ID: 168746
26/09/11 16:49:31 WARN com.cse.exodex.datasets.StellarLibrary: probably not enough data lolwith hipparcos ID: 90004
26/09/11 16:49:31 WARN com.cse.exodex.datasets.StellarLibrary: probably not enough data lolwith HD ID: 168746
26/09/11 16:49:31 WARN com.cse.exodex.datasets.catalogs.NasaExoplanetCatalog: probably not enough data lolfor name: HD 168746
26/09/11 16:49:31 WARN com.cse.exodex.datasets.StellarLibrary: probably not enough data lolwith HD ID: 1690
26/09/11 16:49:31 WARN com.cse.exodex.datasets.StellarLibrary: probably not enough data lolwith hipparcos ID: 1692
26/09/11 16:49:31 WARN com.cse.exodex.datasets.StellarLibrary: probably not enough data lolwith HD ID: 1690
26/09/11 16:49:31 WARN com.cse.exodex.datasets.catalogs.NasaExoplanetCatalog: probably not enough data lolfor name: HD 1690
26/09/11 16:49:31 WARN com.cse.exodex.datasets.StellarLibrary: probably not enough data lolwith HD ID: 169830
26/09/11 16:49:31 WARN com.cse.exodex.datasets.StellarLibrary: probably not enough data lolwith hipparcos ID: 90485
26/09/11 16:49:31 WARN com.cse.exodex.datasets.StellarLibrary: probably not enough data lolwith HD ID: 169830
26/09/11 16:49:31 WARN com.cse.exodex.datasets.catalogs.NasaExoplanetCatalog: probably not enough data lolfor name: HD 169830
26/09/11 16:49:31 WARN com.cse.exodex.datasets.StellarLibrary: probably not enough data lolwith HD ID: 169830
26/09/11 16:49:31 WARN com.cse.exodex.datasets.StellarLibrary: probably not enough data lolwith hipparcos ID: 90485
26/09/11 16:49:31 WARN com.cse.exodex.datasets.StellarLibrary: probably not enough data lolwith HD ID: 169830
26/09/11 16:49:31 WARN com.cse.exodex.datasets.catalogs.NasaExoplanetCatalog: probably not enough data lolfor name: HD 169830
26/09/11 16:49:31 WARN com.cse.exodex.datasets.StellarLibrary: probably not enough data lolwith HD ID: 170469
26/09/11 16:49:31 WARN com.cse.exodex.datasets.StellarLibrary: probably not enough data lolwith hipparcos ID: 90593
26/09/11 16:49:31 WARN com.cse.exodex.datasets.StellarLibrary: probably not enough data lolwith HD ID: 170469
26/09/11 16:49:31 WARN com.cse.exodex.datasets.catalogs.NasaExoplanetCatalog: probably not enough data lolfor name: HD 170469
26/09/11 16:49:31 WARN com.cse.exodex.datasets.StellarLibrary: probably not enough data lolwith HD ID: 17092
26/09/11 16:49:31 WARN com.cse.exodex.datasets.StellarLibrary: probably not enough data lolwith HD ID: 17092
26/09/11 16:49:31 WARN com.cse.exodex.datasets.catalogs.NasaExoplanetCatalog: probably not enough data lolfor name: HD 17092
26/09/11 16:49:31 WARN com.cse.exodex.datasets.StellarLibrary: probably not enough data lolwith HD ID: 171028
26/09/11 16:49:31 WARN com.cse.exodex.datasets.StellarLibrary: probably not enough data lolwith HD ID: 171028
26/09/11 16:49:31 WARN com.cse.exodex.datasets.catalogs.NasaExoplanetCatalog: probably not enough data lolfor name: HD 171028
26/09/11 16:49:31 WARN com.cse.exodex.datasets.StellarLibrary: probably not enough data lolwith HD ID: 171238
26/09/11 16:49:31 WARN com.cse.exodex.datasets.StellarLibrary: probably not enough data lolwith hipparcos ID: 91085
26/09/11 16:49:31 WARN com.cse.exodex.datasets.StellarLibrary: probably not enough data lolwith HD ID: 171238
26/09/11 16:49:31 WARN com.cse.exodex.datasets.catalogs.NasaExoplanetCatalog: probably not enough data lolfor name: HD 171238
26/09/11 16:49:31 WARN com.cse.exodex.datasets.StellarLibrary: probably not enough data lolwith HD ID: 17156
26/09/11 16:49:31 WARN com.cse.exodex.datasets.StellarLibrary: probably not enough data lolwith hipparcos ID: 13192
26/09/11 16:49:31 WARN com.cse.exodex.datasets.StellarLibrary: probably not enough data lolwith HD ID: 17156
26/09/11 16:49:31 WARN com.cse.exodex.datasets.catalogs.NasaExoplanetCatalog: probably not enough data lolfor name: HD 17156
26/09/11 16:49:31 WARN com.cse.exodex.datasets.StellarLibrary: probably not enough data lolwith HD ID: 173416
26/09/11 16:49:31 WARN com.cse.exodex.datasets.StellarLibrary: probably not enough data lolwith hipparcos ID: 91852
26/09/11 16:49:31 WARN com.cse.exodex.datasets.StellarLibrary: probably not enough data lolwith HD ID: 173416
26/09/11 16:49:31 WARN com.cse.exodex.datasets.catalogs.NasaExoplanetCatalog: probably not enough data lolfor name: HD 173416
26/09/11 16:49:31 WARN com.cse.exodex.datasets.StellarLibrary: probably not enough data lolwith HD ID: 175167
26/09/11 16:49:31 WARN com.cse.exodex.datasets.StellarLibrary: probably not enough data lolwith hipparcos ID: 93281
26/09/11 16:49:31 WARN com.cse.exodex.datasets.StellarLibrary: probably not enough data lolwith HD ID: 175167
26/09/11 16:49:31 WARN com.cse.exodex.datasets.catalogs.NasaExoplanetCatalog: probably not enough data lolfor name: HD 175167
26/09/11 16:49:31 WARN com.cse.exodex.datasets.StellarLibrary: probably not enough data lolwith HD ID: 175541
26/09/11 16:49:31 WARN com.cse.exodex.datasets.StellarLibrary: probably not enough data lolwith hipparcos ID: 92895
26/09/11 16:49:31 WARN com.cse.exodex.datasets.StellarLibrary: probably not enough data lolwith HD ID: 175541
26/09/11 16:49:31 WARN com.cse.exodex.datasets.catalogs.NasaExoplanetCatalog: probably not enough data lolfor name: HD 175541
26/09/11 16:49:31 WARN com.cse.exodex.datasets.StellarLibrary: probably not enough data lolwith HD ID: 175607
26/09/11 16:49:31 WARN com.cse.exodex.datasets.StellarLibrary: probably not enough data lolwith hipparcos ID: 93373
26/09/11 16:49:31 WARN com.cse.exodex.datasets.StellarLibrary: probably not enough data lolwith HD ID: 175607
26/09/11 16:49:31 WARN com.cse.exodex.datasets.catalogs.NasaExoplanetCatalog: probably not enough data lolfor name: HD 175607
26/09/11 16:49:31 WARN com.cse.exodex.datasets.StellarLibrary: probably not enough data lolwith HD ID: 177830
26/09/11 16:49:31 WARN com.cse.exodex.datasets.StellarLibrary: probably not enough data lolwith hipparcos ID: 93746
26/09/11 16:49:31 WARN com.cse.exodex.datasets.StellarLibrary: probably not enough data lolwith BF id: BayerFlamsteed{flamsteedDesignation=null, bayerDesignation='null', number=177830, constellation=null, prettyName='177830'}
26/09/11 16:49:31 WARN com.cse.exodex.datasets.catalogs.NasaExoplanetCatalog: probably not enough data lolfor name: HD 177830
26/09/11 16:49:31 WARN com.cse.exodex.datasets.StellarLibrary: probably not enough data lolwith HD ID: 177830
26/09/11 16:49:31 WARN com.cse.exodex.datasets.StellarLibrary: probably not enough data lolwith hipparcos ID: 93746
26/09/11 16:49:31 WARN com.cse.exodex.datasets.StellarLibrary: probably not enough data lolwith BF id: BayerFlamsteed{flamsteedDesignation=null, bayerDesignation='null', number=177830, constellation=null, prettyName='177830'}
26/09/11 16:49:31 WARN com.cse.exodex.datasets.catalogs.NasaExoplanetCatalog: probably not enough data lolfor name: HD 177830
26/09/11 16:49:31 WARN com.cse.exodex.datasets.StellarLibrary: probably not enough data lolwith BF id: BayerFlamsteed{flamsteedDesignation=null, bayerDesignation='null', number=178911, constellation=null, prettyName='178911'}
26/09/11 16:49:31 WARN com.cse.exodex.datasets.StellarLibrary: probably not enough data lolwith hipparcos ID: 94075
26/09/11 16:49:31 WARN com.cse.exodex.datasets.StellarLibrary: probably not enough data lolwith BF id: BayerFlamsteed{flamsteedDesignation=null, bayerDesignation='null', number=178911, constellation=null, prettyName='178911'}
26/09/11 16:49:31 WARN com.cse.exodex.datasets.catalogs.NasaExoplanetCatalog: probably not enough data lolfor name: HD 178911 B
26/09/11 16:49:31 WARN com.cse.exodex.datasets.StellarLibrary: probably not enough data lolwith HD ID: 179079
26/09/11 16:49:31 WARN com.cse.exodex.datasets.StellarLibrary: probably not enough data lolwith hipparcos ID: 94256
26/09/11 16:49:31 WARN com.cse.exodex.datasets.StellarLibrary: probably not enough data lolwith HD ID: 179079
26/09/11 16:49:31 WARN com.cse.exodex.datasets.catalogs.NasaExoplanetCatalog: probably not enough data lolfor name: HD 179079
26/09/11 16:49:31 WARN com.cse.exodex.datasets.StellarLibrary: probably not enough data lolwith HD ID: 179949
26/09/11 16:49:31 WARN com.cse.exodex.datasets.StellarLibrary: probably not enough data lolwith hipparcos ID: 94645
26/09/11 16:49:31 WARN com.cse.exodex.datasets.StellarLibrary: probably not enough data lolwith HD ID: 179949
26/09/11 16:49:31 WARN com.cse.exodex.datasets.catalogs.NasaExoplanetCatalog: probably not enough data lolfor name: HD 179949
26/09/11 16:49:31 WARN com.cse.exodex.datasets.StellarLibrary: probably not enough data lolwith HD ID: 180314
26/09/11 16:49:31 WARN com.cse.exodex.datasets.StellarLibrary: probably not enough data lolwith hipparcos ID: 94576
26/09/11 16:49:31 WARN com.cse.exodex.datasets.StellarLibrary: probably not enough data lolwith HD ID: 180314
26/09/11 16:49:31 WARN com.cse.exodex.datasets.catalogs.NasaExoplanetCatalog: probably not enough data lolfor name: HD 180314
26/09/11 16:49:31 WARN com.cse.exodex.datasets.StellarLibrary: probably not enough data lolwith HD ID: 180902
26/09/11 16:49:31 WARN com.cse.exodex.datasets.StellarLibrary: probably not enough data lolwith hipparcos ID: 94951
26/09/11 16:49:31 WARN com.cse.exodex.datasets.StellarLibrary: probably not enough data lolwith HD ID: 180902
26/09/11 16:49:31 WARN com.cse.exodex.datasets.catalogs.NasaExoplanetCatalog: probably not enough data lolfor name: HD 180902
26/09/11 16:49:31 WARN com.cse.exodex.datasets.StellarLibrary: probably not enough data lolwith HD ID: 181342
26/09/11 16:49:31 WARN com.cse.exodex.datasets.StellarLibrary: probably not enough data lolwith hipparcos ID: 95124
26/09/11 16:49:31 WARN com.cse.exodex.datasets.StellarLibrary: probably not enough data lolwith HD ID: 181342
26/09/11 16:49:31 WARN com.cse.exodex.datasets.catalogs.NasaExoplanetCatalog: probably not enough data lolfor name: HD 181342
26/09/11 16:49:31 WARN com.cse.exodex.datasets.StellarLibrary: probably not enough data lolwith HD ID: 181433
26/09/11 16:49:31 WARN com.cse.exodex.datasets.StellarLibrary: probably not enough data lolwith hipparcos ID: 95467
26/09/11 16:49:31 WARN com.cse.exodex.datasets.StellarLibrary: probably not enough data lolwith HD ID: 181433
26/09/11 16:49:31 WARN com.cse.exodex.datasets.catalogs.NasaExoplanetCatalog: probably not enough data lolfor name: HD 181433
26/09/11 16:49:31 WARN com.cse.exodex.datasets.StellarLibrary: probably not enough data lolwith HD ID: 181433
26/09/11 16:49:31 WARN com.cse.exodex.datasets.StellarLibrary: probably not enough data lolwith hipparcos ID: 95467
26/09/11 16:49:31 WARN com.cse.exodex.datasets.StellarLibrary: probably not enough data lolwith HD ID: 181433
26/09/11 16:49:31 WARN com.cse.exodex.datasets.catalogs.NasaExoplanetCatalog: probably not enough data lolfor name: HD 181433
26/09/11 16:49:31 WARN com.cse.exodex.datasets.StellarLibrary: probably not enough data lolwith HD ID: 181433
26/09/11 16:49:31 WARN com.cse.exodex.datasets.StellarLibrary: probably not enough data lolwith hipparcos ID: 95467
26/09/11 16:49:31 WARN com.cse.exodex.datasets.StellarLibrary: probably not enough data lolwith HD ID: 181433
26/09/11 16:49:31 WARN com.cse.exodex.datasets.catalogs.NasaExoplanetCatalog: probably not enough data lolfor name: HD 181433
26/09/11 16:49:31 WARN com.cse.exodex.datasets.StellarLibrary: probably not enough data lolwith HD ID: 181720
26/09/11 16:49:31 WARN com.cse.exodex.datasets.StellarLibrary: probably not enough data lolwith hipparcos ID: 95262
26/09/11 16:49:31 WARN com.cse.exodex.datasets.StellarLibrary: probably not enough data lolwith HD ID: 181720
26/09/11 16:49:31 WARN com.cse.exodex.datasets.catalogs.NasaExoplanetCatalog: probably not enough data lolfor name: HD 181720
26/09/11 16:49:31 WARN com.cse.exodex.datasets.StellarLibrary: probably not enough data lolwith HD ID: 183263
26/09/11 16:49:31 WARN com.cse.exodex.datasets.StellarLibrary: probably not enough data lolwith hipparcos ID: 95740
26/09/11 16:49:31 WARN com.cse.exodex.datasets.StellarLibrary: probably not enough data lolwith HD ID: 183263
26/09/11 16:49:31 WARN com.cse.exodex.datasets.catalogs.NasaExoplanetCatalog: probably not enough data lolfor name: HD 183263
26/09/11 16:49:31 WARN com.cse.exodex.datasets.StellarLibrary: probably not enough data lolwith HD ID: 183263
26/09/11 16:49:31 WARN com.cse.exodex.datasets.StellarLibrary: probably not enough data lolwith hipparcos ID: 95740
26/09/11 16:49:31 WARN com.cse.exodex.datasets.StellarLibrary: probably not enough data lolwith HD ID: 183263
26/09/11 16:49:31 WARN com.cse.exodex.datasets.catalogs.NasaExoplanetCatalog: probably not enough data lolfor name: HD 183263
26/09/11 16:49:31 WARN com.cse.exodex.datasets.StellarLibrary: probably not enough data lolwith HD ID: 185269
26/09/11 16:49:31 WARN com.cse.exodex.datasets.StellarLibrary: probably not enough data lolwith hipparcos ID: 96507
26/09/11 16:49:31 WARN com.cse.exodex.datasets.StellarLibrary: probably not enough data lolwith HD ID: 185269
26/09/11 16:49:31 WARN com.cse.exodex.datasets.catalogs.NasaExoplanetCatalog: probably not enough data lolfor name: HD 185269
26/09/11 16:49:31 WARN com.cse.exodex.datasets.StellarLibrary: probably not enough data lolwith HD ID: 187085
26/09/11 16:49:31 WARN com.cse.exodex.datasets.StellarLibrary: probably not enough data lolwith hipparcos ID: 97546
26/09/11 16:49:31 WARN com.cse.exodex.datasets.StellarLibrary: probably not enough data lolwith HD ID: 187085
26/09/11 16:49:31 WARN com.cse.exodex.datasets.catalogs.NasaExoplanetCatalog: probably not enough data lolfor name: HD 187085
26/09/11 16:49:31 WARN com.cse.exodex.datasets.StellarLibrary: probably not enough data lolwith HD ID: 187123
26/09/11 16:49:31 WARN com.cse.exodex.datasets.StellarLibrary: probably not enough data lolwith hipparcos ID: 97336
26/09/11 16:49:31 WARN com.cse.exodex.datasets.StellarLibrary: probably not enough data lolwith HD ID: 187123
26/09/11 16:49:31 WARN com.cse.exodex.datasets.catalogs.NasaExoplanetCatalog: probably not enough data lolfor name: HD 187123
26/09/11 16:49:31 WARN com.cse.exodex.datasets.StellarLibrary: probably not enough data lolwith HD ID: 187123
26/09/11 16:49:31 WARN com.cse.exodex.datasets.StellarLibrary: probably not enough data lolwith hipparcos ID: 97336
26/09/11 16:49:31 WARN com.cse.exodex.datasets.StellarLibrary: probably not enough data lolwith HD ID: 187123
26/09/11 16:49:31 WARN com.cse.exodex.datasets.catalogs.NasaExoplanetCatalog: probably not enough data lolfor name: HD 187123
26/09/11 16:49:31 WARN com.cse.exodex.datasets.StellarLibrary: probably not enough data lolwith HD ID: 18742
26/09/11 16:49:31 WARN com.cse.exodex.datasets.StellarLibrary: probably not enough data lolwith hipparcos ID: 13993
26/09/11 16:49:31 WARN com.cse.exodex.datasets.StellarLibrary: probably not enough data lolwith HD ID: 18742
26/09/11 16:49:31 WARN com.cse.exodex.datasets.catalogs.NasaExoplanetCatalog: probably not enough data lolfor name: HD 18742
26/09/11 16:49:31 WARN com.cse.exodex.datasets.StellarLibrary: probably not enough data lolwith HD ID: 188015
26/09/11 16:49:31 WARN com.cse.exodex.datasets.StellarLibrary: probably not enough data lolwith hipparcos ID: 97769
26/09/11 16:49:31 WARN com.cse.exodex.datasets.StellarLibrary: probably not enough data lolwith HD ID: 188015
26/09/11 16:49:31 WARN com.cse.exodex.datasets.catalogs.NasaExoplanetCatalog: probably not enough data lolfor name: HD 188015
26/09/11 16:49:31 WARN com.cse.exodex.datasets.StellarLibrary: probably not enough data lolwith HD ID: 190647
26/09/11 16:49:31 WARN com.cse.exodex.datasets.StellarLibrary: probably not enough data lolwith hipparcos ID: 99115
26/09/11 16:49:31 WARN com.cse.exodex.datasets.StellarLibrary: probably not enough data lolwith HD ID: 190647
26/09/11 16:49:31 WARN com.cse.exodex.datasets.catalogs.NasaExoplanetCatalog: probably not enough data lolfor name: HD 190647
26/09/11 16:49:31 WARN com.cse.exodex.datasets.StellarLibrary: probably not enough data lolwith HD ID: 190984
26/09/11 16:49:31 WARN com.cse.exodex.datasets.StellarLibrary: probably not enough data lolwith hipparcos ID: 99496
26/09/11 16:49:31 WARN com.cse.exodex.datasets.StellarLibrary: probably not enough data lolwith HD ID: 190984
26/09/11 16:49:31 WARN com.cse.exodex.datasets.catalogs.NasaExoplanetCatalog: probably not enough data lolfor name: HD 190984
26/09/11 16:49:31 WARN com.cse.exodex.datasets.StellarLibrary: probably not enough data lolwith HD ID: 191806
26/09/11 16:49:31 WARN com.cse.exodex.datasets.StellarLibrary: probably not enough data lolwith hipparcos ID: 99306
26/09/11 16:49:31 WARN com.cse.exodex.datasets.StellarLibrary: probably not enough data lolwith HD ID: 191806
26/09/11 16:49:31 WARN com.cse.exodex.datasets.catalogs.NasaExoplanetCatalog: probably not enough data lolfor name: HD 191806
26/09/11 16:49:31 WARN com.cse.exodex.datasets.StellarLibrary: probably not enough data lolwith HD ID: 192699
26/09/11 16:49:31 WARN com.cse.exodex.datasets.StellarLibrary: probably not enough data lolwith hipparcos ID: 99894
26/09/11 16:49:31 WARN com.cse.exodex.datasets.StellarLibrary: probably not enough data lolwith HD ID: 192699
26/09/11 16:49:31 WARN com.cse.exodex.datasets.catalogs.NasaExoplanetCatalog: probably not enough data lolfor name: HD 192699
26/09/11 16:49:31 WARN com.cse.exodex.datasets.StellarLibrary: probably not enough data lolwith HD ID: 195019
26/09/11 16:49:31 WARN com.cse.exodex.datasets.StellarLibrary: probably not enough data lolwith hipparcos ID: 100970
26/09/11 16:49:31 WARN com.cse.exodex.datasets.StellarLibrary: probably not enough data lolwith HD ID: 195019
26/09/11 16:49:31 WARN com.cse.exodex.datasets.catalogs.NasaExoplanetCatalog: probably not enough data lolfor name: HD 195019
26/09/11 16:49:31 WARN com.cse.exodex.datasets.StellarLibrary: probably not enough data lolwith HD ID: 196050
26/09/11 16:49:31 WARN com.cse.exodex.datasets.StellarLibrary: probably not enough data lolwith hipparcos ID: 101806
26/09/11 16:49:31 WARN com.cse.exodex.datasets.StellarLibrary: probably not enough data lolwith HD ID: 196050
26/09/11 16:49:31 WARN com.cse.exodex.datasets.catalogs.NasaExoplanetCatalog: probably not enough data lolfor name: HD 196050
26/09/11 16:49:31 WARN com.cse.exodex.datasets.StellarLibrary: probably not enough data lolwith HD ID: 196067
26/09/11 16:49:31 WARN com.cse.exodex.datasets.StellarLibrary: probably not enough data lolwith hipparcos ID: 102125
26/09/11 16:49:31 WARN com.cse.exodex.datasets.StellarLibrary: probably not enough data lolwith HD ID: 196067
26/09/11 16:49:31 WARN com.cse.exodex.datasets.catalogs.NasaExoplanetCatalog: probably not enough data lolfor name: HD 196067
26/09/11 16:49:31 WARN com.cse.exodex.datasets.StellarLibrary: probably not enough data lolwith HD ID: 196885
26/09/11 16:49:31 WARN com.cse.exodex.datasets.StellarLibrary: probably not enough data lolwith hipparcos ID: 101966
26/09/11 16:49:31 WARN com.cse.exodex.datasets.StellarLibrary: probably not enough data lolwith BF id: BayerFlamsteed{flamsteedDesignation=null, bayerDesignation='null', number=196885, constellation=null, prettyName='196885'}
26/09/11 16:49:31 WARN com.cse.exodex.datasets.catalogs.NasaExoplanetCatalog: probably not enough data lolfor name: HD 196885
26/09/11 16:49:31 WARN com.cse.exodex.datasets.StellarLibrary: probably not enough data lolwith HD ID: 197037
26/09/11 16:49:31 WARN com.cse.exodex.datasets.StellarLibrary: probably not enough data lolwith hipparcos ID: 101948
26/09/11 16:49:31 WARN com.cse.exodex.datasets.StellarLibrary: probably not enough data lolwith BF id: BayerFlamsteed{flamsteedDesignation=null, bayerDesignation='null', number=197037, constellation=null, prettyName='197037'}
26/09/11 16:49:31 WARN com.cse.exodex.datasets.catalogs.NasaExoplanetCatalog: probably not enough data lolfor name: HD 197037
26/09/11 16:49:31 WARN com.cse.exodex.datasets.StellarLibrary: probably not enough data lolwith HD ID: 200964
26/09/11 16:49:31 WARN com.cse.exodex.datasets.StellarLibrary: probably not enough data lolwith hipparcos ID: 104202
26/09/11 16:49:31 WARN com.cse.exodex.datasets.StellarLibrary: probably not enough data lolwith HD ID: 200964
26/09/11 16:49:31 WARN com.cse.exodex.datasets.catalogs.NasaExoplanetCatalog: probably not enough data lolfor name: HD 200964
26/09/11 16:49:31 WARN com.cse.exodex.datasets.StellarLibrary: probably not enough data lolwith HD ID: 200964
26/09/11 16:49:31 WARN com.cse.exodex.datasets.StellarLibrary: probably not enough data lolwith hipparcos ID: 104202
26/09/11 16:49:31 WARN com.cse.exodex.datasets.StellarLibrary: probably not enough data lolwith HD ID: 200964
26/09/11 16:49:31 WARN com.cse.exodex.datasets.catalogs.NasaExoplanetCatalog: probably not enough data lolfor name: HD 200964
26/09/11 16:49:31 WARN com.cse.exodex.datasets.StellarLibrary: probably not enough data lolwith HD ID: 202206
26/09/11 16:49:31 WARN com.cse.exodex.datasets.StellarLibrary: probably not enough data lolwith hipparcos ID: 104903
26/09/11 16:49:31 WARN com.cse.exodex.datasets.StellarLibrary: probably not enough data lolwith HD ID: 202206
26/09/11 16:49:31 WARN com.cse.exodex.datasets.catalogs.NasaExoplanetCatalog: probably not enough data lolfor name: HD 202206
26/09/11 16:49:31 WARN com.cse.exodex.datasets.StellarLibrary: probably not enough data lolwith HD ID: 202206
26/09/11 16:49:31 WARN com.cse.exodex.datasets.StellarLibrary: probably not enough data lolwith hipparcos ID: 104903
26/09/11 16:49:31 WARN com.cse.exodex.datasets.StellarLibrary: probably not enough data lolwith HD ID: 202206
26/09/11 16:49:31 WARN com.cse.exodex.datasets.catalogs.NasaExoplanetCatalog: probably not enough data lolfor name: HD 202206
26/09/11 16:49:31 WARN com.cse.exodex.datasets.StellarLibrary: probably not enough data lolwith HD ID: 203030
26/09/11 16:49:31 WARN com.cse.exodex.datasets.StellarLibrary: probably not enough data lolwith hipparcos ID: 105232
26/09/11 16:49:31 WARN com.cse.exodex.datasets.StellarLibrary: probably not enough data lolwith HD ID: 203030
26/09/11 16:49:31 WARN com.cse.exodex.datasets.catalogs.NasaExoplanetCatalog: probably not enough data lolfor name: HD 203030
26/09/11 16:49:31 WARN com.cse.exodex.datasets.StellarLibrary: probably not enough data lolwith HD ID: 2039
26/09/11 16:49:31 WARN com.cse.exodex.datasets.StellarLibrary: probably not enough data lolwith hipparcos ID: 1931
26/09/11 16:49:31 WARN com.cse.exodex.datasets.StellarLibrary: probably not enough data lolwith HD ID: 2039
26/09/11 16:49:31 WARN com.cse.exodex.datasets.catalogs.NasaExoplanetCatalog: probably not enough data lolfor name: HD 2039
26/09/11 16:49:31 WARN com.cse.exodex.datasets.StellarLibrary: probably not enough data lolwith HD ID: 204313
26/09/11 16:49:31 WARN com.cse.exodex.datasets.StellarLibrary: probably not enough data lolwith hipparcos ID: 106006
26/09/11 16:49:31 WARN com.cse.exodex.datasets.StellarLibrary: probably not enough data lolwith HD ID: 204313
26/09/11 16:49:31 WARN com.cse.exodex.datasets.catalogs.NasaExoplanetCatalog: probably not enough data lolfor name: HD 204313
26/09/11 16:49:31 WARN com.cse.exodex.datasets.StellarLibrary: probably not enough data lolwith HD ID: 204313
26/09/11 16:49:31 WARN com.cse.exodex.datasets.StellarLibrary: probably not enough data lolwith hipparcos ID: 106006
26/09/11 16:49:31 WARN com.cse.exodex.datasets.StellarLibrary: probably not enough data lolwith HD ID: 204313
26/09/11 16:49:31 WARN com.cse.exodex.datasets.catalogs.NasaExoplanetCatalog: probably not enough data lolfor name: HD 204313
26/09/11 16:49:31 WARN com.cse.exodex.datasets.StellarLibrary: probably not enough data lolwith HD ID: 204941
26/09/11 16:49:31 WARN com.cse.exodex.datasets.StellarLibrary: probably not enough data lolwith hipparcos ID: 106353
26/09/11 16:49:31 WARN com.cse.exodex.datasets.StellarLibrary: probably not enough data lolwith HD ID: 204941
26/09/11 16:49:31 WARN com.cse.exodex.datasets.catalogs.NasaExoplanetCatalog: probably not enough data lolfor name: HD 204941
26/09/11 16:49:31 WARN com.cse.exodex.datasets.StellarLibrary: probably not enough data lolwith HD ID: 205739
26/09/11 16:49:31 WARN com.cse.exodex.datasets.StellarLibrary: probably not enough data lolwith hipparcos ID: 106824
26/09/11 16:49:31 WARN com.cse.exodex.datasets.StellarLibrary: probably not enough data lolwith HD ID: 205739
26/09/11 16:49:31 WARN com.cse.exodex.datasets.catalogs.NasaExoplanetCatalog: probably not enough data lolfor name: HD 205739
26/09/11 16:49:31 WARN com.cse.exodex.datasets.StellarLibrary: probably not enough data lolwith HD ID: 206610
26/09/11 16:49:31 WARN com.cse.exodex.datasets.StellarLibrary: probably not enough data lolwith hipparcos ID: 107251
26/09/11 16:49:31 WARN com.cse.exodex.datasets.StellarLibrary: probably not enough data lolwith HD ID: 206610
26/09/11 16:49:31 WARN com.cse.exodex.datasets.catalogs.NasaExoplanetCatalog: probably not enough data lolfor name: HD 206610
26/09/11 16:49:31 WARN com.cse.exodex.datasets.StellarLibrary: probably not enough data lolwith HD ID: 20782
26/09/11 16:49:31 WARN com.cse.exodex.datasets.StellarLibrary: probably not enough data lolwith hipparcos ID: 15527
26/09/11 16:49:31 WARN com.cse.exodex.datasets.StellarLibrary: probably not enough data lolwith HD ID: 20782
26/09/11 16:49:31 WARN com.cse.exodex.datasets.catalogs.NasaExoplanetCatalog: probably not enough data lolfor name: HD 20782
26/09/11 16:49:31 WARN com.cse.exodex.datasets.StellarLibrary: probably not enough data lolwith HD ID: 207832
26/09/11 16:49:31 WARN com.cse.exodex.datasets.StellarLibrary: probably not enough data lolwith hipparcos ID: 107985
26/09/11 16:49:31 WARN com.cse.exodex.datasets.StellarLibrary: probably not enough data lolwith HD ID: 207832
26/09/11 16:49:31 WARN com.cse.exodex.datasets.catalogs.NasaExoplanetCatalog: probably not enough data lolfor name: HD 207832
26/09/11 16:49:31 WARN com.cse.exodex.datasets.StellarLibrary: probably not enough data lolwith HD ID: 207832
26/09/11 16:49:31 WARN com.cse.exodex.datasets.StellarLibrary: probably not enough data lolwith hipparcos ID: 107985
26/09/11 16:49:31 WARN com.cse.exodex.datasets.StellarLibrary: probably not enough data lolwith HD ID: 207832
26/09/11 16:49:31 WARN com.cse.exodex.datasets.catalogs.NasaExoplanetCatalog: probably not enough data lolfor name: HD 207832
26/09/11 16:49:31 WARN com.cse.exodex.datasets.StellarLibrary: probably not enough data lolwith HD ID: 208487
26/09/11 16:49:31 WARN com.cse.exodex.datasets.StellarLibrary: probably not enough data lolwith hipparcos ID: 108375
26/09/11 16:49:31 WARN com.cse.exodex.datasets.StellarLibrary: probably not enough data lolwith HD ID: 208487
26/09/11 16:49:31 WARN com.cse.exodex.datasets.catalogs.NasaExoplanetCatalog: probably not enough data lolfor name: HD 208487
26/09/11 16:49:31 WARN com.cse.exodex.datasets.StellarLibrary: probably not enough data lolwith HD ID: 208527
26/09/11 16:49:31 WARN com.cse.exodex.datasets.StellarLibrary: probably not enough data lolwith HD ID: 20868
26/09/11 16:49:31 WARN com.cse.exodex.datasets.StellarLibrary: probably not enough data lolwith hipparcos ID: 15578
26/09/11 16:49:31 WARN com.cse.exodex.datasets.StellarLibrary: probably not enough data lolwith HD ID: 20868
26/09/11 16:49:31 WARN com.cse.exodex.datasets.catalogs.NasaExoplanetCatalog: probably not enough data lolfor name: HD 20868
26/09/11 16:49:31 WARN com.cse.exodex.datasets.StellarLibrary: probably not enough data lolwith HD ID: 209458
26/09/11 16:49:31 WARN com.cse.exodex.datasets.StellarLibrary: probably not enough data lolwith hipparcos ID: 108859
26/09/11 16:49:31 WARN com.cse.exodex.datasets.StellarLibrary: probably not enough data lolwith HD ID: 209458
26/09/11 16:49:31 WARN com.cse.exodex.datasets.catalogs.NasaExoplanetCatalog: probably not enough data lolfor name: HD 209458
26/09/11 16:49:31 WARN com.cse.exodex.datasets.StellarLibrary: probably not enough data lolwith HD ID: 210702
26/09/11 16:49:31 WARN com.cse.exodex.datasets.StellarLibrary: probably not enough data lolwith hipparcos ID: 109577
26/09/11 16:49:31 WARN com.cse.exodex.datasets.StellarLibrary: probably not enough data lolwith HD ID: 210702
26/09/11 16:49:31 WARN com.cse.exodex.datasets.catalogs.NasaExoplanetCatalog: probably not enough data lolfor name: HD 210702
26/09/11 16:49:31 WARN com.cse.exodex.datasets.StellarLibrary: probably not enough data lolwith HD ID: 212301
26/09/11 16:49:31 WARN com.cse.exodex.datasets.StellarLibrary: probably not enough data lolwith hipparcos ID: 110852
26/09/11 16:49:31 WARN com.cse.exodex.datasets.StellarLibrary: probably not enough data lolwith HD ID: 212301
26/09/11 16:49:31 WARN com.cse.exodex.datasets.catalogs.NasaExoplanetCatalog: probably not enough data lolfor name: HD 212301
26/09/11 16:49:31 WARN com.cse.exodex.datasets.StellarLibrary: probably not enough data lolwith HD ID: 212771
26/09/11 16:49:31 WARN com.cse.exodex.datasets.StellarLibrary: probably not enough data lolwith hipparcos ID: 110813
26/09/11 16:49:31 WARN com.cse.exodex.datasets.StellarLibrary: probably not enough data lolwith HD ID: 212771
26/09/11 16:49:31 WARN com.cse.exodex.datasets.catalogs.NasaExoplanetCatalog: probably not enough data lolfor name: HD 212771
26/09/11 16:49:31 WARN com.cse.exodex.datasets.StellarLibrary: probably not enough data lolwith HD ID: 213240
26/09/11 16:49:31 WARN com.cse.exodex.datasets.StellarLibrary: probably not enough data lolwith hipparcos ID: 111143
26/09/11 16:49:31 WARN com.cse.exodex.datasets.StellarLibrary: probably not enough data lolwith HD ID: 213240
26/09/11 16:49:31 WARN com.cse.exodex.datasets.catalogs.NasaExoplanetCatalog: probably not enough data lolfor name: HD 213240
26/09/11 16:49:31 WARN com.cse.exodex.datasets.StellarLibrary: probably not enough data lolwith HD ID: 214823
26/09/11 16:49:31 WARN com.cse.exodex.datasets.StellarLibrary: probably not enough data lolwith hipparcos ID: 111928
26/09/11 16:49:31 WARN com.cse.exodex.datasets.StellarLibrary: probably not enough data lolwith HD ID: 214823
26/09/11 16:49:31 WARN com.cse.exodex.datasets.catalogs.NasaExoplanetCatalog: probably not enough data lolfor name: HD 214823
26/09/11 16:49:31 WARN com.cse.exodex.datasets.StellarLibrary: probably not enough data lolwith HD ID: 215497
26/09/11 16:49:31 WARN com.cse.exodex.datasets.StellarLibrary: probably not enough data lolwith hipparcos ID: 112441
26/09/11 16:49:31 WARN com.cse.exodex.datasets.StellarLibrary: probably not enough data lolwith HD ID: 215497
26/09/11 16:49:31 WARN com.cse.exodex.datasets.catalogs.NasaExoplanetCatalog: probably not enough data lolfor name: HD 215497
26/09/11 16:49:31 WARN com.cse.exodex.datasets.StellarLibrary: probably not enough data lolwith HD ID: 215497
26/09/11 16:49:31 WARN com.cse.exodex.datasets.StellarLibrary: probably not enough data lolwith hipparcos ID: 112441
26/09/11 16:49:31 WARN com.cse.exodex.datasets.StellarLibrary: probably not enough data lolwith HD ID: 215497
26/09/11 16:49:31 WARN com.cse.exodex.datasets.catalogs.NasaExoplanetCatalog: probably not enough data lolfor name: HD 215497
26/09/11 16:49:31 WARN com.cse.exodex.datasets.StellarLibrary: probably not enough data lolwith HD ID: 216435
26/09/11 16:49:31 WARN com.cse.exodex.datasets.StellarLibrary: probably not enough data lolwith hipparcos ID: 113044
26/09/11 16:49:31 WARN com.cse.exodex.datasets.StellarLibrary: probably not enough data lolwith HD ID: 216435
26/09/11 16:49:31 WARN com.cse.exodex.datasets.catalogs.NasaExoplanetCatalog: probably not enough data lolfor name: HD 216435
26/09/11 16:49:31 WARN com.cse.exodex.datasets.StellarLibrary: probably not enough data lolwith HD ID: 216437
26/09/11 16:49:31 WARN com.cse.exodex.datasets.StellarLibrary: probably not enough data lolwith hipparcos ID: 113137
26/09/11 16:49:31 WARN com.cse.exodex.datasets.StellarLibrary: probably not enough data lolwith HD ID: 216437
26/09/11 16:49:31 WARN com.cse.exodex.datasets.catalogs.NasaExoplanetCatalog: probably not enough data lolfor name: HD 216437
26/09/11 16:49:31 WARN com.cse.exodex.datasets.StellarLibrary: probably not enough data lolwith HD ID: 216536
26/09/11 16:49:31 WARN com.cse.exodex.datasets.StellarLibrary: probably not enough data lolwith HD ID: 216536
26/09/11 16:49:31 WARN com.cse.exodex.datasets.catalogs.NasaExoplanetCatalog: probably not enough data lolfor name: HD 216536
26/09/11 16:49:31 WARN com.cse.exodex.datasets.StellarLibrary: probably not enough data lolwith HD ID: 216770
26/09/11 16:49:31 WARN com.cse.exodex.datasets.StellarLibrary: probably not enough data lolwith hipparcos ID: 113238
26/09/11 16:49:31 WARN com.cse.exodex.datasets.StellarLibrary: probably not enough data lolwith HD ID: 216770
26/09/11 16:49:31 WARN com.cse.exodex.datasets.catalogs.NasaExoplanetCatalog: probably not enough data lolfor name: HD 216770
26/09/11 16:49:31 WARN com.cse.exodex.datasets.StellarLibrary: probably not enough data lolwith HD ID: 217786
26/09/11 16:49:31 WARN com.cse.exodex.datasets.StellarLibrary: probably not enough data lolwith hipparcos ID: 113834
26/09/11 16:49:31 WARN com.cse.exodex.datasets.StellarLibrary: probably not enough data lolwith BF id: BayerFlamsteed{flamsteedDesignation=null, bayerDesignation='null', number=217786, constellation=null, prettyName='217786'}
26/09/11 16:49:31 WARN com.cse.exodex.datasets.catalogs.NasaExoplanetCatalog: probably not enough data lolfor name: HD 217786
26/09/11 16:49:31 WARN com.cse.exodex.datasets.StellarLibrary: probably not enough data lolwith HD ID: 218566
26/09/11 16:49:31 WARN com.cse.exodex.datasets.StellarLibrary: probably not enough data lolwith hipparcos ID: 114322
26/09/11 16:49:31 WARN com.cse.exodex.datasets.StellarLibrary: probably not enough data lolwith HD ID: 218566
26/09/11 16:49:31 WARN com.cse.exodex.datasets.catalogs.NasaExoplanetCatalog: probably not enough data lolfor name: HD 218566
26/09/11 16:49:31 WARN com.cse.exodex.datasets.StellarLibrary: probably not enough data lolwith HD ID: 219077
26/09/11 16:49:31 WARN com.cse.exodex.datasets.StellarLibrary: probably not enough data lolwith hipparcos ID: 114699
26/09/11 16:49:31 WARN com.cse.exodex.datasets.StellarLibrary: probably not enough data lolwith HD ID: 219077
26/09/11 16:49:31 WARN com.cse.exodex.datasets.catalogs.NasaExoplanetCatalog: probably not enough data lolfor name: HD 219077
26/09/11 16:49:31 WARN com.cse.exodex.datasets.StellarLibrary: probably not enough data lolwith HD ID: 219415
26/09/11 16:49:31 WARN com.cse.exodex.datasets.StellarLibrary: probably not enough data lolwith HD ID: 219415
26/09/11 16:49:31 WARN com.cse.exodex.datasets.catalogs.NasaExoplanetCatalog: probably not enough data lolfor name: HD 219415
26/09/11 16:49:31 WARN com.cse.exodex.datasets.StellarLibrary: probably not enough data lolwith HD ID: 219828
26/09/11 16:49:31 WARN com.cse.exodex.datasets.StellarLibrary: probably not enough data lolwith hipparcos ID: 115100
26/09/11 16:49:31 WARN com.cse.exodex.datasets.StellarLibrary: probably not enough data lolwith HD ID: 219828
26/09/11 16:49:31 WARN com.cse.exodex.datasets.catalogs.NasaExoplanetCatalog: probably not enough data lolfor name: HD 219828
26/09/11 16:49:31 WARN com.cse.exodex.datasets.StellarLibrary: probably not enough data lolwith HD ID: 219828
26/09/11 16:49:31 WARN com.cse.exodex.datasets.StellarLibrary: probably not enough data lolwith hipparcos ID: 115100
26/09/11 16:49:31 WARN com.cse.exodex.datasets.StellarLibrary: probably not enough data lolwith HD ID: 219828
26/09/11 16:49:31 WARN com.cse.exodex.datasets.catalogs.NasaExoplanetCatalog: probably not enough data lolfor name: HD 219828
26/09/11 16:49:31 WARN com.cse.exodex.datasets.StellarLibrary: probably not enough data lolwith HD ID: 220074
26/09/11 16:49:31 WARN com.cse.exodex.datasets.StellarLibrary: probably not enough data lolwith HD ID: 220689
26/09/11 16:49:31 WARN com.cse.exodex.datasets.StellarLibrary: probably not enough data lolwith hipparcos ID: 115662
26/09/11 16:49:31 WARN com.cse.exodex.datasets.StellarLibrary: probably not enough data lolwith HD ID: 220689
26/09/11 16:49:31 WARN com.cse.exodex.datasets.catalogs.NasaExoplanetCatalog: probably not enough data lolfor name: HD 220689
26/09/11 16:49:31 WARN com.cse.exodex.datasets.StellarLibrary: probably not enough data lolwith HD ID: 220773
26/09/11 16:49:31 WARN com.cse.exodex.datasets.StellarLibrary: probably not enough data lolwith hipparcos ID: 115697
26/09/11 16:49:31 WARN com.cse.exodex.datasets.StellarLibrary: probably not enough data lolwith HD ID: 220773
26/09/11 16:49:31 WARN com.cse.exodex.datasets.catalogs.NasaExoplanetCatalog: probably not enough data lolfor name: HD 220773
26/09/11 16:49:31 WARN com.cse.exodex.datasets.StellarLibrary: probably not enough data lolwith HD ID: 220842
26/09/11 16:49:31 WARN com.cse.exodex.datasets.StellarLibrary: probably not enough data lolwith hipparcos ID: 115714
26/09/11 16:49:31 WARN com.cse.exodex.datasets.StellarLibrary: probably not enough data lolwith HD ID: 220842
26/09/11 16:49:31 WARN com.cse.exodex.datasets.catalogs.NasaExoplanetCatalog: probably not enough data lolfor name: HD 220842
26/09/11 16:49:31 WARN com.cse.exodex.datasets.StellarLibrary: probably not enough data lolwith HD ID: 221287
26/09/11 16:49:31 WARN com.cse.exodex.datasets.StellarLibrary: probably not enough data lolwith hipparcos ID: 116084
26/09/11 16:49:31 WARN com.cse.exodex.datasets.StellarLibrary: probably not enough data lolwith HD ID: 221287
26/09/11 16:49:31 WARN com.cse.exodex.datasets.catalogs.NasaExoplanetCatalog: probably not enough data lolfor name: HD 221287
26/09/11 16:49:31 WARN com.cse.exodex.datasets.StellarLibrary: probably not enough data lolwith HD ID: 221585
26/09/11 16:49:31 WARN com.cse.exodex.datasets.StellarLibrary: probably not enough data lolwith hipparcos ID: 116221
26/09/11 16:49:31 WARN com.cse.exodex.datasets.StellarLibrary: probably not enough data lolwith HD ID: 221585
26/09/11 16:49:31 WARN com.cse.exodex.datasets.catalogs.NasaExoplanetCatalog: probably not enough data lolfor name: HD 221585
26/09/11 16:49:31 WARN com.cse.exodex.datasets.StellarLibrary: probably not enough data lolwith HD ID: 222155
26/09/11 16:49:31 WARN com.cse.exodex.datasets.StellarLibrary: probably not enough data lolwith hipparcos ID: 116616
26/09/11 16:49:31 WARN com.cse.exodex.datasets.StellarLibrary: probably not enough data lolwith HD ID: 222155
26/09/11 16:49:31 WARN com.cse.exodex.datasets.catalogs.NasaExoplanetCatalog: probably not enough data lolfor name: HD 222155
26/09/11 16:49:31 WARN com.cse.exodex.datasets.StellarLibrary: probably not enough data lolwith HD ID: 222582
26/09/11 16:49:31 WARN com.cse.exodex.datasets.StellarLibrary: probably not enough data lolwith hipparcos ID: 116906
26/09/11 16:49:31 WARN com.cse.exodex.datasets.StellarLibrary: probably not enough data lolwith HD ID: 222582
26/09/11 16:49:31 WARN com.cse.exodex.datasets.catalogs.NasaExoplanetCatalog: probably not enough data lolfor name: HD 222582
26/09/11 16:49:31 WARN com.cse.exodex.datasets.StellarLibrary: probably not enough data lolwith HD ID: 224693
26/09/11 16:49:31 WARN com.cse.exodex.datasets.StellarLibrary: probably not enough data lolwith hipparcos ID: 118319
26/09/11 16:49:31 WARN com.cse.exodex.datasets.StellarLibrary: probably not enough data lolwith HD ID: 224693
26/09/11 16:49:31 WARN com.cse.exodex.datasets.catalogs.NasaExoplanetCatalog: probably not enough data lolfor name: HD 224693
26/09/11 16:49:31 WARN com.cse.exodex.datasets.StellarLibrary: probably not enough data lolwith HD ID: 22781
26/09/11 16:49:31 WARN com.cse.exodex.datasets.StellarLibrary: probably not enough data lolwith hipparcos ID: 17187
26/09/11 16:49:31 WARN com.cse.exodex.datasets.StellarLibrary: probably not enough data lolwith HD ID: 22781
26/09/11 16:49:31 WARN com.cse.exodex.datasets.catalogs.NasaExoplanetCatalog: probably not enough data lolfor name: HD 22781
26/09/11 16:49:31 WARN com.cse.exodex.datasets.StellarLibrary: probably not enough data lolwith HD ID: 23079
26/09/11 16:49:31 WARN com.cse.exodex.datasets.StellarLibrary: probably not enough data lolwith hipparcos ID: 17096
26/09/11 16:49:31 WARN com.cse.exodex.datasets.StellarLibrary: probably not enough data lolwith HD ID: 23079
26/09/11 16:49:31 WARN com.cse.exodex.datasets.catalogs.NasaExoplanetCatalog: probably not enough data lolfor name: HD 23079
26/09/11 16:49:31 WARN com.cse.exodex.datasets.StellarLibrary: probably not enough data lolwith HD ID: 23127
26/09/11 16:49:31 WARN com.cse.exodex.datasets.StellarLibrary: probably not enough data lolwith hipparcos ID: 17054
26/09/11 16:49:31 WARN com.cse.exodex.datasets.StellarLibrary: probably not enough data lolwith HD ID: 23127
26/09/11 16:49:31 WARN com.cse.exodex.datasets.catalogs.NasaExoplanetCatalog: probably not enough data lolfor name: HD 23127
26/09/11 16:49:31 WARN com.cse.exodex.datasets.StellarLibrary: probably not enough data lolwith HD ID: 231701
26/09/11 16:49:31 WARN com.cse.exodex.datasets.StellarLibrary: probably not enough data lolwith hipparcos ID: 96078
26/09/11 16:49:31 WARN com.cse.exodex.datasets.StellarLibrary: probably not enough data lolwith HD ID: 231701
26/09/11 16:49:31 WARN com.cse.exodex.datasets.catalogs.NasaExoplanetCatalog: probably not enough data lolfor name: HD 231701
26/09/11 16:49:31 WARN com.cse.exodex.datasets.StellarLibrary: probably not enough data lolwith HD ID: 233604
26/09/11 16:49:31 WARN com.cse.exodex.datasets.StellarLibrary: probably not enough data lolwith HD ID: 233604
26/09/11 16:49:31 WARN com.cse.exodex.datasets.catalogs.NasaExoplanetCatalog: probably not enough data lolfor name: HD 233604
26/09/11 16:49:31 WARN com.cse.exodex.datasets.StellarLibrary: probably not enough data lolwith HD ID: 23596
26/09/11 16:49:31 WARN com.cse.exodex.datasets.StellarLibrary: probably not enough data lolwith hipparcos ID: 17747
26/09/11 16:49:31 WARN com.cse.exodex.datasets.StellarLibrary: probably not enough data lolwith HD ID: 23596
26/09/11 16:49:31 WARN com.cse.exodex.datasets.catalogs.NasaExoplanetCatalog: probably not enough data lolfor name: HD 23596
26/09/11 16:49:31 WARN com.cse.exodex.datasets.StellarLibrary: probably not enough data lolwith HD ID: 240210
26/09/11 16:49:31 WARN com.cse.exodex.datasets.StellarLibrary: probably not enough data lolwith HD ID: 240210
26/09/11 16:49:31 WARN com.cse.exodex.datasets.catalogs.NasaExoplanetCatalog: probably not enough data lolfor name: HD 240210
26/09/11 16:49:31 WARN com.cse.exodex.datasets.StellarLibrary: probably not enough data lolwith HD ID: 240237
26/09/11 16:49:31 WARN com.cse.exodex.datasets.StellarLibrary: probably not enough data lolwith HD ID: 24040
26/09/11 16:49:31 WARN com.cse.exodex.datasets.StellarLibrary: probably not enough data lolwith hipparcos ID: 17960
26/09/11 16:49:31 WARN com.cse.exodex.datasets.StellarLibrary: probably not enough data lolwith HD ID: 24040
26/09/11 16:49:31 WARN com.cse.exodex.datasets.catalogs.NasaExoplanetCatalog: probably not enough data lolfor name: HD 24040
26/09/11 16:49:31 WARN com.cse.exodex.datasets.StellarLibrary: probably not enough data lolwith HD ID: 24064
26/09/11 16:49:31 WARN com.cse.exodex.datasets.StellarLibrary: probably not enough data lolwith HD ID: 25171
26/09/11 16:49:31 WARN com.cse.exodex.datasets.StellarLibrary: probably not enough data lolwith hipparcos ID: 18387
26/09/11 16:49:31 WARN com.cse.exodex.datasets.StellarLibrary: probably not enough data lolwith HD ID: 25171
26/09/11 16:49:31 WARN com.cse.exodex.datasets.catalogs.NasaExoplanetCatalog: probably not enough data lolfor name: HD 25171
26/09/11 16:49:31 WARN com.cse.exodex.datasets.StellarLibrary: probably not enough data lolwith HD ID: 2638
26/09/11 16:49:31 WARN com.cse.exodex.datasets.StellarLibrary: probably not enough data lolwith hipparcos ID: 2350
26/09/11 16:49:31 WARN com.cse.exodex.datasets.StellarLibrary: probably not enough data lolwith BF id: BayerFlamsteed{flamsteedDesignation=null, bayerDesignation='null', number=2638, constellation=null, prettyName='2638'}
26/09/11 16:49:31 WARN com.cse.exodex.datasets.catalogs.NasaExoplanetCatalog: probably not enough data lolfor name: HD 2638
26/09/11 16:49:31 WARN com.cse.exodex.datasets.StellarLibrary: probably not enough data lolwith HD ID: 27631
26/09/11 16:49:31 WARN com.cse.exodex.datasets.StellarLibrary: probably not enough data lolwith hipparcos ID: 20199
26/09/11 16:49:31 WARN com.cse.exodex.datasets.StellarLibrary: probably not enough data lolwith HD ID: 27631
26/09/11 16:49:31 WARN com.cse.exodex.datasets.catalogs.NasaExoplanetCatalog: probably not enough data lolfor name: HD 27631
26/09/11 16:49:31 WARN com.cse.exodex.datasets.StellarLibrary: probably not enough data lolwith HD ID: 27894
26/09/11 16:49:31 WARN com.cse.exodex.datasets.StellarLibrary: probably not enough data lolwith hipparcos ID: 20277
26/09/11 16:49:31 WARN com.cse.exodex.datasets.StellarLibrary: probably not enough data lolwith HD ID: 27894
26/09/11 16:49:31 WARN com.cse.exodex.datasets.catalogs.NasaExoplanetCatalog: probably not enough data lolfor name: HD 27894
26/09/11 16:49:31 WARN com.cse.exodex.datasets.StellarLibrary: probably not enough data lolwith HD ID: 28185
26/09/11 16:49:31 WARN com.cse.exodex.datasets.StellarLibrary: probably not enough data lolwith hipparcos ID: 20723
26/09/11 16:49:31 WARN com.cse.exodex.datasets.StellarLibrary: probably not enough data lolwith HD ID: 28185
26/09/11 16:49:31 WARN com.cse.exodex.datasets.catalogs.NasaExoplanetCatalog: probably not enough data lolfor name: HD 28185
26/09/11 16:49:31 WARN com.cse.exodex.datasets.StellarLibrary: probably not enough data lolwith HD ID: 28254
26/09/11 16:49:31 WARN com.cse.exodex.datasets.StellarLibrary: probably not enough data lolwith hipparcos ID: 20606
26/09/11 16:49:31 WARN com.cse.exodex.datasets.StellarLibrary: probably not enough data lolwith HD ID: 28254
26/09/11 16:49:31 WARN com.cse.exodex.datasets.catalogs.NasaExoplanetCatalog: probably not enough data lolfor name: HD 28254
26/09/11 16:49:31 WARN com.cse.exodex.datasets.StellarLibrary: probably not enough data lolwith HD ID: 285507
26/09/11 16:49:31 WARN com.cse.exodex.datasets.StellarLibrary: probably not enough data lolwith hipparcos ID: 19207
26/09/11 16:49:31 WARN com.cse.exodex.datasets.StellarLibrary: probably not enough data lolwith HD ID: 285507
26/09/11 16:49:31 WARN com.cse.exodex.datasets.catalogs.NasaExoplanetCatalog: probably not enough data lolfor name: HD 285507
26/09/11 16:49:31 WARN com.cse.exodex.datasets.StellarLibrary: probably not enough data lolwith HD ID: 28678
26/09/11 16:49:31 WARN com.cse.exodex.datasets.StellarLibrary: probably not enough data lolwith hipparcos ID: 21109
26/09/11 16:49:31 WARN com.cse.exodex.datasets.StellarLibrary: probably not enough data lolwith HD ID: 28678
26/09/11 16:49:31 WARN com.cse.exodex.datasets.catalogs.NasaExoplanetCatalog: probably not enough data lolfor name: HD 28678
26/09/11 16:49:31 WARN com.cse.exodex.datasets.StellarLibrary: probably not enough data lolwith HD ID: 290327
26/09/11 16:49:31 WARN com.cse.exodex.datasets.StellarLibrary: probably not enough data lolwith hipparcos ID: 25191
26/09/11 16:49:31 WARN com.cse.exodex.datasets.StellarLibrary: probably not enough data lolwith HD ID: 290327
26/09/11 16:49:31 WARN com.cse.exodex.datasets.catalogs.NasaExoplanetCatalog: probably not enough data lolfor name: HD 290327
26/09/11 16:49:31 WARN com.cse.exodex.datasets.StellarLibrary: probably not enough data lolwith HD ID: 2952
26/09/11 16:49:31 WARN com.cse.exodex.datasets.StellarLibrary: probably not enough data lolwith hipparcos ID: 2611
26/09/11 16:49:31 WARN com.cse.exodex.datasets.StellarLibrary: probably not enough data lolwith HD ID: 2952
26/09/11 16:49:31 WARN com.cse.exodex.datasets.catalogs.NasaExoplanetCatalog: probably not enough data lolfor name: HD 2952
26/09/11 16:49:31 WARN com.cse.exodex.datasets.StellarLibrary: probably not enough data lolwith HD ID: 30177
26/09/11 16:49:31 WARN com.cse.exodex.datasets.StellarLibrary: probably not enough data lolwith hipparcos ID: 21850
26/09/11 16:49:31 WARN com.cse.exodex.datasets.StellarLibrary: probably not enough data lolwith HD ID: 30177
26/09/11 16:49:31 WARN com.cse.exodex.datasets.catalogs.NasaExoplanetCatalog: probably not enough data lolfor name: HD 30177
26/09/11 16:49:31 WARN com.cse.exodex.datasets.StellarLibrary: probably not enough data lolwith HD ID: 30562
26/09/11 16:49:31 WARN com.cse.exodex.datasets.StellarLibrary: probably not enough data lolwith hipparcos ID: 22336
26/09/11 16:49:31 WARN com.cse.exodex.datasets.StellarLibrary: probably not enough data lolwith HD ID: 30562
26/09/11 16:49:31 WARN com.cse.exodex.datasets.catalogs.NasaExoplanetCatalog: probably not enough data lolfor name: HD 30562
26/09/11 16:49:31 WARN com.cse.exodex.datasets.StellarLibrary: probably not enough data lolwith HD ID: 30669
26/09/11 16:49:31 WARN com.cse.exodex.datasets.StellarLibrary: probably not enough data lolwith hipparcos ID: 22320
26/09/11 16:49:31 WARN com.cse.exodex.datasets.StellarLibrary: probably not enough data lolwith HD ID: 30669
26/09/11 16:49:31 WARN com.cse.exodex.datasets.catalogs.NasaExoplanetCatalog: probably not enough data lolfor name: HD 30669
26/09/11 16:49:31 WARN com.cse.exodex.datasets.StellarLibrary: probably not enough data lolwith HD ID: 30856
26/09/11 16:49:31 WARN com.cse.exodex.datasets.StellarLibrary: probably not enough data lolwith hipparcos ID: 22491
26/09/11 16:49:31 WARN com.cse.exodex.datasets.StellarLibrary: probably not enough data lolwith HD ID: 30856
26/09/11 16:49:31 WARN com.cse.exodex.datasets.catalogs.NasaExoplanetCatalog: probably not enough data lolfor name: HD 30856
26/09/11 16:49:31 WARN com.cse.exodex.datasets.StellarLibrary: probably not enough data lolwith HD ID: 31253
26/09/11 16:49:31 WARN com.cse.exodex.datasets.StellarLibrary: probably not enough data lolwith hipparcos ID: 22826
26/09/11 16:49:31 WARN com.cse.exodex.datasets.StellarLibrary: probably not enough data lolwith HD ID: 31253
26/09/11 16:49:31 WARN com.cse.exodex.datasets.catalogs.NasaExoplanetCatalog: probably not enough data lolfor name: HD 31253
26/09/11 16:49:31 WARN com.cse.exodex.datasets.StellarLibrary: probably not enough data lolwith HD ID: 3167
26/09/11 16:49:31 WARN com.cse.exodex.datasets.StellarLibrary: probably not enough data lolwith hipparcos ID: 2736
26/09/11 16:49:31 WARN com.cse.exodex.datasets.StellarLibrary: probably not enough data lolwith HD ID: 3167
26/09/11 16:49:31 WARN com.cse.exodex.datasets.catalogs.NasaExoplanetCatalog: probably not enough data lolfor name: HD 3167
26/09/11 16:49:31 WARN com.cse.exodex.datasets.StellarLibrary: probably not enough data lolwith HD ID: 3167
26/09/11 16:49:31 WARN com.cse.exodex.datasets.StellarLibrary: probably not enough data lolwith hipparcos ID: 2736
26/09/11 16:49:31 WARN com.cse.exodex.datasets.StellarLibrary: probably not enough data lolwith HD ID: 3167
26/09/11 16:49:31 WARN com.cse.exodex.datasets.catalogs.NasaExoplanetCatalog: probably not enough data lolfor name: HD 3167
26/09/11 16:49:31 WARN com.cse.exodex.datasets.StellarLibrary: probably not enough data lolwith HD ID: 32518
26/09/11 16:49:31 WARN com.cse.exodex.datasets.StellarLibrary: probably not enough data lolwith hipparcos ID: 24003
26/09/11 16:49:31 WARN com.cse.exodex.datasets.StellarLibrary: probably not enough data lolwith HD ID: 32518
26/09/11 16:49:31 WARN com.cse.exodex.datasets.catalogs.NasaExoplanetCatalog: probably not enough data lolfor name: HD 32518
26/09/11 16:49:31 WARN com.cse.exodex.datasets.StellarLibrary: probably not enough data lolwith HD ID: 32963
26/09/11 16:49:31 WARN com.cse.exodex.datasets.StellarLibrary: probably not enough data lolwith hipparcos ID: 23884
26/09/11 16:49:31 WARN com.cse.exodex.datasets.StellarLibrary: probably not enough data lolwith HD ID: 32963
26/09/11 16:49:31 WARN com.cse.exodex.datasets.catalogs.NasaExoplanetCatalog: probably not enough data lolfor name: HD 32963
26/09/11 16:49:31 WARN com.cse.exodex.datasets.StellarLibrary: probably not enough data lolwith HD ID: 330075
26/09/11 16:49:31 WARN com.cse.exodex.datasets.StellarLibrary: probably not enough data lolwith hipparcos ID: 77517
26/09/11 16:49:31 WARN com.cse.exodex.datasets.StellarLibrary: probably not enough data lolwith HD ID: 330075
26/09/11 16:49:31 WARN com.cse.exodex.datasets.catalogs.NasaExoplanetCatalog: probably not enough data lolfor name: HD 330075
26/09/11 16:49:31 WARN com.cse.exodex.datasets.StellarLibrary: probably not enough data lolwith HD ID: 33142
26/09/11 16:49:31 WARN com.cse.exodex.datasets.StellarLibrary: probably not enough data lolwith hipparcos ID: 23844
26/09/11 16:49:31 WARN com.cse.exodex.datasets.StellarLibrary: probably not enough data lolwith HD ID: 33142
26/09/11 16:49:31 WARN com.cse.exodex.datasets.catalogs.NasaExoplanetCatalog: probably not enough data lolfor name: HD 33142
26/09/11 16:49:31 WARN com.cse.exodex.datasets.StellarLibrary: probably not enough data lolwith HD ID: 33283
26/09/11 16:49:31 WARN com.cse.exodex.datasets.StellarLibrary: probably not enough data lolwith hipparcos ID: 23889
26/09/11 16:49:31 WARN com.cse.exodex.datasets.StellarLibrary: probably not enough data lolwith HD ID: 33283
26/09/11 16:49:31 WARN com.cse.exodex.datasets.catalogs.NasaExoplanetCatalog: probably not enough data lolfor name: HD 33283
26/09/11 16:49:31 WARN com.cse.exodex.datasets.StellarLibrary: probably not enough data lolwith HD ID: 33844
26/09/11 16:49:31 WARN com.cse.exodex.datasets.StellarLibrary: probably not enough data lolwith hipparcos ID: 24275
26/09/11 16:49:31 WARN com.cse.exodex.datasets.StellarLibrary: probably not enough data lolwith HD ID: 33844
26/09/11 16:49:31 WARN com.cse.exodex.datasets.catalogs.NasaExoplanetCatalog: probably not enough data lolfor name: HD 33844
26/09/11 16:49:31 WARN com.cse.exodex.datasets.StellarLibrary: probably not enough data lolwith HD ID: 33844
26/09/11 16:49:31 WARN com.cse.exodex.datasets.StellarLibrary: probably not enough data lolwith hipparcos ID: 24275
26/09/11 16:49:31 WARN com.cse.exodex.datasets.StellarLibrary: probably not enough data lolwith HD ID: 33844
26/09/11 16:49:31 WARN com.cse.exodex.datasets.catalogs.NasaExoplanetCatalog: probably not enough data lolfor name: HD 33844
26/09/11 16:49:31 WARN com.cse.exodex.datasets.StellarLibrary: probably not enough data lolwith HD ID: 34445
26/09/11 16:49:31 WARN com.cse.exodex.datasets.StellarLibrary: probably not enough data lolwith hipparcos ID: 24681
26/09/11 16:49:31 WARN com.cse.exodex.datasets.StellarLibrary: probably not enough data lolwith HD ID: 34445
26/09/11 16:49:31 WARN com.cse.exodex.datasets.catalogs.NasaExoplanetCatalog: probably not enough data lolfor name: HD 34445
26/09/11 16:49:31 WARN com.cse.exodex.datasets.StellarLibrary: probably not enough data lolwith HD ID: 35759
26/09/11 16:49:31 WARN com.cse.exodex.datasets.StellarLibrary: probably not enough data lolwith hipparcos ID: 25883
26/09/11 16:49:31 WARN com.cse.exodex.datasets.StellarLibrary: probably not enough data lolwith HD ID: 35759
26/09/11 16:49:31 WARN com.cse.exodex.datasets.catalogs.NasaExoplanetCatalog: probably not enough data lolfor name: HD 35759
26/09/11 16:49:31 WARN com.cse.exodex.datasets.StellarLibrary: probably not enough data lolwith HD ID: 37124
26/09/11 16:49:31 WARN com.cse.exodex.datasets.StellarLibrary: probably not enough data lolwith hipparcos ID: 26381
26/09/11 16:49:31 WARN com.cse.exodex.datasets.StellarLibrary: probably not enough data lolwith HD ID: 37124
26/09/11 16:49:31 WARN com.cse.exodex.datasets.catalogs.NasaExoplanetCatalog: probably not enough data lolfor name: HD 37124
26/09/11 16:49:31 WARN com.cse.exodex.datasets.StellarLibrary: probably not enough data lolwith HD ID: 37124
26/09/11 16:49:31 WARN com.cse.exodex.datasets.StellarLibrary: probably not enough data lolwith hipparcos ID: 26381
26/09/11 16:49:31 WARN com.cse.exodex.datasets.StellarLibrary: probably not enough data lolwith HD ID: 37124
26/09/11 16:49:31 WARN com.cse.exodex.datasets.catalogs.NasaExoplanetCatalog: probably not enough data lolfor name: HD 37124
26/09/11 16:49:31 WARN com.cse.exodex.datasets.StellarLibrary: probably not enough data lolwith HD ID: 37124
26/09/11 16:49:31 WARN com.cse.exodex.datasets.StellarLibrary: probably not enough data lolwith hipparcos ID: 26381
26/09/11 16:49:31 WARN com.cse.exodex.datasets.StellarLibrary: probably not enough data lolwith HD ID: 37124
26/09/11 16:49:31 WARN com.cse.exodex.datasets.catalogs.NasaExoplanetCatalog: probably not enough data lolfor name: HD 37124
26/09/11 16:49:31 WARN com.cse.exodex.datasets.StellarLibrary: probably not enough data lolwith HD ID: 37605
26/09/11 16:49:31 WARN com.cse.exodex.datasets.StellarLibrary: probably not enough data lolwith hipparcos ID: 26664
26/09/11 16:49:31 WARN com.cse.exodex.datasets.StellarLibrary: probably not enough data lolwith HD ID: 37605
26/09/11 16:49:31 WARN com.cse.exodex.datasets.catalogs.NasaExoplanetCatalog: probably not enough data lolfor name: HD 37605
26/09/11 16:49:31 WARN com.cse.exodex.datasets.StellarLibrary: probably not enough data lolwith HD ID: 37605
26/09/11 16:49:31 WARN com.cse.exodex.datasets.StellarLibrary: probably not enough data lolwith hipparcos ID: 26664
26/09/11 16:49:31 WARN com.cse.exodex.datasets.StellarLibrary: probably not enough data lolwith HD ID: 37605
26/09/11 16:49:31 WARN com.cse.exodex.datasets.catalogs.NasaExoplanetCatalog: probably not enough data lolfor name: HD 37605
26/09/11 16:49:31 WARN com.cse.exodex.datasets.StellarLibrary: probably not enough data lolwith HD ID: 38283
26/09/11 16:49:31 WARN com.cse.exodex.datasets.StellarLibrary: probably not enough data lolwith hipparcos ID: 26380
26/09/11 16:49:31 WARN com.cse.exodex.datasets.StellarLibrary: probably not enough data lolwith HD ID: 38283
26/09/11 16:49:31 WARN com.cse.exodex.datasets.catalogs.NasaExoplanetCatalog: probably not enough data lolfor name: HD 38283
26/09/11 16:49:31 WARN com.cse.exodex.datasets.StellarLibrary: probably not enough data lolwith HD ID: 38529
26/09/11 16:49:31 WARN com.cse.exodex.datasets.StellarLibrary: probably not enough data lolwith hipparcos ID: 27253
26/09/11 16:49:31 WARN com.cse.exodex.datasets.StellarLibrary: probably not enough data lolwith HD ID: 38529
26/09/11 16:49:31 WARN com.cse.exodex.datasets.catalogs.NasaExoplanetCatalog: probably not enough data lolfor name: HD 38529
26/09/11 16:49:31 WARN com.cse.exodex.datasets.StellarLibrary: probably not enough data lolwith HD ID: 38529
26/09/11 16:49:31 WARN com.cse.exodex.datasets.StellarLibrary: probably not enough data lolwith hipparcos ID: 27253
26/09/11 16:49:31 WARN com.cse.exodex.datasets.StellarLibrary: probably not enough data lolwith HD ID: 38529
26/09/11 16:49:31 WARN com.cse.exodex.datasets.catalogs.NasaExoplanetCatalog: probably not enough data lolfor name: HD 38529
26/09/11 16:49:31 WARN com.cse.exodex.datasets.StellarLibrary: probably not enough data lolwith HD ID: 38801
26/09/11 16:49:31 WARN com.cse.exodex.datasets.StellarLibrary: probably not enough data lolwith hipparcos ID: 27384
26/09/11 16:49:31 WARN com.cse.exodex.datasets.StellarLibrary: probably not enough data lolwith HD ID: 38801
26/09/11 16:49:31 WARN com.cse.exodex.datasets.catalogs.NasaExoplanetCatalog: probably not enough data lolfor name: HD 38801
26/09/11 16:49:31 WARN com.cse.exodex.datasets.StellarLibrary: probably not enough data lolwith HD ID: 40979
26/09/11 16:49:31 WARN com.cse.exodex.datasets.StellarLibrary: probably not enough data lolwith hipparcos ID: 28767
26/09/11 16:49:31 WARN com.cse.exodex.datasets.StellarLibrary: probably not enough data lolwith HD ID: 40979
26/09/11 16:49:31 WARN com.cse.exodex.datasets.catalogs.NasaExoplanetCatalog: probably not enough data lolfor name: HD 40979
26/09/11 16:49:31 WARN com.cse.exodex.datasets.StellarLibrary: probably not enough data lolwith BF id: BayerFlamsteed{flamsteedDesignation=null, bayerDesignation='null', number=41004, constellation=null, prettyName='41004'}
26/09/11 16:49:31 WARN com.cse.exodex.datasets.StellarLibrary: probably not enough data lolwith BF id: BayerFlamsteed{flamsteedDesignation=null, bayerDesignation='null', number=28393, constellation=null, prettyName='28393'}
26/09/11 16:49:31 WARN com.cse.exodex.datasets.StellarLibrary: probably not enough data lolwith BF id: BayerFlamsteed{flamsteedDesignation=null, bayerDesignation='null', number=41004, constellation=null, prettyName='41004'}
26/09/11 16:49:31 WARN com.cse.exodex.datasets.catalogs.NasaExoplanetCatalog: probably not enough data lolfor name: HD 41004 A
26/09/11 16:49:31 WARN com.cse.exodex.datasets.StellarLibrary: probably not enough data lolwith BF id: BayerFlamsteed{flamsteedDesignation=null, bayerDesignation='null', number=41004, constellation=null, prettyName='41004'}
26/09/11 16:49:31 WARN com.cse.exodex.datasets.StellarLibrary: probably not enough data lolwith BF id: BayerFlamsteed{flamsteedDesignation=null, bayerDesignation='null', number=28393, constellation=null, prettyName='28393'}
26/09/11 16:49:31 WARN com.cse.exodex.datasets.StellarLibrary: probably not enough data lolwith BF id: BayerFlamsteed{flamsteedDesignation=null, bayerDesignation='null', number=41004, constellation=null, prettyName='41004'}
26/09/11 16:49:31 WARN com.cse.exodex.datasets.catalogs.NasaExoplanetCatalog: probably not enough data lolfor name: HD 41004 B
26/09/11 16:49:31 WARN com.cse.exodex.datasets.StellarLibrary: probably not enough data lolwith HD ID: 4113
26/09/11 16:49:31 WARN com.cse.exodex.datasets.StellarLibrary: probably not enough data lolwith hipparcos ID: 3391
26/09/11 16:49:31 WARN com.cse.exodex.datasets.StellarLibrary: probably not enough data lolwith HD ID: 4113
26/09/11 16:49:31 WARN com.cse.exodex.datasets.catalogs.NasaExoplanetCatalog: probably not enough data lolfor name: HD 4113
26/09/11 16:49:31 WARN com.cse.exodex.datasets.StellarLibrary: probably not enough data lolwith HD ID: 4203
26/09/11 16:49:31 WARN com.cse.exodex.datasets.StellarLibrary: probably not enough data lolwith hipparcos ID: 3502
26/09/11 16:49:31 WARN com.cse.exodex.datasets.StellarLibrary: probably not enough data lolwith HD ID: 4203
26/09/11 16:49:31 WARN com.cse.exodex.datasets.catalogs.NasaExoplanetCatalog: probably not enough data lolfor name: HD 4203
26/09/11 16:49:31 WARN com.cse.exodex.datasets.StellarLibrary: probably not enough data lolwith HD ID: 4203
26/09/11 16:49:31 WARN com.cse.exodex.datasets.StellarLibrary: probably not enough data lolwith hipparcos ID: 3502
26/09/11 16:49:31 WARN com.cse.exodex.datasets.StellarLibrary: probably not enough data lolwith HD ID: 4203
26/09/11 16:49:31 WARN com.cse.exodex.datasets.catalogs.NasaExoplanetCatalog: probably not enough data lolfor name: HD 4203
26/09/11 16:49:31 WARN com.cse.exodex.datasets.StellarLibrary: probably not enough data lolwith HD ID: 4208
26/09/11 16:49:31 WARN com.cse.exodex.datasets.StellarLibrary: probably not enough data lolwith hipparcos ID: 3479
26/09/11 16:49:31 WARN com.cse.exodex.datasets.StellarLibrary: probably not enough data lolwith HD ID: 4208
26/09/11 16:49:31 WARN com.cse.exodex.datasets.catalogs.NasaExoplanetCatalog: probably not enough data lolfor name: HD 4208
26/09/11 16:49:31 WARN com.cse.exodex.datasets.StellarLibrary: probably not enough data lolwith HD ID: 4313
26/09/11 16:49:31 WARN com.cse.exodex.datasets.StellarLibrary: probably not enough data lolwith hipparcos ID: 3574
26/09/11 16:49:31 WARN com.cse.exodex.datasets.StellarLibrary: probably not enough data lolwith HD ID: 4313
26/09/11 16:49:31 WARN com.cse.exodex.datasets.catalogs.NasaExoplanetCatalog: probably not enough data lolfor name: HD 4313
26/09/11 16:49:31 WARN com.cse.exodex.datasets.StellarLibrary: probably not enough data lolwith HD ID: 43197
26/09/11 16:49:31 WARN com.cse.exodex.datasets.StellarLibrary: probably not enough data lolwith hipparcos ID: 29550
26/09/11 16:49:31 WARN com.cse.exodex.datasets.StellarLibrary: probably not enough data lolwith HD ID: 43197
26/09/11 16:49:31 WARN com.cse.exodex.datasets.catalogs.NasaExoplanetCatalog: probably not enough data lolfor name: HD 43197
26/09/11 16:49:31 WARN com.cse.exodex.datasets.StellarLibrary: probably not enough data lolwith HD ID: 43691
26/09/11 16:49:31 WARN com.cse.exodex.datasets.StellarLibrary: probably not enough data lolwith hipparcos ID: 30057
26/09/11 16:49:31 WARN com.cse.exodex.datasets.StellarLibrary: probably not enough data lolwith HD ID: 43691
26/09/11 16:49:31 WARN com.cse.exodex.datasets.catalogs.NasaExoplanetCatalog: probably not enough data lolfor name: HD 43691
26/09/11 16:49:31 WARN com.cse.exodex.datasets.StellarLibrary: probably not enough data lolwith HD ID: 44219
26/09/11 16:49:31 WARN com.cse.exodex.datasets.StellarLibrary: probably not enough data lolwith hipparcos ID: 30114
26/09/11 16:49:31 WARN com.cse.exodex.datasets.StellarLibrary: probably not enough data lolwith HD ID: 44219
26/09/11 16:49:31 WARN com.cse.exodex.datasets.catalogs.NasaExoplanetCatalog: probably not enough data lolfor name: HD 44219
26/09/11 16:49:31 WARN com.cse.exodex.datasets.StellarLibrary: probably not enough data lolwith HD ID: 45350
26/09/11 16:49:31 WARN com.cse.exodex.datasets.StellarLibrary: probably not enough data lolwith hipparcos ID: 30860
26/09/11 16:49:31 WARN com.cse.exodex.datasets.StellarLibrary: probably not enough data lolwith HD ID: 45350
26/09/11 16:49:31 WARN com.cse.exodex.datasets.catalogs.NasaExoplanetCatalog: probably not enough data lolfor name: HD 45350
26/09/11 16:49:31 WARN com.cse.exodex.datasets.StellarLibrary: probably not enough data lolwith HD ID: 45364
26/09/11 16:49:31 WARN com.cse.exodex.datasets.StellarLibrary: probably not enough data lolwith hipparcos ID: 30579
26/09/11 16:49:31 WARN com.cse.exodex.datasets.StellarLibrary: probably not enough data lolwith HD ID: 45364
26/09/11 16:49:31 WARN com.cse.exodex.datasets.catalogs.NasaExoplanetCatalog: probably not enough data lolfor name: HD 45364
26/09/11 16:49:31 WARN com.cse.exodex.datasets.StellarLibrary: probably not enough data lolwith HD ID: 45364
26/09/11 16:49:31 WARN com.cse.exodex.datasets.StellarLibrary: probably not enough data lolwith hipparcos ID: 30579
26/09/11 16:49:31 WARN com.cse.exodex.datasets.StellarLibrary: probably not enough data lolwith HD ID: 45364
26/09/11 16:49:31 WARN com.cse.exodex.datasets.catalogs.NasaExoplanetCatalog: probably not enough data lolfor name: HD 45364
26/09/11 16:49:31 WARN com.cse.exodex.datasets.StellarLibrary: probably not enough data lolwith HD ID: 45652
26/09/11 16:49:31 WARN com.cse.exodex.datasets.StellarLibrary: probably not enough data lolwith hipparcos ID: 30905
26/09/11 16:49:31 WARN com.cse.exodex.datasets.StellarLibrary: probably not enough data lolwith HD ID: 45652
26/09/11 16:49:31 WARN com.cse.exodex.datasets.catalogs.NasaExoplanetCatalog: probably not enough data lolfor name: HD 45652
26/09/11 16:49:31 WARN com.cse.exodex.datasets.StellarLibrary: probably not enough data lolwith HD ID: 46375
26/09/11 16:49:31 WARN com.cse.exodex.datasets.StellarLibrary: probably not enough data lolwith hipparcos ID: 31246
26/09/11 16:49:31 WARN com.cse.exodex.datasets.StellarLibrary: probably not enough data lolwith HD ID: 46375
26/09/11 16:49:31 WARN com.cse.exodex.datasets.catalogs.NasaExoplanetCatalog: probably not enough data lolfor name: HD 46375
26/09/11 16:49:31 WARN com.cse.exodex.datasets.StellarLibrary: probably not enough data lolwith HD ID: 47186
26/09/11 16:49:31 WARN com.cse.exodex.datasets.StellarLibrary: probably not enough data lolwith hipparcos ID: 31540
26/09/11 16:49:31 WARN com.cse.exodex.datasets.StellarLibrary: probably not enough data lolwith HD ID: 47186
26/09/11 16:49:31 WARN com.cse.exodex.datasets.catalogs.NasaExoplanetCatalog: probably not enough data lolfor name: HD 47186
26/09/11 16:49:31 WARN com.cse.exodex.datasets.StellarLibrary: probably not enough data lolwith HD ID: 47186
26/09/11 16:49:31 WARN com.cse.exodex.datasets.StellarLibrary: probably not enough data lolwith hipparcos ID: 31540
26/09/11 16:49:31 WARN com.cse.exodex.datasets.StellarLibrary: probably not enough data lolwith HD ID: 47186
26/09/11 16:49:31 WARN com.cse.exodex.datasets.catalogs.NasaExoplanetCatalog: probably not enough data lolfor name: HD 47186
26/09/11 16:49:31 WARN com.cse.exodex.datasets.StellarLibrary: probably not enough data lolwith HD ID: 4732
26/09/11 16:49:31 WARN com.cse.exodex.datasets.StellarLibrary: probably not enough data lolwith hipparcos ID: 3834
26/09/11 16:49:31 WARN com.cse.exodex.datasets.StellarLibrary: probably not enough data lolwith HD ID: 4732
26/09/11 16:49:31 WARN com.cse.exodex.datasets.catalogs.NasaExoplanetCatalog: probably not enough data lolfor name: HD 4732
26/09/11 16:49:31 WARN com.cse.exodex.datasets.StellarLibrary: probably not enough data lolwith HD ID: 4732
26/09/11 16:49:31 WARN com.cse.exodex.datasets.StellarLibrary: probably not enough data lolwith hipparcos ID: 3834
26/09/11 16:49:31 WARN com.cse.exodex.datasets.StellarLibrary: probably not enough data lolwith HD ID: 4732
26/09/11 16:49:31 WARN com.cse.exodex.datasets.catalogs.NasaExoplanetCatalog: probably not enough data lolfor name: HD 4732
26/09/11 16:49:31 WARN com.cse.exodex.datasets.StellarLibrary: probably not enough data lolwith HD ID: 47536
26/09/11 16:49:31 WARN com.cse.exodex.datasets.StellarLibrary: probably not enough data lolwith hipparcos ID: 31688
26/09/11 16:49:31 WARN com.cse.exodex.datasets.StellarLibrary: probably not enough data lolwith HD ID: 47536
26/09/11 16:49:31 WARN com.cse.exodex.datasets.catalogs.NasaExoplanetCatalog: probably not enough data lolfor name: HD 47536
26/09/11 16:49:31 WARN com.cse.exodex.datasets.StellarLibrary: probably not enough data lolwith HD ID: 48265
26/09/11 16:49:31 WARN com.cse.exodex.datasets.StellarLibrary: probably not enough data lolwith hipparcos ID: 31895
26/09/11 16:49:31 WARN com.cse.exodex.datasets.StellarLibrary: probably not enough data lolwith HD ID: 48265
26/09/11 16:49:31 WARN com.cse.exodex.datasets.catalogs.NasaExoplanetCatalog: probably not enough data lolfor name: HD 48265
26/09/11 16:49:31 WARN com.cse.exodex.datasets.StellarLibrary: probably not enough data lolwith HD ID: 49674
26/09/11 16:49:31 WARN com.cse.exodex.datasets.StellarLibrary: probably not enough data lolwith hipparcos ID: 32916
26/09/11 16:49:31 WARN com.cse.exodex.datasets.StellarLibrary: probably not enough data lolwith HD ID: 49674
26/09/11 16:49:31 WARN com.cse.exodex.datasets.catalogs.NasaExoplanetCatalog: probably not enough data lolfor name: HD 49674
26/09/11 16:49:31 WARN com.cse.exodex.datasets.StellarLibrary: probably not enough data lolwith HD ID: 50499
26/09/11 16:49:31 WARN com.cse.exodex.datasets.StellarLibrary: probably not enough data lolwith hipparcos ID: 32970
26/09/11 16:49:31 WARN com.cse.exodex.datasets.StellarLibrary: probably not enough data lolwith HD ID: 50499
26/09/11 16:49:31 WARN com.cse.exodex.datasets.catalogs.NasaExoplanetCatalog: probably not enough data lolfor name: HD 50499
26/09/11 16:49:31 WARN com.cse.exodex.datasets.StellarLibrary: probably not enough data lolwith HD ID: 50554
26/09/11 16:49:31 WARN com.cse.exodex.datasets.StellarLibrary: probably not enough data lolwith hipparcos ID: 33212
26/09/11 16:49:31 WARN com.cse.exodex.datasets.StellarLibrary: probably not enough data lolwith HD ID: 50554
26/09/11 16:49:31 WARN com.cse.exodex.datasets.catalogs.NasaExoplanetCatalog: probably not enough data lolfor name: HD 50554
26/09/11 16:49:31 WARN com.cse.exodex.datasets.StellarLibrary: probably not enough data lolwith HD ID: 52265
26/09/11 16:49:31 WARN com.cse.exodex.datasets.StellarLibrary: probably not enough data lolwith hipparcos ID: 33719
26/09/11 16:49:31 WARN com.cse.exodex.datasets.StellarLibrary: probably not enough data lolwith HD ID: 52265
26/09/11 16:49:31 WARN com.cse.exodex.datasets.catalogs.NasaExoplanetCatalog: probably not enough data lolfor name: HD 52265
26/09/11 16:49:31 WARN com.cse.exodex.datasets.StellarLibrary: probably not enough data lolwith HD ID: 5319
26/09/11 16:49:31 WARN com.cse.exodex.datasets.StellarLibrary: probably not enough data lolwith hipparcos ID: 4297
26/09/11 16:49:31 WARN com.cse.exodex.datasets.StellarLibrary: probably not enough data lolwith HD ID: 5319
26/09/11 16:49:31 WARN com.cse.exodex.datasets.catalogs.NasaExoplanetCatalog: probably not enough data lolfor name: HD 5319
26/09/11 16:49:31 WARN com.cse.exodex.datasets.StellarLibrary: probably not enough data lolwith HD ID: 5319
26/09/11 16:49:31 WARN com.cse.exodex.datasets.StellarLibrary: probably not enough data lolwith hipparcos ID: 4297
26/09/11 16:49:31 WARN com.cse.exodex.datasets.StellarLibrary: probably not enough data lolwith HD ID: 5319
26/09/11 16:49:31 WARN com.cse.exodex.datasets.catalogs.NasaExoplanetCatalog: probably not enough data lolfor name: HD 5319
26/09/11 16:49:31 WARN com.cse.exodex.datasets.StellarLibrary: probably not enough data lolwith HD ID: 5583
26/09/11 16:49:31 WARN com.cse.exodex.datasets.StellarLibrary: probably not enough data lolwith HD ID: 5583
26/09/11 16:49:31 WARN com.cse.exodex.datasets.catalogs.NasaExoplanetCatalog: probably not enough data lolfor name: HD 5583
26/09/11 16:49:31 WARN com.cse.exodex.datasets.StellarLibrary: probably not enough data lolwith HD ID: 5608
26/09/11 16:49:31 WARN com.cse.exodex.datasets.StellarLibrary: probably not enough data lolwith hipparcos ID: 4552
26/09/11 16:49:31 WARN com.cse.exodex.datasets.StellarLibrary: probably not enough data lolwith HD ID: 5608
26/09/11 16:49:31 WARN com.cse.exodex.datasets.catalogs.NasaExoplanetCatalog: probably not enough data lolfor name: HD 5608
26/09/11 16:49:31 WARN com.cse.exodex.datasets.StellarLibrary: probably not enough data lolwith HD ID: 564
26/09/11 16:49:31 WARN com.cse.exodex.datasets.StellarLibrary: probably not enough data lolwith hipparcos ID: 801
26/09/11 16:49:31 WARN com.cse.exodex.datasets.StellarLibrary: probably not enough data lolwith HD ID: 564
26/09/11 16:49:31 WARN com.cse.exodex.datasets.catalogs.NasaExoplanetCatalog: probably not enough data lolfor name: HD 564
26/09/11 16:49:31 WARN com.cse.exodex.datasets.StellarLibrary: probably not enough data lolwith HD ID: 5891
26/09/11 16:49:31 WARN com.cse.exodex.datasets.StellarLibrary: probably not enough data lolwith hipparcos ID: 4715
26/09/11 16:49:31 WARN com.cse.exodex.datasets.StellarLibrary: probably not enough data lolwith HD ID: 5891
26/09/11 16:49:31 WARN com.cse.exodex.datasets.catalogs.NasaExoplanetCatalog: probably not enough data lolfor name: HD 5891
26/09/11 16:49:31 WARN com.cse.exodex.datasets.StellarLibrary: probably not enough data lolwith BF id: BayerFlamsteed{flamsteedDesignation=null, bayerDesignation='null', number=59686, constellation=null, prettyName='59686'}
26/09/11 16:49:31 WARN com.cse.exodex.datasets.StellarLibrary: probably not enough data lolwith hipparcos ID: 36616
26/09/11 16:49:31 WARN com.cse.exodex.datasets.StellarLibrary: probably not enough data lolwith HD ID: 59686
26/09/11 16:49:31 WARN com.cse.exodex.datasets.catalogs.NasaExoplanetCatalog: probably not enough data lolfor name: HD 59686 A
26/09/11 16:49:31 WARN com.cse.exodex.datasets.StellarLibrary: probably not enough data lolwith HD ID: 60532
26/09/11 16:49:31 WARN com.cse.exodex.datasets.StellarLibrary: probably not enough data lolwith hipparcos ID: 36795
26/09/11 16:49:31 WARN com.cse.exodex.datasets.StellarLibrary: probably not enough data lolwith HD ID: 60532
26/09/11 16:49:31 WARN com.cse.exodex.datasets.catalogs.NasaExoplanetCatalog: probably not enough data lolfor name: HD 60532
26/09/11 16:49:31 WARN com.cse.exodex.datasets.StellarLibrary: probably not enough data lolwith HD ID: 60532
26/09/11 16:49:31 WARN com.cse.exodex.datasets.StellarLibrary: probably not enough data lolwith hipparcos ID: 36795
26/09/11 16:49:31 WARN com.cse.exodex.datasets.StellarLibrary: probably not enough data lolwith HD ID: 60532
26/09/11 16:49:31 WARN com.cse.exodex.datasets.catalogs.NasaExoplanetCatalog: probably not enough data lolfor name: HD 60532
26/09/11 16:49:31 WARN com.cse.exodex.datasets.StellarLibrary: probably not enough data lolwith HD ID: 63454
26/09/11 16:49:31 WARN com.cse.exodex.datasets.StellarLibrary: probably not enough data lolwith hipparcos ID: 37284
26/09/11 16:49:31 WARN com.cse.exodex.datasets.StellarLibrary: probably not enough data lolwith HD ID: 63454
26/09/11 16:49:31 WARN com.cse.exodex.datasets.catalogs.NasaExoplanetCatalog: probably not enough data lolfor name: HD 63454
26/09/11 16:49:31 WARN com.cse.exodex.datasets.StellarLibrary: probably not enough data lolwith HD ID: 63765
26/09/11 16:49:31 WARN com.cse.exodex.datasets.StellarLibrary: probably not enough data lolwith hipparcos ID: 38041
26/09/11 16:49:31 WARN com.cse.exodex.datasets.StellarLibrary: probably not enough data lolwith HD ID: 63765
26/09/11 16:49:31 WARN com.cse.exodex.datasets.catalogs.NasaExoplanetCatalog: probably not enough data lolfor name: HD 63765
26/09/11 16:49:31 WARN com.cse.exodex.datasets.StellarLibrary: probably not enough data lolwith HD ID: 6434
26/09/11 16:49:31 WARN com.cse.exodex.datasets.StellarLibrary: probably not enough data lolwith hipparcos ID: 5054
26/09/11 16:49:31 WARN com.cse.exodex.datasets.StellarLibrary: probably not enough data lolwith HD ID: 6434
26/09/11 16:49:31 WARN com.cse.exodex.datasets.catalogs.NasaExoplanetCatalog: probably not enough data lolfor name: HD 6434
26/09/11 16:49:31 WARN com.cse.exodex.datasets.StellarLibrary: probably not enough data lolwith HD ID: 65216
26/09/11 16:49:31 WARN com.cse.exodex.datasets.StellarLibrary: probably not enough data lolwith hipparcos ID: 38558
26/09/11 16:49:31 WARN com.cse.exodex.datasets.StellarLibrary: probably not enough data lolwith HD ID: 65216
26/09/11 16:49:31 WARN com.cse.exodex.datasets.catalogs.NasaExoplanetCatalog: probably not enough data lolfor name: HD 65216
26/09/11 16:49:31 WARN com.cse.exodex.datasets.StellarLibrary: probably not enough data lolwith HD ID: 65216
26/09/11 16:49:31 WARN com.cse.exodex.datasets.StellarLibrary: probably not enough data lolwith hipparcos ID: 38558
26/09/11 16:49:31 WARN com.cse.exodex.datasets.StellarLibrary: probably not enough data lolwith HD ID: 65216
26/09/11 16:49:31 WARN com.cse.exodex.datasets.catalogs.NasaExoplanetCatalog: probably not enough data lolfor name: HD 65216
26/09/11 16:49:31 WARN com.cse.exodex.datasets.StellarLibrary: probably not enough data lolwith HD ID: 66141
26/09/11 16:49:31 WARN com.cse.exodex.datasets.StellarLibrary: probably not enough data lolwith hipparcos ID: 39311
26/09/11 16:49:31 WARN com.cse.exodex.datasets.StellarLibrary: probably not enough data lolwith HD ID: 66141
26/09/11 16:49:31 WARN com.cse.exodex.datasets.catalogs.NasaExoplanetCatalog: probably not enough data lolfor name: HD 66141
26/09/11 16:49:31 WARN com.cse.exodex.datasets.StellarLibrary: probably not enough data lolwith HD ID: 66428
26/09/11 16:49:31 WARN com.cse.exodex.datasets.StellarLibrary: probably not enough data lolwith hipparcos ID: 39417
26/09/11 16:49:31 WARN com.cse.exodex.datasets.StellarLibrary: probably not enough data lolwith HD ID: 66428
26/09/11 16:49:31 WARN com.cse.exodex.datasets.catalogs.NasaExoplanetCatalog: probably not enough data lolfor name: HD 66428
26/09/11 16:49:31 WARN com.cse.exodex.datasets.StellarLibrary: probably not enough data lolwith HD ID: 67087
26/09/11 16:49:31 WARN com.cse.exodex.datasets.StellarLibrary: probably not enough data lolwith hipparcos ID: 39767
26/09/11 16:49:31 WARN com.cse.exodex.datasets.StellarLibrary: probably not enough data lolwith HD ID: 67087
26/09/11 16:49:31 WARN com.cse.exodex.datasets.catalogs.NasaExoplanetCatalog: probably not enough data lolfor name: HD 67087
26/09/11 16:49:31 WARN com.cse.exodex.datasets.StellarLibrary: probably not enough data lolwith HD ID: 67087
26/09/11 16:49:31 WARN com.cse.exodex.datasets.StellarLibrary: probably not enough data lolwith hipparcos ID: 39767
26/09/11 16:49:31 WARN com.cse.exodex.datasets.StellarLibrary: probably not enough data lolwith HD ID: 67087
26/09/11 16:49:31 WARN com.cse.exodex.datasets.catalogs.NasaExoplanetCatalog: probably not enough data lolfor name: HD 67087
26/09/11 16:49:31 WARN com.cse.exodex.datasets.StellarLibrary: probably not enough data lolwith HD ID: 6718
26/09/11 16:49:31 WARN com.cse.exodex.datasets.StellarLibrary: probably not enough data lolwith hipparcos ID: 5301
26/09/11 16:49:31 WARN com.cse.exodex.datasets.StellarLibrary: probably not enough data lolwith HD ID: 6718
26/09/11 16:49:31 WARN com.cse.exodex.datasets.catalogs.NasaExoplanetCatalog: probably not enough data lolfor name: HD 6718
26/09/11 16:49:31 WARN com.cse.exodex.datasets.StellarLibrary: probably not enough data lolwith HD ID: 68988
26/09/11 16:49:31 WARN com.cse.exodex.datasets.StellarLibrary: probably not enough data lolwith hipparcos ID: 40687
26/09/11 16:49:31 WARN com.cse.exodex.datasets.StellarLibrary: probably not enough data lolwith HD ID: 68988
26/09/11 16:49:31 WARN com.cse.exodex.datasets.catalogs.NasaExoplanetCatalog: probably not enough data lolfor name: HD 68988
26/09/11 16:49:31 WARN com.cse.exodex.datasets.StellarLibrary: probably not enough data lolwith HD ID: 70573
26/09/11 16:49:31 WARN com.cse.exodex.datasets.StellarLibrary: probably not enough data lolwith HD ID: 70573
26/09/11 16:49:31 WARN com.cse.exodex.datasets.catalogs.NasaExoplanetCatalog: probably not enough data lolfor name: HD 70573
26/09/11 16:49:31 WARN com.cse.exodex.datasets.StellarLibrary: probably not enough data lolwith HD ID: 70642
26/09/11 16:49:31 WARN com.cse.exodex.datasets.StellarLibrary: probably not enough data lolwith hipparcos ID: 40952
26/09/11 16:49:31 WARN com.cse.exodex.datasets.StellarLibrary: probably not enough data lolwith HD ID: 70642
26/09/11 16:49:31 WARN com.cse.exodex.datasets.catalogs.NasaExoplanetCatalog: probably not enough data lolfor name: HD 70642
26/09/11 16:49:31 WARN com.cse.exodex.datasets.StellarLibrary: probably not enough data lolwith HD ID: 7199
26/09/11 16:49:31 WARN com.cse.exodex.datasets.StellarLibrary: probably not enough data lolwith hipparcos ID: 5529
26/09/11 16:49:31 WARN com.cse.exodex.datasets.StellarLibrary: probably not enough data lolwith HD ID: 7199
26/09/11 16:49:31 WARN com.cse.exodex.datasets.catalogs.NasaExoplanetCatalog: probably not enough data lolfor name: HD 7199
26/09/11 16:49:31 WARN com.cse.exodex.datasets.StellarLibrary: probably not enough data lolwith HD ID: 72659
26/09/11 16:49:31 WARN com.cse.exodex.datasets.StellarLibrary: probably not enough data lolwith hipparcos ID: 42030
26/09/11 16:49:31 WARN com.cse.exodex.datasets.StellarLibrary: probably not enough data lolwith HD ID: 72659
26/09/11 16:49:31 WARN com.cse.exodex.datasets.catalogs.NasaExoplanetCatalog: probably not enough data lolfor name: HD 72659
26/09/11 16:49:31 WARN com.cse.exodex.datasets.StellarLibrary: probably not enough data lolwith HD ID: 73256
26/09/11 16:49:31 WARN com.cse.exodex.datasets.StellarLibrary: probably not enough data lolwith hipparcos ID: 42214
26/09/11 16:49:31 WARN com.cse.exodex.datasets.StellarLibrary: probably not enough data lolwith HD ID: 73256
26/09/11 16:49:31 WARN com.cse.exodex.datasets.catalogs.NasaExoplanetCatalog: probably not enough data lolfor name: HD 73256
26/09/11 16:49:31 WARN com.cse.exodex.datasets.StellarLibrary: probably not enough data lolwith HD ID: 73267
26/09/11 16:49:31 WARN com.cse.exodex.datasets.StellarLibrary: probably not enough data lolwith hipparcos ID: 42202
26/09/11 16:49:31 WARN com.cse.exodex.datasets.StellarLibrary: probably not enough data lolwith HD ID: 73267
26/09/11 16:49:31 WARN com.cse.exodex.datasets.catalogs.NasaExoplanetCatalog: probably not enough data lolfor name: HD 73267
26/09/11 16:49:31 WARN com.cse.exodex.datasets.StellarLibrary: probably not enough data lolwith HD ID: 73526
26/09/11 16:49:31 WARN com.cse.exodex.datasets.StellarLibrary: probably not enough data lolwith hipparcos ID: 42282
26/09/11 16:49:31 WARN com.cse.exodex.datasets.StellarLibrary: probably not enough data lolwith HD ID: 73526
26/09/11 16:49:31 WARN com.cse.exodex.datasets.catalogs.NasaExoplanetCatalog: probably not enough data lolfor name: HD 73526
26/09/11 16:49:31 WARN com.cse.exodex.datasets.StellarLibrary: probably not enough data lolwith HD ID: 73526
26/09/11 16:49:31 WARN com.cse.exodex.datasets.StellarLibrary: probably not enough data lolwith hipparcos ID: 42282
26/09/11 16:49:31 WARN com.cse.exodex.datasets.StellarLibrary: probably not enough data lolwith HD ID: 73526
26/09/11 16:49:31 WARN com.cse.exodex.datasets.catalogs.NasaExoplanetCatalog: probably not enough data lolfor name: HD 73526
26/09/11 16:49:31 WARN com.cse.exodex.datasets.StellarLibrary: probably not enough data lolwith HD ID: 73534
26/09/11 16:49:31 WARN com.cse.exodex.datasets.StellarLibrary: probably not enough data lolwith hipparcos ID: 42446
26/09/11 16:49:31 WARN com.cse.exodex.datasets.StellarLibrary: probably not enough data lolwith HD ID: 73534
26/09/11 16:49:31 WARN com.cse.exodex.datasets.catalogs.NasaExoplanetCatalog: probably not enough data lolfor name: HD 73534
26/09/11 16:49:31 WARN com.cse.exodex.datasets.StellarLibrary: probably not enough data lolwith HD ID: 74156
26/09/11 16:49:31 WARN com.cse.exodex.datasets.StellarLibrary: probably not enough data lolwith hipparcos ID: 42723
26/09/11 16:49:31 WARN com.cse.exodex.datasets.StellarLibrary: probably not enough data lolwith HD ID: 74156
26/09/11 16:49:31 WARN com.cse.exodex.datasets.catalogs.NasaExoplanetCatalog: probably not enough data lolfor name: HD 74156
26/09/11 16:49:31 WARN com.cse.exodex.datasets.StellarLibrary: probably not enough data lolwith HD ID: 74156
26/09/11 16:49:31 WARN com.cse.exodex.datasets.StellarLibrary: probably not enough data lolwith hipparcos ID: 42723
26/09/11 16:49:31 WARN com.cse.exodex.datasets.StellarLibrary: probably not enough data lolwith HD ID: 74156
26/09/11 16:49:31 WARN com.cse.exodex.datasets.catalogs.NasaExoplanetCatalog: probably not enough data lolfor name: HD 74156
26/09/11 16:49:31 WARN com.cse.exodex.datasets.StellarLibrary: probably not enough data lolwith HD ID: 7449
26/09/11 16:49:31 WARN com.cse.exodex.datasets.StellarLibrary: probably not enough data lolwith hipparcos ID: 5806
26/09/11 16:49:31 WARN com.cse.exodex.datasets.StellarLibrary: probably not enough data lolwith HD ID: 7449
26/09/11 16:49:31 WARN com.cse.exodex.datasets.catalogs.NasaExoplanetCatalog: probably not enough data lolfor name: HD 7449
26/09/11 16:49:31 WARN com.cse.exodex.datasets.StellarLibrary: probably not enough data lolwith HD ID: 75289
26/09/11 16:49:31 WARN com.cse.exodex.datasets.StellarLibrary: probably not enough data lolwith hipparcos ID: 43177
26/09/11 16:49:31 WARN com.cse.exodex.datasets.StellarLibrary: probably not enough data lolwith HD ID: 75289
26/09/11 16:49:31 WARN com.cse.exodex.datasets.catalogs.NasaExoplanetCatalog: probably not enough data lolfor name: HD 75289
26/09/11 16:49:31 WARN com.cse.exodex.datasets.StellarLibrary: probably not enough data lolwith HD ID: 75784
26/09/11 16:49:31 WARN com.cse.exodex.datasets.StellarLibrary: probably not enough data lolwith hipparcos ID: 43569
26/09/11 16:49:31 WARN com.cse.exodex.datasets.StellarLibrary: probably not enough data lolwith HD ID: 75784
26/09/11 16:49:31 WARN com.cse.exodex.datasets.catalogs.NasaExoplanetCatalog: probably not enough data lolfor name: HD 75784
26/09/11 16:49:31 WARN com.cse.exodex.datasets.StellarLibrary: probably not enough data lolwith HD ID: 75898
26/09/11 16:49:31 WARN com.cse.exodex.datasets.StellarLibrary: probably not enough data lolwith hipparcos ID: 43674
26/09/11 16:49:31 WARN com.cse.exodex.datasets.StellarLibrary: probably not enough data lolwith HD ID: 75898
26/09/11 16:49:31 WARN com.cse.exodex.datasets.catalogs.NasaExoplanetCatalog: probably not enough data lolfor name: HD 75898
26/09/11 16:49:31 WARN com.cse.exodex.datasets.StellarLibrary: probably not enough data lolwith HD ID: 76700
26/09/11 16:49:31 WARN com.cse.exodex.datasets.StellarLibrary: probably not enough data lolwith hipparcos ID: 43686
26/09/11 16:49:31 WARN com.cse.exodex.datasets.StellarLibrary: probably not enough data lolwith HD ID: 76700
26/09/11 16:49:31 WARN com.cse.exodex.datasets.catalogs.NasaExoplanetCatalog: probably not enough data lolfor name: HD 76700
26/09/11 16:49:31 WARN com.cse.exodex.datasets.StellarLibrary: probably not enough data lolwith HD ID: 77338
26/09/11 16:49:31 WARN com.cse.exodex.datasets.StellarLibrary: probably not enough data lolwith hipparcos ID: 44291
26/09/11 16:49:31 WARN com.cse.exodex.datasets.StellarLibrary: probably not enough data lolwith HD ID: 77338
26/09/11 16:49:31 WARN com.cse.exodex.datasets.catalogs.NasaExoplanetCatalog: probably not enough data lolfor name: HD 77338
26/09/11 16:49:31 WARN com.cse.exodex.datasets.StellarLibrary: probably not enough data lolwith HD ID: 79498
26/09/11 16:49:31 WARN com.cse.exodex.datasets.StellarLibrary: probably not enough data lolwith hipparcos ID: 45406
26/09/11 16:49:31 WARN com.cse.exodex.datasets.StellarLibrary: probably not enough data lolwith HD ID: 79498
26/09/11 16:49:31 WARN com.cse.exodex.datasets.catalogs.NasaExoplanetCatalog: probably not enough data lolfor name: HD 79498
26/09/11 16:49:31 WARN com.cse.exodex.datasets.StellarLibrary: probably not enough data lolwith HD ID: 80606
26/09/11 16:49:31 WARN com.cse.exodex.datasets.StellarLibrary: probably not enough data lolwith hipparcos ID: 45982
26/09/11 16:49:31 WARN com.cse.exodex.datasets.StellarLibrary: probably not enough data lolwith HD ID: 80606
26/09/11 16:49:31 WARN com.cse.exodex.datasets.catalogs.NasaExoplanetCatalog: probably not enough data lolfor name: HD 80606
26/09/11 16:49:31 WARN com.cse.exodex.datasets.StellarLibrary: probably not enough data lolwith HD ID: 81040
26/09/11 16:49:31 WARN com.cse.exodex.datasets.StellarLibrary: probably not enough data lolwith hipparcos ID: 46076
26/09/11 16:49:31 WARN com.cse.exodex.datasets.StellarLibrary: probably not enough data lolwith HD ID: 81040
26/09/11 16:49:31 WARN com.cse.exodex.datasets.catalogs.NasaExoplanetCatalog: probably not enough data lolfor name: HD 81040
26/09/11 16:49:31 WARN com.cse.exodex.datasets.StellarLibrary: probably not enough data lolwith HD ID: 81688
26/09/11 16:49:31 WARN com.cse.exodex.datasets.StellarLibrary: probably not enough data lolwith hipparcos ID: 46471
26/09/11 16:49:31 WARN com.cse.exodex.datasets.StellarLibrary: probably not enough data lolwith HD ID: 81688
26/09/11 16:49:31 WARN com.cse.exodex.datasets.catalogs.NasaExoplanetCatalog: probably not enough data lolfor name: HD 81688
26/09/11 16:49:31 WARN com.cse.exodex.datasets.StellarLibrary: probably not enough data lolwith HD ID: 82886
26/09/11 16:49:31 WARN com.cse.exodex.datasets.StellarLibrary: probably not enough data lolwith hipparcos ID: 47087
26/09/11 16:49:31 WARN com.cse.exodex.datasets.StellarLibrary: probably not enough data lolwith HD ID: 82886
26/09/11 16:49:31 WARN com.cse.exodex.datasets.catalogs.NasaExoplanetCatalog: probably not enough data lolfor name: HD 82886
26/09/11 16:49:31 WARN com.cse.exodex.datasets.StellarLibrary: probably not enough data lolwith HD ID: 82943
26/09/11 16:49:31 WARN com.cse.exodex.datasets.StellarLibrary: probably not enough data lolwith hipparcos ID: 47007
26/09/11 16:49:31 WARN com.cse.exodex.datasets.StellarLibrary: probably not enough data lolwith HD ID: 82943
26/09/11 16:49:31 WARN com.cse.exodex.datasets.catalogs.NasaExoplanetCatalog: probably not enough data lolfor name: HD 82943
26/09/11 16:49:31 WARN com.cse.exodex.datasets.StellarLibrary: probably not enough data lolwith HD ID: 82943
26/09/11 16:49:31 WARN com.cse.exodex.datasets.StellarLibrary: probably not enough data lolwith hipparcos ID: 47007
26/09/11 16:49:31 WARN com.cse.exodex.datasets.StellarLibrary: probably not enough data lolwith HD ID: 82943
26/09/11 16:49:31 WARN com.cse.exodex.datasets.catalogs.NasaExoplanetCatalog: probably not enough data lolfor name: HD 82943
26/09/11 16:49:31 WARN com.cse.exodex.datasets.StellarLibrary: probably not enough data lolwith HD ID: 83443
26/09/11 16:49:31 WARN com.cse.exodex.datasets.StellarLibrary: probably not enough data lolwith hipparcos ID: 47202
26/09/11 16:49:31 WARN com.cse.exodex.datasets.StellarLibrary: probably not enough data lolwith HD ID: 83443
26/09/11 16:49:31 WARN com.cse.exodex.datasets.catalogs.NasaExoplanetCatalog: probably not enough data lolfor name: HD 83443
26/09/11 16:49:31 WARN com.cse.exodex.datasets.StellarLibrary: probably not enough data lolwith HD ID: 8535
26/09/11 16:49:31 WARN com.cse.exodex.datasets.StellarLibrary: probably not enough data lolwith hipparcos ID: 6511
26/09/11 16:49:31 WARN com.cse.exodex.datasets.StellarLibrary: probably not enough data lolwith HD ID: 8535
26/09/11 16:49:31 WARN com.cse.exodex.datasets.catalogs.NasaExoplanetCatalog: probably not enough data lolfor name: HD 8535
26/09/11 16:49:31 WARN com.cse.exodex.datasets.StellarLibrary: probably not enough data lolwith HD ID: 85390
26/09/11 16:49:31 WARN com.cse.exodex.datasets.StellarLibrary: probably not enough data lolwith hipparcos ID: 48235
26/09/11 16:49:31 WARN com.cse.exodex.datasets.StellarLibrary: probably not enough data lolwith HD ID: 85390
26/09/11 16:49:31 WARN com.cse.exodex.datasets.catalogs.NasaExoplanetCatalog: probably not enough data lolfor name: HD 85390
26/09/11 16:49:31 WARN com.cse.exodex.datasets.StellarLibrary: probably not enough data lolwith HD ID: 8574
26/09/11 16:49:31 WARN com.cse.exodex.datasets.StellarLibrary: probably not enough data lolwith hipparcos ID: 6643
26/09/11 16:49:31 WARN com.cse.exodex.datasets.StellarLibrary: probably not enough data lolwith HD ID: 8574
26/09/11 16:49:31 WARN com.cse.exodex.datasets.catalogs.NasaExoplanetCatalog: probably not enough data lolfor name: HD 8574
26/09/11 16:49:31 WARN com.cse.exodex.datasets.StellarLibrary: probably not enough data lolwith HD ID: 86081
26/09/11 16:49:31 WARN com.cse.exodex.datasets.StellarLibrary: probably not enough data lolwith hipparcos ID: 48711
26/09/11 16:49:31 WARN com.cse.exodex.datasets.StellarLibrary: probably not enough data lolwith HD ID: 86081
26/09/11 16:49:31 WARN com.cse.exodex.datasets.catalogs.NasaExoplanetCatalog: probably not enough data lolfor name: HD 86081
26/09/11 16:49:31 WARN com.cse.exodex.datasets.StellarLibrary: probably not enough data lolwith HD ID: 86226
26/09/11 16:49:31 WARN com.cse.exodex.datasets.StellarLibrary: probably not enough data lolwith hipparcos ID: 48739
26/09/11 16:49:31 WARN com.cse.exodex.datasets.StellarLibrary: probably not enough data lolwith HD ID: 86226
26/09/11 16:49:31 WARN com.cse.exodex.datasets.catalogs.NasaExoplanetCatalog: probably not enough data lolfor name: HD 86226
26/09/11 16:49:31 WARN com.cse.exodex.datasets.StellarLibrary: probably not enough data lolwith HD ID: 86264
26/09/11 16:49:31 WARN com.cse.exodex.datasets.StellarLibrary: probably not enough data lolwith hipparcos ID: 48780
26/09/11 16:49:31 WARN com.cse.exodex.datasets.StellarLibrary: probably not enough data lolwith HD ID: 86264
26/09/11 16:49:31 WARN com.cse.exodex.datasets.catalogs.NasaExoplanetCatalog: probably not enough data lolfor name: HD 86264
26/09/11 16:49:31 WARN com.cse.exodex.datasets.StellarLibrary: probably not enough data lolwith HD ID: 8673
26/09/11 16:49:31 WARN com.cse.exodex.datasets.StellarLibrary: probably not enough data lolwith hipparcos ID: 6702
26/09/11 16:49:31 WARN com.cse.exodex.datasets.StellarLibrary: probably not enough data lolwith HD ID: 8673
26/09/11 16:49:31 WARN com.cse.exodex.datasets.catalogs.NasaExoplanetCatalog: probably not enough data lolfor name: HD 8673
26/09/11 16:49:31 WARN com.cse.exodex.datasets.StellarLibrary: probably not enough data lolwith HD ID: 87646
26/09/11 16:49:31 WARN com.cse.exodex.datasets.StellarLibrary: probably not enough data lolwith BF id: BayerFlamsteed{flamsteedDesignation=null, bayerDesignation='null', number=49522, constellation=null, prettyName='49522'}
26/09/11 16:49:31 WARN com.cse.exodex.datasets.StellarLibrary: probably not enough data lolwith HD ID: 87646
26/09/11 16:49:31 WARN com.cse.exodex.datasets.catalogs.NasaExoplanetCatalog: probably not enough data lolfor name: HD 87646
26/09/11 16:49:31 WARN com.cse.exodex.datasets.StellarLibrary: probably not enough data lolwith HD ID: 88133
26/09/11 16:49:31 WARN com.cse.exodex.datasets.StellarLibrary: probably not enough data lolwith hipparcos ID: 49813
26/09/11 16:49:31 WARN com.cse.exodex.datasets.StellarLibrary: probably not enough data lolwith HD ID: 88133
26/09/11 16:49:31 WARN com.cse.exodex.datasets.catalogs.NasaExoplanetCatalog: probably not enough data lolfor name: HD 88133
26/09/11 16:49:31 WARN com.cse.exodex.datasets.StellarLibrary: probably not enough data lolwith HD ID: 89307
26/09/11 16:49:31 WARN com.cse.exodex.datasets.StellarLibrary: probably not enough data lolwith hipparcos ID: 50473
26/09/11 16:49:31 WARN com.cse.exodex.datasets.StellarLibrary: probably not enough data lolwith HD ID: 89307
26/09/11 16:49:31 WARN com.cse.exodex.datasets.catalogs.NasaExoplanetCatalog: probably not enough data lolfor name: HD 89307
26/09/11 16:49:31 WARN com.cse.exodex.datasets.StellarLibrary: probably not enough data lolwith HD ID: 89744
26/09/11 16:49:31 WARN com.cse.exodex.datasets.StellarLibrary: probably not enough data lolwith hipparcos ID: 50786
26/09/11 16:49:31 WARN com.cse.exodex.datasets.StellarLibrary: probably not enough data lolwith HD ID: 89744
26/09/11 16:49:31 WARN com.cse.exodex.datasets.catalogs.NasaExoplanetCatalog: probably not enough data lolfor name: HD 89744
26/09/11 16:49:31 WARN com.cse.exodex.datasets.StellarLibrary: probably not enough data lolwith HD ID: 92788
26/09/11 16:49:31 WARN com.cse.exodex.datasets.StellarLibrary: probably not enough data lolwith hipparcos ID: 52409
26/09/11 16:49:31 WARN com.cse.exodex.datasets.StellarLibrary: probably not enough data lolwith HD ID: 92788
26/09/11 16:49:31 WARN com.cse.exodex.datasets.catalogs.NasaExoplanetCatalog: probably not enough data lolfor name: HD 92788
26/09/11 16:49:31 WARN com.cse.exodex.datasets.StellarLibrary: probably not enough data lolwith HD ID: 93083
26/09/11 16:49:31 WARN com.cse.exodex.datasets.StellarLibrary: probably not enough data lolwith hipparcos ID: 52521
26/09/11 16:49:31 WARN com.cse.exodex.datasets.StellarLibrary: probably not enough data lolwith HD ID: 93083
26/09/11 16:49:31 WARN com.cse.exodex.datasets.catalogs.NasaExoplanetCatalog: probably not enough data lolfor name: HD 93083
26/09/11 16:49:31 WARN com.cse.exodex.datasets.StellarLibrary: probably not enough data lolwith HD ID: 9446
26/09/11 16:49:31 WARN com.cse.exodex.datasets.StellarLibrary: probably not enough data lolwith hipparcos ID: 7245
26/09/11 16:49:31 WARN com.cse.exodex.datasets.StellarLibrary: probably not enough data lolwith HD ID: 9446
26/09/11 16:49:31 WARN com.cse.exodex.datasets.catalogs.NasaExoplanetCatalog: probably not enough data lolfor name: HD 9446
26/09/11 16:49:31 WARN com.cse.exodex.datasets.StellarLibrary: probably not enough data lolwith HD ID: 9446
26/09/11 16:49:31 WARN com.cse.exodex.datasets.StellarLibrary: probably not enough data lolwith hipparcos ID: 7245
26/09/11 16:49:31 WARN com.cse.exodex.datasets.StellarLibrary: probably not enough data lolwith HD ID: 9446
26/09/11 16:49:31 WARN com.cse.exodex.datasets.catalogs.NasaExoplanetCatalog: probably not enough data lolfor name: HD 9446
26/09/11 16:49:31 WARN com.cse.exodex.datasets.StellarLibrary: probably not enough data lolwith HD ID: 95086
26/09/11 16:49:31 WARN com.cse.exodex.datasets.StellarLibrary: probably not enough data lolwith hipparcos ID: 53524
26/09/11 16:49:31 WARN com.cse.exodex.datasets.StellarLibrary: probably not enough data lolwith HD ID: 95086
26/09/11 16:49:31 WARN com.cse.exodex.datasets.catalogs.NasaExoplanetCatalog: probably not enough data lolfor name: HD 95086
26/09/11 16:49:31 WARN com.cse.exodex.datasets.StellarLibrary: probably not enough data lolwith HD ID: 95089
26/09/11 16:49:31 WARN com.cse.exodex.datasets.StellarLibrary: probably not enough data lolwith hipparcos ID: 53666
26/09/11 16:49:31 WARN com.cse.exodex.datasets.StellarLibrary: probably not enough data lolwith HD ID: 95089
26/09/11 16:49:31 WARN com.cse.exodex.datasets.catalogs.NasaExoplanetCatalog: probably not enough data lolfor name: HD 95089
26/09/11 16:49:31 WARN com.cse.exodex.datasets.StellarLibrary: probably not enough data lolwith HD ID: 95127
26/09/11 16:49:31 WARN com.cse.exodex.datasets.StellarLibrary: probably not enough data lolwith HD ID: 95872
26/09/11 16:49:31 WARN com.cse.exodex.datasets.StellarLibrary: probably not enough data lolwith HD ID: 95872
26/09/11 16:49:31 WARN com.cse.exodex.datasets.catalogs.NasaExoplanetCatalog: probably not enough data lolfor name: HD 95872
26/09/11 16:49:31 WARN com.cse.exodex.datasets.StellarLibrary: probably not enough data lolwith HD ID: 96063
26/09/11 16:49:31 WARN com.cse.exodex.datasets.StellarLibrary: probably not enough data lolwith hipparcos ID: 54158
26/09/11 16:49:31 WARN com.cse.exodex.datasets.StellarLibrary: probably not enough data lolwith HD ID: 96063
26/09/11 16:49:31 WARN com.cse.exodex.datasets.catalogs.NasaExoplanetCatalog: probably not enough data lolfor name: HD 96063
26/09/11 16:49:31 WARN com.cse.exodex.datasets.StellarLibrary: probably not enough data lolwith HD ID: 96127
26/09/11 16:49:31 WARN com.cse.exodex.datasets.StellarLibrary: probably not enough data lolwith hipparcos ID: 54232
26/09/11 16:49:31 WARN com.cse.exodex.datasets.StellarLibrary: probably not enough data lolwith HD ID: 96127
26/09/11 16:49:31 WARN com.cse.exodex.datasets.catalogs.NasaExoplanetCatalog: probably not enough data lolfor name: HD 96127
26/09/11 16:49:31 WARN com.cse.exodex.datasets.StellarLibrary: probably not enough data lolwith HD ID: 96167
26/09/11 16:49:31 WARN com.cse.exodex.datasets.StellarLibrary: probably not enough data lolwith hipparcos ID: 54195
26/09/11 16:49:31 WARN com.cse.exodex.datasets.StellarLibrary: probably not enough data lolwith HD ID: 96167
26/09/11 16:49:31 WARN com.cse.exodex.datasets.catalogs.NasaExoplanetCatalog: probably not enough data lolfor name: HD 96167
26/09/11 16:49:31 WARN com.cse.exodex.datasets.StellarLibrary: probably not enough data lolwith HD ID: 98219
26/09/11 16:49:31 WARN com.cse.exodex.datasets.StellarLibrary: probably not enough data lolwith hipparcos ID: 55174
26/09/11 16:49:31 WARN com.cse.exodex.datasets.StellarLibrary: probably not enough data lolwith HD ID: 98219
26/09/11 16:49:31 WARN com.cse.exodex.datasets.catalogs.NasaExoplanetCatalog: probably not enough data lolfor name: HD 98219
26/09/11 16:49:31 WARN com.cse.exodex.datasets.StellarLibrary: probably not enough data lolwith HD ID: 98649
26/09/11 16:49:31 WARN com.cse.exodex.datasets.StellarLibrary: probably not enough data lolwith hipparcos ID: 55409
26/09/11 16:49:31 WARN com.cse.exodex.datasets.StellarLibrary: probably not enough data lolwith HD ID: 98649
26/09/11 16:49:31 WARN com.cse.exodex.datasets.catalogs.NasaExoplanetCatalog: probably not enough data lolfor name: HD 98649
26/09/11 16:49:31 WARN com.cse.exodex.datasets.StellarLibrary: probably not enough data lolwith HD ID: 99109
26/09/11 16:49:31 WARN com.cse.exodex.datasets.StellarLibrary: probably not enough data lolwith hipparcos ID: 55664
26/09/11 16:49:31 WARN com.cse.exodex.datasets.StellarLibrary: probably not enough data lolwith HD ID: 99109
26/09/11 16:49:31 WARN com.cse.exodex.datasets.catalogs.NasaExoplanetCatalog: probably not enough data lolfor name: HD 99109
26/09/11 16:49:31 WARN com.cse.exodex.datasets.StellarLibrary: probably not enough data lolwith HD ID: 99706
26/09/11 16:49:31 WARN com.cse.exodex.datasets.StellarLibrary: probably not enough data lolwith hipparcos ID: 55994
26/09/11 16:49:31 WARN com.cse.exodex.datasets.StellarLibrary: probably not enough data lolwith HD ID: 99706
26/09/11 16:49:31 WARN com.cse.exodex.datasets.catalogs.NasaExoplanetCatalog: probably not enough data lolfor name: HD 99706
26/09/11 16:49:31 WARN com.cse.exodex.datasets.StellarLibrary: probably not enough data lolwith hipparcos ID: 105854
26/09/11 16:49:31 WARN com.cse.exodex.datasets.StellarLibrary: probably not enough data lolwith hipparcos ID: 105854
26/09/11 16:49:31 WARN com.cse.exodex.datasets.StellarLibrary: probably not enough data lolwith HD ID: 203949
26/09/11 16:49:31 WARN com.cse.exodex.datasets.catalogs.NasaExoplanetCatalog: probably not enough data lolfor name: HIP 105854
26/09/11 16:49:31 WARN com.cse.exodex.datasets.StellarLibrary: probably not enough data lolwith hipparcos ID: 107773
26/09/11 16:49:31 WARN com.cse.exodex.datasets.StellarLibrary: probably not enough data lolwith hipparcos ID: 107773
26/09/11 16:49:31 WARN com.cse.exodex.datasets.StellarLibrary: probably not enough data lolwith HD ID: 207229
26/09/11 16:49:31 WARN com.cse.exodex.datasets.catalogs.NasaExoplanetCatalog: probably not enough data lolfor name: HIP 107773
26/09/11 16:49:31 WARN com.cse.exodex.datasets.StellarLibrary: probably not enough data lolwith hipparcos ID: 109384
26/09/11 16:49:31 WARN com.cse.exodex.datasets.StellarLibrary: probably not enough data lolwith hipparcos ID: 109384
26/09/11 16:49:31 WARN com.cse.exodex.datasets.catalogs.NasaExoplanetCatalog: probably not enough data lolfor name: HIP 109384
26/09/11 16:49:31 WARN com.cse.exodex.datasets.StellarLibrary: probably not enough data lolwith hipparcos ID: 109600
26/09/11 16:49:31 WARN com.cse.exodex.datasets.StellarLibrary: probably not enough data lolwith hipparcos ID: 109600
26/09/11 16:49:31 WARN com.cse.exodex.datasets.catalogs.NasaExoplanetCatalog: probably not enough data lolfor name: HIP 109600
26/09/11 16:49:31 WARN com.cse.exodex.datasets.StellarLibrary: probably not enough data lolwith hipparcos ID: 116454
26/09/11 16:49:31 WARN com.cse.exodex.datasets.StellarLibrary: probably not enough data lolwith hipparcos ID: 116454
26/09/11 16:49:31 WARN com.cse.exodex.datasets.catalogs.NasaExoplanetCatalog: probably not enough data lolfor name: HIP 116454
26/09/11 16:49:31 WARN com.cse.exodex.datasets.StellarLibrary: probably not enough data lolwith hipparcos ID: 12961
26/09/11 16:49:31 WARN com.cse.exodex.datasets.StellarLibrary: probably not enough data lolwith hipparcos ID: 12961
26/09/11 16:49:31 WARN com.cse.exodex.datasets.catalogs.NasaExoplanetCatalog: probably not enough data lolfor name: HIP 12961
26/09/11 16:49:31 WARN com.cse.exodex.datasets.StellarLibrary: probably not enough data lolwith hipparcos ID: 14810
26/09/11 16:49:31 WARN com.cse.exodex.datasets.StellarLibrary: probably not enough data lolwith hipparcos ID: 14810
26/09/11 16:49:31 WARN com.cse.exodex.datasets.catalogs.NasaExoplanetCatalog: probably not enough data lolfor name: HIP 14810
26/09/11 16:49:31 WARN com.cse.exodex.datasets.StellarLibrary: probably not enough data lolwith hipparcos ID: 14810
26/09/11 16:49:31 WARN com.cse.exodex.datasets.StellarLibrary: probably not enough data lolwith hipparcos ID: 14810
26/09/11 16:49:31 WARN com.cse.exodex.datasets.catalogs.NasaExoplanetCatalog: probably not enough data lolfor name: HIP 14810
26/09/11 16:49:31 WARN com.cse.exodex.datasets.StellarLibrary: probably not enough data lolwith hipparcos ID: 14810
26/09/11 16:49:31 WARN com.cse.exodex.datasets.StellarLibrary: probably not enough data lolwith hipparcos ID: 14810
26/09/11 16:49:31 WARN com.cse.exodex.datasets.catalogs.NasaExoplanetCatalog: probably not enough data lolfor name: HIP 14810
26/09/11 16:49:31 WARN com.cse.exodex.datasets.StellarLibrary: probably not enough data lolwith hipparcos ID: 41378
26/09/11 16:49:31 WARN com.cse.exodex.datasets.StellarLibrary: probably not enough data lolwith hipparcos ID: 41378
26/09/11 16:49:31 WARN com.cse.exodex.datasets.catalogs.NasaExoplanetCatalog: probably not enough data lolfor name: HIP 41378
26/09/11 16:49:31 WARN com.cse.exodex.datasets.StellarLibrary: probably not enough data lolwith hipparcos ID: 41378
26/09/11 16:49:31 WARN com.cse.exodex.datasets.StellarLibrary: probably not enough data lolwith hipparcos ID: 41378
26/09/11 16:49:31 WARN com.cse.exodex.datasets.catalogs.NasaExoplanetCatalog: probably not enough data lolfor name: HIP 41378
26/09/11 16:49:31 WARN com.cse.exodex.datasets.StellarLibrary: probably not enough data lolwith hipparcos ID: 41378
26/09/11 16:49:31 WARN com.cse.exodex.datasets.StellarLibrary: probably not enough data lolwith hipparcos ID: 41378
26/09/11 16:49:31 WARN com.cse.exodex.datasets.catalogs.NasaExoplanetCatalog: probably not enough data lolfor name: HIP 41378
26/09/11 16:49:31 WARN com.cse.exodex.datasets.StellarLibrary: probably not enough data lolwith hipparcos ID: 41378
26/09/11 16:49:31 WARN com.cse.exodex.datasets.StellarLibrary: probably not enough data lolwith hipparcos ID: 41378
26/09/11 16:49:31 WARN com.cse.exodex.datasets.catalogs.NasaExoplanetCatalog: probably not enough data lolfor name: HIP 41378
26/09/11 16:49:31 WARN com.cse.exodex.datasets.StellarLibrary: probably not enough data lolwith hipparcos ID: 41378
26/09/11 16:49:31 WARN com.cse.exodex.datasets.StellarLibrary: probably not enough data lolwith hipparcos ID: 41378
26/09/11 16:49:31 WARN com.cse.exodex.datasets.catalogs.NasaExoplanetCatalog: probably not enough data lolfor name: HIP 41378
26/09/11 16:49:31 WARN com.cse.exodex.datasets.StellarLibrary: probably not enough data lolwith hipparcos ID: 5158
26/09/11 16:49:31 WARN com.cse.exodex.datasets.StellarLibrary: probably not enough data lolwith hipparcos ID: 5158
26/09/11 16:49:31 WARN com.cse.exodex.datasets.catalogs.NasaExoplanetCatalog: probably not enough data lolfor name: HIP 5158
26/09/11 16:49:31 WARN com.cse.exodex.datasets.StellarLibrary: probably not enough data lolwith hipparcos ID: 5158
26/09/11 16:49:31 WARN com.cse.exodex.datasets.StellarLibrary: probably not enough data lolwith hipparcos ID: 5158
26/09/11 16:49:31 WARN com.cse.exodex.datasets.catalogs.NasaExoplanetCatalog: probably not enough data lolfor name: HIP 5158
26/09/11 16:49:31 WARN com.cse.exodex.datasets.StellarLibrary: probably not enough data lolwith hipparcos ID: 57274
26/09/11 16:49:31 WARN com.cse.exodex.datasets.StellarLibrary: probably not enough data lolwith hipparcos ID: 57274
26/09/11 16:49:31 WARN com.cse.exodex.datasets.catalogs.NasaExoplanetCatalog: probably not enough data lolfor name: HIP 57274
26/09/11 16:49:31 WARN com.cse.exodex.datasets.StellarLibrary: probably not enough data lolwith hipparcos ID: 57274
26/09/11 16:49:31 WARN com.cse.exodex.datasets.StellarLibrary: probably not enough data lolwith hipparcos ID: 57274
26/09/11 16:49:31 WARN com.cse.exodex.datasets.catalogs.NasaExoplanetCatalog: probably not enough data lolfor name: HIP 57274
26/09/11 16:49:31 WARN com.cse.exodex.datasets.StellarLibrary: probably not enough data lolwith hipparcos ID: 57274
26/09/11 16:49:31 WARN com.cse.exodex.datasets.StellarLibrary: probably not enough data lolwith hipparcos ID: 57274
26/09/11 16:49:31 WARN com.cse.exodex.datasets.catalogs.NasaExoplanetCatalog: probably not enough data lolfor name: HIP 57274
26/09/11 16:49:31 WARN com.cse.exodex.datasets.StellarLibrary: probably not enough data lolwith hipparcos ID: 63242
26/09/11 16:49:31 WARN com.cse.exodex.datasets.StellarLibrary: probably not enough data lolwith hipparcos ID: 63242
26/09/11 16:49:31 WARN com.cse.exodex.datasets.StellarLibrary: probably not enough data lolwith HD ID: 112410
26/09/11 16:49:31 WARN com.cse.exodex.datasets.catalogs.NasaExoplanetCatalog: probably not enough data lolfor name: HIP 63242
26/09/11 16:49:31 WARN com.cse.exodex.datasets.StellarLibrary: probably not enough data lolwith hipparcos ID: 65407
26/09/11 16:49:31 WARN com.cse.exodex.datasets.StellarLibrary: probably not enough data lolwith hipparcos ID: 65407
26/09/11 16:49:31 WARN com.cse.exodex.datasets.catalogs.NasaExoplanetCatalog: probably not enough data lolfor name: HIP 65407
26/09/11 16:49:31 WARN com.cse.exodex.datasets.StellarLibrary: probably not enough data lolwith hipparcos ID: 65407
26/09/11 16:49:31 WARN com.cse.exodex.datasets.StellarLibrary: probably not enough data lolwith hipparcos ID: 65407
26/09/11 16:49:31 WARN com.cse.exodex.datasets.catalogs.NasaExoplanetCatalog: probably not enough data lolfor name: HIP 65407
26/09/11 16:49:31 WARN com.cse.exodex.datasets.StellarLibrary: probably not enough data lolwith hipparcos ID: 65891
26/09/11 16:49:31 WARN com.cse.exodex.datasets.StellarLibrary: probably not enough data lolwith hipparcos ID: 65891
26/09/11 16:49:31 WARN com.cse.exodex.datasets.StellarLibrary: probably not enough data lolwith HD ID: 117253
26/09/11 16:49:31 WARN com.cse.exodex.datasets.catalogs.NasaExoplanetCatalog: probably not enough data lolfor name: HIP 65891
26/09/11 16:49:31 WARN com.cse.exodex.datasets.StellarLibrary: probably not enough data lolwith hipparcos ID: 67851
26/09/11 16:49:31 WARN com.cse.exodex.datasets.StellarLibrary: probably not enough data lolwith hipparcos ID: 67851
26/09/11 16:49:31 WARN com.cse.exodex.datasets.StellarLibrary: probably not enough data lolwith HD ID: 121056
26/09/11 16:49:31 WARN com.cse.exodex.datasets.catalogs.NasaExoplanetCatalog: probably not enough data lolfor name: HIP 67851
26/09/11 16:49:31 WARN com.cse.exodex.datasets.StellarLibrary: probably not enough data lolwith hipparcos ID: 67851
26/09/11 16:49:31 WARN com.cse.exodex.datasets.StellarLibrary: probably not enough data lolwith hipparcos ID: 67851
26/09/11 16:49:31 WARN com.cse.exodex.datasets.StellarLibrary: probably not enough data lolwith HD ID: 121056
26/09/11 16:49:31 WARN com.cse.exodex.datasets.catalogs.NasaExoplanetCatalog: probably not enough data lolfor name: HIP 67851
26/09/11 16:49:31 WARN com.cse.exodex.datasets.StellarLibrary: probably not enough data lolwith hipparcos ID: 70849
26/09/11 16:49:31 WARN com.cse.exodex.datasets.StellarLibrary: probably not enough data lolwith hipparcos ID: 70849
26/09/11 16:49:31 WARN com.cse.exodex.datasets.catalogs.NasaExoplanetCatalog: probably not enough data lolfor name: HIP 70849
26/09/11 16:49:31 WARN com.cse.exodex.datasets.StellarLibrary: probably not enough data lolwith hipparcos ID: 74890
26/09/11 16:49:31 WARN com.cse.exodex.datasets.StellarLibrary: probably not enough data lolwith hipparcos ID: 74890
26/09/11 16:49:31 WARN com.cse.exodex.datasets.StellarLibrary: probably not enough data lolwith HD ID: 135760
26/09/11 16:49:31 WARN com.cse.exodex.datasets.catalogs.NasaExoplanetCatalog: probably not enough data lolfor name: HIP 74890
26/09/11 16:49:31 WARN com.cse.exodex.datasets.StellarLibrary: probably not enough data lolwith hipparcos ID: 75458
26/09/11 16:49:31 WARN com.cse.exodex.datasets.StellarLibrary: probably not enough data lolwith hipparcos ID: 75458
26/09/11 16:49:31 WARN com.cse.exodex.datasets.StellarLibrary: probably not enough data lolwith HD ID: 137759
26/09/11 16:49:31 WARN com.cse.exodex.datasets.catalogs.NasaExoplanetCatalog: probably not enough data lolfor name: HIP 75458
26/09/11 16:49:31 WARN com.cse.exodex.datasets.StellarLibrary: probably not enough data lolwith hipparcos ID: 78530
26/09/11 16:49:31 WARN com.cse.exodex.datasets.StellarLibrary: probably not enough data lolwith hipparcos ID: 78530
26/09/11 16:49:31 WARN com.cse.exodex.datasets.StellarLibrary: probably not enough data lolwith HD ID: 143567
26/09/11 16:49:31 WARN com.cse.exodex.datasets.catalogs.NasaExoplanetCatalog: probably not enough data lolfor name: HIP 78530
26/09/11 16:49:31 WARN com.cse.exodex.datasets.StellarLibrary: probably not enough data lolwith hipparcos ID: 8541
26/09/11 16:49:31 WARN com.cse.exodex.datasets.StellarLibrary: probably not enough data lolwith hipparcos ID: 8541
26/09/11 16:49:31 WARN com.cse.exodex.datasets.StellarLibrary: probably not enough data lolwith HD ID: 11343
26/09/11 16:49:31 WARN com.cse.exodex.datasets.catalogs.NasaExoplanetCatalog: probably not enough data lolfor name: HIP 8541
26/09/11 16:49:31 WARN com.cse.exodex.datasets.StellarLibrary: probably not enough data lolwith hipparcos ID: 91258
26/09/11 16:49:31 WARN com.cse.exodex.datasets.StellarLibrary: probably not enough data lolwith hipparcos ID: 91258
26/09/11 16:49:31 WARN com.cse.exodex.datasets.catalogs.NasaExoplanetCatalog: probably not enough data lolfor name: HIP 91258
26/09/11 16:49:31 WARN com.cse.exodex.datasets.StellarLibrary: probably not enough data lolwith hipparcos ID: 97233
26/09/11 16:49:31 WARN com.cse.exodex.datasets.StellarLibrary: probably not enough data lolwith hipparcos ID: 97233
26/09/11 16:49:31 WARN com.cse.exodex.datasets.StellarLibrary: probably not enough data lolwith HD ID: 186641
26/09/11 16:49:31 WARN com.cse.exodex.datasets.catalogs.NasaExoplanetCatalog: probably not enough data lolfor name: HIP 97233
26/09/11 16:49:31 WARN com.cse.exodex.datasets.StellarLibrary: probably not enough data lolwith BF id: BayerFlamsteed{flamsteedDesignation=null, bayerDesignation='null', number=null, constellation=Constellation{constellation='Pegasus', genitive='Pegasi'}, prettyName='Pegasi'}
26/09/11 16:49:31 WARN com.cse.exodex.datasets.StellarLibrary: probably not enough data lolwith hipparcos ID: 32775
26/09/11 16:49:31 WARN com.cse.exodex.datasets.StellarLibrary: probably not enough data lolwith HD ID: 50571
26/09/11 16:49:31 WARN com.cse.exodex.datasets.catalogs.NasaExoplanetCatalog: probably not enough data lolfor name: HR 2562
26/09/11 16:49:31 WARN com.cse.exodex.datasets.StellarLibrary: probably not enough data lolwith hipparcos ID: 114189
26/09/11 16:49:31 WARN com.cse.exodex.datasets.StellarLibrary: probably not enough data lolwith HD ID: 218396
26/09/11 16:49:31 WARN com.cse.exodex.datasets.catalogs.NasaExoplanetCatalog: probably not enough data lolfor name: HR 8799
26/09/11 16:49:31 WARN com.cse.exodex.datasets.StellarLibrary: probably not enough data lolwith hipparcos ID: 114189
26/09/11 16:49:31 WARN com.cse.exodex.datasets.StellarLibrary: probably not enough data lolwith HD ID: 218396
26/09/11 16:49:31 WARN com.cse.exodex.datasets.catalogs.NasaExoplanetCatalog: probably not enough data lolfor name: HR 8799
26/09/11 16:49:31 WARN com.cse.exodex.datasets.StellarLibrary: probably not enough data lolwith hipparcos ID: 114189
26/09/11 16:49:31 WARN com.cse.exodex.datasets.StellarLibrary: probably not enough data lolwith HD ID: 218396
26/09/11 16:49:31 WARN com.cse.exodex.datasets.catalogs.NasaExoplanetCatalog: probably not enough data lolfor name: HR 8799
26/09/11 16:49:31 WARN com.cse.exodex.datasets.StellarLibrary: probably not enough data lolwith hipparcos ID: 114189
26/09/11 16:49:31 WARN com.cse.exodex.datasets.StellarLibrary: probably not enough data lolwith HD ID: 218396
26/09/11 16:49:31 WARN com.cse.exodex.datasets.catalogs.NasaExoplanetCatalog: probably not enough data lolfor name: HR 8799
26/09/11 16:49:31 WARN com.cse.exodex.datasets.catalogs.NasaExoplanetCatalog: probably not enough data lolfor name: K2-14
26/09/11 16:49:31 WARN com.cse.exodex.datasets.catalogs.NasaExoplanetCatalog: probably not enough data lolfor name: K2-17
26/09/11 16:49:31 WARN com.cse.exodex.datasets.catalogs.NasaExoplanetCatalog: probably not enough data lolfor name: K2-18
26/09/11 16:49:31 WARN com.cse.exodex.datasets.catalogs.NasaExoplanetCatalog: probably not enough data lolfor name: K2-21
26/09/11 16:49:31 WARN com.cse.exodex.datasets.catalogs.NasaExoplanetCatalog: probably not enough data lolfor name: K2-21
26/09/11 16:49:31 WARN com.cse.exodex.datasets.catalogs.NasaExoplanetCatalog: probably not enough data lolfor name: K2-22
26/09/11 16:49:31 WARN com.cse.exodex.datasets.catalogs.NasaExoplanetCatalog: probably not enough data lolfor name: K2-24
26/09/11 16:49:31 WARN com.cse.exodex.datasets.catalogs.NasaExoplanetCatalog: probably not enough data lolfor name: K2-24
26/09/11 16:49:31 WARN com.cse.exodex.datasets.catalogs.NasaExoplanetCatalog: probably not enough data lolfor name: K2-25
26/09/11 16:49:31 WARN com.cse.exodex.datasets.catalogs.NasaExoplanetCatalog: probably not enough data lolfor name: K2-26
26/09/11 16:49:31 WARN com.cse.exodex.datasets.catalogs.NasaExoplanetCatalog: probably not enough data lolfor name: K2-27
26/09/11 16:49:31 WARN com.cse.exodex.datasets.catalogs.NasaExoplanetCatalog: probably not enough data lolfor name: K2-28
26/09/11 16:49:31 WARN com.cse.exodex.datasets.catalogs.NasaExoplanetCatalog: probably not enough data lolfor name: K2-29
26/09/11 16:49:31 WARN com.cse.exodex.datasets.catalogs.NasaExoplanetCatalog: probably not enough data lolfor name: K2-3
26/09/11 16:49:31 WARN com.cse.exodex.datasets.catalogs.NasaExoplanetCatalog: probably not enough data lolfor name: K2-3
26/09/11 16:49:31 WARN com.cse.exodex.datasets.catalogs.NasaExoplanetCatalog: probably not enough data lolfor name: K2-3
26/09/11 16:49:31 WARN com.cse.exodex.datasets.catalogs.NasaExoplanetCatalog: probably not enough data lolfor name: K2-31
26/09/11 16:49:31 WARN com.cse.exodex.datasets.catalogs.NasaExoplanetCatalog: probably not enough data lolfor name: K2-32
26/09/11 16:49:31 WARN com.cse.exodex.datasets.catalogs.NasaExoplanetCatalog: probably not enough data lolfor name: K2-32
26/09/11 16:49:31 WARN com.cse.exodex.datasets.catalogs.NasaExoplanetCatalog: probably not enough data lolfor name: K2-32
26/09/11 16:49:31 WARN com.cse.exodex.datasets.catalogs.NasaExoplanetCatalog: probably not enough data lolfor name: K2-33
26/09/11 16:49:31 WARN com.cse.exodex.datasets.catalogs.NasaExoplanetCatalog: probably not enough data lolfor name: K2-35
26/09/11 16:49:31 WARN com.cse.exodex.datasets.catalogs.NasaExoplanetCatalog: probably not enough data lolfor name: K2-35
26/09/11 16:49:31 WARN com.cse.exodex.datasets.catalogs.NasaExoplanetCatalog: probably not enough data lolfor name: K2-36
26/09/11 16:49:31 WARN com.cse.exodex.datasets.catalogs.NasaExoplanetCatalog: probably not enough data lolfor name: K2-36
26/09/11 16:49:31 WARN com.cse.exodex.datasets.catalogs.NasaExoplanetCatalog: probably not enough data lolfor name: K2-37
26/09/11 16:49:31 WARN com.cse.exodex.datasets.catalogs.NasaExoplanetCatalog: probably not enough data lolfor name: K2-37
26/09/11 16:49:31 WARN com.cse.exodex.datasets.catalogs.NasaExoplanetCatalog: probably not enough data lolfor name: K2-37
26/09/11 16:49:31 WARN com.cse.exodex.datasets.catalogs.NasaExoplanetCatalog: probably not enough data lolfor name: K2-38
26/09/11 16:49:31 WARN com.cse.exodex.datasets.catalogs.NasaExoplanetCatalog: probably not enough data lolfor name: K2-38
26/09/11 16:49:31 WARN com.cse.exodex.datasets.catalogs.NasaExoplanetCatalog: probably not enough data lolfor name: K2-39
26/09/11 16:49:31 WARN com.cse.exodex.datasets.catalogs.NasaExoplanetCatalog: probably not enough data lolfor name: K2-4
26/09/11 16:49:31 WARN com.cse.exodex.datasets.catalogs.NasaExoplanetCatalog: probably not enough data lolfor name: K2-42
26/09/11 16:49:31 WARN com.cse.exodex.datasets.catalogs.NasaExoplanetCatalog: probably not enough data lolfor name: K2-43
26/09/11 16:49:31 WARN com.cse.exodex.datasets.catalogs.NasaExoplanetCatalog: probably not enough data lolfor name: K2-44
26/09/11 16:49:31 WARN com.cse.exodex.datasets.catalogs.NasaExoplanetCatalog: probably not enough data lolfor name: K2-45
26/09/11 16:49:31 WARN com.cse.exodex.datasets.catalogs.NasaExoplanetCatalog: probably not enough data lolfor name: K2-46
26/09/11 16:49:31 WARN com.cse.exodex.datasets.catalogs.NasaExoplanetCatalog: probably not enough data lolfor name: K2-47
26/09/11 16:49:31 WARN com.cse.exodex.datasets.catalogs.NasaExoplanetCatalog: probably not enough data lolfor name: K2-48
26/09/11 16:49:31 WARN com.cse.exodex.datasets.catalogs.NasaExoplanetCatalog: probably not enough data lolfor name: K2-49
26/09/11 16:49:31 WARN com.cse.exodex.datasets.catalogs.NasaExoplanetCatalog: probably not enough data lolfor name: K2-5
26/09/11 16:49:31 WARN com.cse.exodex.datasets.catalogs.NasaExoplanetCatalog: probably not enough data lolfor name: K2-5
26/09/11 16:49:31 WARN com.cse.exodex.datasets.catalogs.NasaExoplanetCatalog: probably not enough data lolfor name: K2-50
26/09/11 16:49:31 WARN com.cse.exodex.datasets.catalogs.NasaExoplanetCatalog: probably not enough data lolfor name: K2-51
26/09/11 16:49:31 WARN com.cse.exodex.datasets.catalogs.NasaExoplanetCatalog: probably not enough data lolfor name: K2-52
26/09/11 16:49:31 WARN com.cse.exodex.datasets.catalogs.NasaExoplanetCatalog: probably not enough data lolfor name: K2-53
26/09/11 16:49:31 WARN com.cse.exodex.datasets.catalogs.NasaExoplanetCatalog: probably not enough data lolfor name: K2-54
26/09/11 16:49:31 WARN com.cse.exodex.datasets.catalogs.NasaExoplanetCatalog: probably not enough data lolfor name: K2-55
26/09/11 16:49:31 WARN com.cse.exodex.datasets.catalogs.NasaExoplanetCatalog: probably not enough data lolfor name: K2-57
26/09/11 16:49:31 WARN com.cse.exodex.datasets.catalogs.NasaExoplanetCatalog: probably not enough data lolfor name: K2-58
26/09/11 16:49:31 WARN com.cse.exodex.datasets.catalogs.NasaExoplanetCatalog: probably not enough data lolfor name: K2-58
26/09/11 16:49:31 WARN com.cse.exodex.datasets.catalogs.NasaExoplanetCatalog: probably not enough data lolfor name: K2-58
26/09/11 16:49:31 WARN com.cse.exodex.datasets.catalogs.NasaExoplanetCatalog: probably not enough data lolfor name: K2-59
26/09/11 16:49:31 WARN com.cse.exodex.datasets.catalogs.NasaExoplanetCatalog: probably not enough data lolfor name: K2-59
26/09/11 16:49:31 WARN com.cse.exodex.datasets.catalogs.NasaExoplanetCatalog: probably not enough data lolfor name: K2-6
26/09/11 16:49:31 WARN com.cse.exodex.datasets.catalogs.NasaExoplanetCatalog: probably not enough data lolfor name: K2-60
26/09/11 16:49:31 WARN com.cse.exodex.datasets.catalogs.NasaExoplanetCatalog: probably not enough data lolfor name: K2-61
26/09/11 16:49:31 WARN com.cse.exodex.datasets.catalogs.NasaExoplanetCatalog: probably not enough data lolfor name: K2-62
26/09/11 16:49:31 WARN com.cse.exodex.datasets.catalogs.NasaExoplanetCatalog: probably not enough data lolfor name: K2-62
26/09/11 16:49:31 WARN com.cse.exodex.datasets.catalogs.NasaExoplanetCatalog: probably not enough data lolfor name: K2-63
26/09/11 16:49:31 WARN com.cse.exodex.datasets.catalogs.NasaExoplanetCatalog: probably not enough data lolfor name: K2-64
26/09/11 16:49:31 WARN com.cse.exodex.datasets.StellarLibrary: probably not enough data lolwith hipparcos ID: 109656
26/09/11 16:49:31 WARN com.cse.exodex.datasets.catalogs.NasaExoplanetCatalog: probably not enough data lolfor name: K2-65
26/09/11 16:49:31 WARN com.cse.exodex.datasets.catalogs.NasaExoplanetCatalog: probably not enough data lolfor name: K2-66
26/09/11 16:49:31 WARN com.cse.exodex.datasets.catalogs.NasaExoplanetCatalog: probably not enough data lolfor name: K2-67
26/09/11 16:49:31 WARN com.cse.exodex.datasets.catalogs.NasaExoplanetCatalog: probably not enough data lolfor name: K2-68
26/09/11 16:49:31 WARN com.cse.exodex.datasets.catalogs.NasaExoplanetCatalog: probably not enough data lolfor name: K2-69
26/09/11 16:49:31 WARN com.cse.exodex.datasets.catalogs.NasaExoplanetCatalog: probably not enough data lolfor name: K2-7
26/09/11 16:49:31 WARN com.cse.exodex.datasets.catalogs.NasaExoplanetCatalog: probably not enough data lolfor name: K2-70
26/09/11 16:49:31 WARN com.cse.exodex.datasets.catalogs.NasaExoplanetCatalog: probably not enough data lolfor name: K2-71
26/09/11 16:49:31 WARN com.cse.exodex.datasets.catalogs.NasaExoplanetCatalog: probably not enough data lolfor name: K2-72
26/09/11 16:49:31 WARN com.cse.exodex.datasets.catalogs.NasaExoplanetCatalog: probably not enough data lolfor name: K2-72
26/09/11 16:49:31 WARN com.cse.exodex.datasets.catalogs.NasaExoplanetCatalog: probably not enough data lolfor name: K2-72
26/09/11 16:49:31 WARN com.cse.exodex.datasets.catalogs.NasaExoplanetCatalog: probably not enough data lolfor name: K2-72
26/09/11 16:49:31 WARN com.cse.exodex.datasets.catalogs.NasaExoplanetCatalog: probably not enough data lolfor name: K2-73
26/09/11 16:49:31 WARN com.cse.exodex.datasets.catalogs.NasaExoplanetCatalog: probably not enough data lolfor name: K2-74
26/09/11 16:49:31 WARN com.cse.exodex.datasets.catalogs.NasaExoplanetCatalog: probably not enough data lolfor name: K2-75
26/09/11 16:49:31 WARN com.cse.exodex.datasets.catalogs.NasaExoplanetCatalog: probably not enough data lolfor name: K2-75
26/09/11 16:49:31 WARN com.cse.exodex.datasets.catalogs.NasaExoplanetCatalog: probably not enough data lolfor name: K2-76
26/09/11 16:49:31 WARN com.cse.exodex.datasets.catalogs.NasaExoplanetCatalog: probably not enough data lolfor name: K2-77
26/09/11 16:49:31 WARN com.cse.exodex.datasets.catalogs.NasaExoplanetCatalog: probably not enough data lolfor name: K2-78
26/09/11 16:49:31 WARN com.cse.exodex.datasets.catalogs.NasaExoplanetCatalog: probably not enough data lolfor name: K2-79
26/09/11 16:49:31 WARN com.cse.exodex.datasets.catalogs.NasaExoplanetCatalog: probably not enough data lolfor name: K2-8
26/09/11 16:49:31 WARN com.cse.exodex.datasets.catalogs.NasaExoplanetCatalog: probably not enough data lolfor name: K2-8
26/09/11 16:49:31 WARN com.cse.exodex.datasets.catalogs.NasaExoplanetCatalog: probably not enough data lolfor name: K2-80
26/09/11 16:49:31 WARN com.cse.exodex.datasets.catalogs.NasaExoplanetCatalog: probably not enough data lolfor name: K2-80
26/09/11 16:49:31 WARN com.cse.exodex.datasets.catalogs.NasaExoplanetCatalog: probably not enough data lolfor name: K2-81
26/09/11 16:49:31 WARN com.cse.exodex.datasets.catalogs.NasaExoplanetCatalog: probably not enough data lolfor name: K2-82
26/09/11 16:49:31 WARN com.cse.exodex.datasets.catalogs.NasaExoplanetCatalog: probably not enough data lolfor name: K2-83
26/09/11 16:49:31 WARN com.cse.exodex.datasets.catalogs.NasaExoplanetCatalog: probably not enough data lolfor name: K2-83
26/09/11 16:49:31 WARN com.cse.exodex.datasets.catalogs.NasaExoplanetCatalog: probably not enough data lolfor name: K2-84
26/09/11 16:49:31 WARN com.cse.exodex.datasets.catalogs.NasaExoplanetCatalog: probably not enough data lolfor name: K2-84
26/09/11 16:49:31 WARN com.cse.exodex.datasets.catalogs.NasaExoplanetCatalog: probably not enough data lolfor name: K2-85
26/09/11 16:49:31 WARN com.cse.exodex.datasets.catalogs.NasaExoplanetCatalog: probably not enough data lolfor name: K2-86
26/09/11 16:49:31 WARN com.cse.exodex.datasets.catalogs.NasaExoplanetCatalog: probably not enough data lolfor name: K2-87
26/09/11 16:49:31 WARN com.cse.exodex.datasets.catalogs.NasaExoplanetCatalog: probably not enough data lolfor name: K2-88
26/09/11 16:49:31 WARN com.cse.exodex.datasets.catalogs.NasaExoplanetCatalog: probably not enough data lolfor name: K2-89
26/09/11 16:49:31 WARN com.cse.exodex.datasets.catalogs.NasaExoplanetCatalog: probably not enough data lolfor name: K2-9
26/09/11 16:49:31 WARN com.cse.exodex.datasets.catalogs.NasaExoplanetCatalog: probably not enough data lolfor name: K2-90
26/09/11 16:49:31 WARN com.cse.exodex.datasets.catalogs.NasaExoplanetCatalog: probably not enough data lolfor name: K2-90
26/09/11 16:49:31 WARN com.cse.exodex.datasets.catalogs.NasaExoplanetCatalog: probably not enough data lolfor name: K2-91
26/09/11 16:49:31 WARN com.cse.exodex.datasets.catalogs.NasaExoplanetCatalog: probably not enough data lolfor name: K2-92
26/09/11 16:49:31 WARN com.cse.exodex.datasets.catalogs.NasaExoplanetCatalog: probably not enough data lolfor name: K2-95
26/09/11 16:49:31 WARN com.cse.exodex.datasets.catalogs.NasaExoplanetCatalog: probably not enough data lolfor name: KELT-10
26/09/11 16:49:31 WARN com.cse.exodex.datasets.catalogs.NasaExoplanetCatalog: probably not enough data lolfor name: KELT-17
26/09/11 16:49:31 WARN com.cse.exodex.datasets.StellarLibrary: probably not enough data lolwith hipparcos ID: 29301
26/09/11 16:49:31 WARN com.cse.exodex.datasets.StellarLibrary: probably not enough data lolwith HD ID: 42176
26/09/11 16:49:31 WARN com.cse.exodex.datasets.catalogs.NasaExoplanetCatalog: probably not enough data lolfor name: KELT-2 A
26/09/11 16:49:31 WARN com.cse.exodex.datasets.catalogs.NasaExoplanetCatalog: probably not enough data lolfor name: KELT-3
26/09/11 16:49:31 WARN com.cse.exodex.datasets.StellarLibrary: probably not enough data lolwith BF id: BayerFlamsteed{flamsteedDesignation=null, bayerDesignation='null', number=51260, constellation=null, prettyName='51260'}
26/09/11 16:49:31 WARN com.cse.exodex.datasets.catalogs.NasaExoplanetCatalog: probably not enough data lolfor name: KELT-4 A
26/09/11 16:49:31 WARN com.cse.exodex.datasets.catalogs.NasaExoplanetCatalog: probably not enough data lolfor name: KELT-6
26/09/11 16:49:31 WARN com.cse.exodex.datasets.catalogs.NasaExoplanetCatalog: probably not enough data lolfor name: KELT-6
26/09/11 16:49:31 WARN com.cse.exodex.datasets.StellarLibrary: probably not enough data lolwith hipparcos ID: 24323
26/09/11 16:49:31 WARN com.cse.exodex.datasets.StellarLibrary: probably not enough data lolwith HD ID: 33643
26/09/11 16:49:31 WARN com.cse.exodex.datasets.catalogs.NasaExoplanetCatalog: probably not enough data lolfor name: KELT-7
26/09/11 16:49:31 WARN com.cse.exodex.datasets.StellarLibrary: probably not enough data lolwith HD ID: 343246
26/09/11 16:49:31 WARN com.cse.exodex.datasets.catalogs.NasaExoplanetCatalog: probably not enough data lolfor name: KELT-8
26/09/11 16:49:31 WARN com.cse.exodex.datasets.catalogs.NasaExoplanetCatalog: probably not enough data lolfor name: KIC 10001893
26/09/11 16:49:31 WARN com.cse.exodex.datasets.catalogs.NasaExoplanetCatalog: probably not enough data lolfor name: KIC 10001893
26/09/11 16:49:31 WARN com.cse.exodex.datasets.catalogs.NasaExoplanetCatalog: probably not enough data lolfor name: KIC 10001893
26/09/11 16:49:31 WARN com.cse.exodex.datasets.catalogs.NasaExoplanetCatalog: probably not enough data lolfor name: KIC 10525077
26/09/11 16:49:31 WARN com.cse.exodex.datasets.catalogs.NasaExoplanetCatalog: probably not enough data lolfor name: KIC 3558849
26/09/11 16:49:31 WARN com.cse.exodex.datasets.catalogs.NasaExoplanetCatalog: probably not enough data lolfor name: KIC 5437945
26/09/11 16:49:31 WARN com.cse.exodex.datasets.catalogs.NasaExoplanetCatalog: probably not enough data lolfor name: KIC 5951458
26/09/11 16:49:31 WARN com.cse.exodex.datasets.catalogs.NasaExoplanetCatalog: probably not enough data lolfor name: KIC 7917485
26/09/11 16:49:31 WARN com.cse.exodex.datasets.catalogs.NasaExoplanetCatalog: probably not enough data lolfor name: KIC 8540376
26/09/11 16:49:31 WARN com.cse.exodex.datasets.catalogs.NasaExoplanetCatalog: probably not enough data lolfor name: KIC 8540376
26/09/11 16:49:31 WARN com.cse.exodex.datasets.catalogs.NasaExoplanetCatalog: probably not enough data lolfor name: KIC 9663113
26/09/11 16:49:31 WARN com.cse.exodex.datasets.catalogs.NasaExoplanetCatalog: probably not enough data lolfor name: KOI-13
26/09/11 16:49:31 WARN com.cse.exodex.datasets.catalogs.NasaExoplanetCatalog: probably not enough data lolfor name: KOI-94
26/09/11 16:49:31 WARN com.cse.exodex.datasets.catalogs.NasaExoplanetCatalog: probably not enough data lolfor name: KOI-94
26/09/11 16:49:31 WARN com.cse.exodex.datasets.catalogs.NasaExoplanetCatalog: probably not enough data lolfor name: KOI-94
26/09/11 16:49:31 WARN com.cse.exodex.datasets.catalogs.NasaExoplanetCatalog: probably not enough data lolfor name: KOI-94
26/09/11 16:49:31 WARN com.cse.exodex.datasets.StellarLibrary: probably not enough data lolwith BF id: BayerFlamsteed{flamsteedDesignation=null, bayerDesignation='null', number=null, constellation=null, prettyName=''}
26/09/11 16:49:31 WARN com.cse.exodex.datasets.catalogs.NasaExoplanetCatalog: probably not enough data lolfor name: Kepler-10
26/09/11 16:49:31 WARN com.cse.exodex.datasets.catalogs.NasaExoplanetCatalog: probably not enough data lolfor name: Kepler-10
26/09/11 16:49:31 WARN com.cse.exodex.datasets.catalogs.NasaExoplanetCatalog: probably not enough data lolfor name: Kepler-100
26/09/11 16:49:31 WARN com.cse.exodex.datasets.catalogs.NasaExoplanetCatalog: probably not enough data lolfor name: Kepler-100
26/09/11 16:49:31 WARN com.cse.exodex.datasets.catalogs.NasaExoplanetCatalog: probably not enough data lolfor name: Kepler-100
26/09/11 16:49:31 WARN com.cse.exodex.datasets.catalogs.NasaExoplanetCatalog: probably not enough data lolfor name: Kepler-101
26/09/11 16:49:31 WARN com.cse.exodex.datasets.catalogs.NasaExoplanetCatalog: probably not enough data lolfor name: Kepler-101
26/09/11 16:49:31 WARN com.cse.exodex.datasets.catalogs.NasaExoplanetCatalog: probably not enough data lolfor name: Kepler-1019
26/09/11 16:49:31 WARN com.cse.exodex.datasets.catalogs.NasaExoplanetCatalog: probably not enough data lolfor name: Kepler-102
26/09/11 16:49:31 WARN com.cse.exodex.datasets.catalogs.NasaExoplanetCatalog: probably not enough data lolfor name: Kepler-102
26/09/11 16:49:31 WARN com.cse.exodex.datasets.catalogs.NasaExoplanetCatalog: probably not enough data lolfor name: Kepler-102
26/09/11 16:49:31 WARN com.cse.exodex.datasets.catalogs.NasaExoplanetCatalog: probably not enough data lolfor name: Kepler-102
26/09/11 16:49:31 WARN com.cse.exodex.datasets.catalogs.NasaExoplanetCatalog: probably not enough data lolfor name: Kepler-102
26/09/11 16:49:31 WARN com.cse.exodex.datasets.catalogs.NasaExoplanetCatalog: probably not enough data lolfor name: Kepler-103
26/09/11 16:49:31 WARN com.cse.exodex.datasets.catalogs.NasaExoplanetCatalog: probably not enough data lolfor name: Kepler-103
26/09/11 16:49:31 WARN com.cse.exodex.datasets.catalogs.NasaExoplanetCatalog: probably not enough data lolfor name: Kepler-104
26/09/11 16:49:31 WARN com.cse.exodex.datasets.catalogs.NasaExoplanetCatalog: probably not enough data lolfor name: Kepler-104
26/09/11 16:49:31 WARN com.cse.exodex.datasets.catalogs.NasaExoplanetCatalog: probably not enough data lolfor name: Kepler-104
26/09/11 16:49:31 WARN com.cse.exodex.datasets.catalogs.NasaExoplanetCatalog: probably not enough data lolfor name: Kepler-1049
26/09/11 16:49:31 WARN com.cse.exodex.datasets.catalogs.NasaExoplanetCatalog: probably not enough data lolfor name: Kepler-105
26/09/11 16:49:31 WARN com.cse.exodex.datasets.catalogs.NasaExoplanetCatalog: probably not enough data lolfor name: Kepler-105
26/09/11 16:49:31 WARN com.cse.exodex.datasets.catalogs.NasaExoplanetCatalog: probably not enough data lolfor name: Kepler-1053
26/09/11 16:49:31 WARN com.cse.exodex.datasets.catalogs.NasaExoplanetCatalog: probably not enough data lolfor name: Kepler-106
26/09/11 16:49:31 WARN com.cse.exodex.datasets.catalogs.NasaExoplanetCatalog: probably not enough data lolfor name: Kepler-106
26/09/11 16:49:31 WARN com.cse.exodex.datasets.catalogs.NasaExoplanetCatalog: probably not enough data lolfor name: Kepler-106
26/09/11 16:49:31 WARN com.cse.exodex.datasets.catalogs.NasaExoplanetCatalog: probably not enough data lolfor name: Kepler-106
26/09/11 16:49:31 WARN com.cse.exodex.datasets.catalogs.NasaExoplanetCatalog: probably not enough data lolfor name: Kepler-107
26/09/11 16:49:31 WARN com.cse.exodex.datasets.catalogs.NasaExoplanetCatalog: probably not enough data lolfor name: Kepler-107
26/09/11 16:49:31 WARN com.cse.exodex.datasets.catalogs.NasaExoplanetCatalog: probably not enough data lolfor name: Kepler-107
26/09/11 16:49:31 WARN com.cse.exodex.datasets.catalogs.NasaExoplanetCatalog: probably not enough data lolfor name: Kepler-107
26/09/11 16:49:31 WARN com.cse.exodex.datasets.catalogs.NasaExoplanetCatalog: probably not enough data lolfor name: Kepler-1076
26/09/11 16:49:31 WARN com.cse.exodex.datasets.catalogs.NasaExoplanetCatalog: probably not enough data lolfor name: Kepler-108
26/09/11 16:49:31 WARN com.cse.exodex.datasets.catalogs.NasaExoplanetCatalog: probably not enough data lolfor name: Kepler-108
26/09/11 16:49:31 WARN com.cse.exodex.datasets.catalogs.NasaExoplanetCatalog: probably not enough data lolfor name: Kepler-1089
26/09/11 16:49:31 WARN com.cse.exodex.datasets.catalogs.NasaExoplanetCatalog: probably not enough data lolfor name: Kepler-109
26/09/11 16:49:31 WARN com.cse.exodex.datasets.catalogs.NasaExoplanetCatalog: probably not enough data lolfor name: Kepler-109
26/09/11 16:49:31 WARN com.cse.exodex.datasets.catalogs.NasaExoplanetCatalog: probably not enough data lolfor name: Kepler-110
26/09/11 16:49:31 WARN com.cse.exodex.datasets.catalogs.NasaExoplanetCatalog: probably not enough data lolfor name: Kepler-110
26/09/11 16:49:31 WARN com.cse.exodex.datasets.catalogs.NasaExoplanetCatalog: probably not enough data lolfor name: Kepler-111
26/09/11 16:49:31 WARN com.cse.exodex.datasets.catalogs.NasaExoplanetCatalog: probably not enough data lolfor name: Kepler-111
26/09/11 16:49:31 WARN com.cse.exodex.datasets.catalogs.NasaExoplanetCatalog: probably not enough data lolfor name: Kepler-112
26/09/11 16:49:31 WARN com.cse.exodex.datasets.catalogs.NasaExoplanetCatalog: probably not enough data lolfor name: Kepler-112
26/09/11 16:49:31 WARN com.cse.exodex.datasets.catalogs.NasaExoplanetCatalog: probably not enough data lolfor name: Kepler-1124
26/09/11 16:49:31 WARN com.cse.exodex.datasets.catalogs.NasaExoplanetCatalog: probably not enough data lolfor name: Kepler-113
26/09/11 16:49:31 WARN com.cse.exodex.datasets.catalogs.NasaExoplanetCatalog: probably not enough data lolfor name: Kepler-113
26/09/11 16:49:31 WARN com.cse.exodex.datasets.catalogs.NasaExoplanetCatalog: probably not enough data lolfor name: Kepler-1130
26/09/11 16:49:31 WARN com.cse.exodex.datasets.catalogs.NasaExoplanetCatalog: probably not enough data lolfor name: Kepler-114
26/09/11 16:49:31 WARN com.cse.exodex.datasets.catalogs.NasaExoplanetCatalog: probably not enough data lolfor name: Kepler-114
26/09/11 16:49:31 WARN com.cse.exodex.datasets.catalogs.NasaExoplanetCatalog: probably not enough data lolfor name: Kepler-114
26/09/11 16:49:31 WARN com.cse.exodex.datasets.catalogs.NasaExoplanetCatalog: probably not enough data lolfor name: Kepler-115
26/09/11 16:49:31 WARN com.cse.exodex.datasets.catalogs.NasaExoplanetCatalog: probably not enough data lolfor name: Kepler-115
26/09/11 16:49:31 WARN com.cse.exodex.datasets.catalogs.NasaExoplanetCatalog: probably not enough data lolfor name: Kepler-1152
26/09/11 16:49:31 WARN com.cse.exodex.datasets.catalogs.NasaExoplanetCatalog: probably not enough data lolfor name: Kepler-116
26/09/11 16:49:31 WARN com.cse.exodex.datasets.catalogs.NasaExoplanetCatalog: probably not enough data lolfor name: Kepler-116
26/09/11 16:49:31 WARN com.cse.exodex.datasets.catalogs.NasaExoplanetCatalog: probably not enough data lolfor name: Kepler-118
26/09/11 16:49:31 WARN com.cse.exodex.datasets.catalogs.NasaExoplanetCatalog: probably not enough data lolfor name: Kepler-118
26/09/11 16:49:31 WARN com.cse.exodex.datasets.catalogs.NasaExoplanetCatalog: probably not enough data lolfor name: Kepler-119
26/09/11 16:49:31 WARN com.cse.exodex.datasets.catalogs.NasaExoplanetCatalog: probably not enough data lolfor name: Kepler-119
26/09/11 16:49:31 WARN com.cse.exodex.datasets.catalogs.NasaExoplanetCatalog: probably not enough data lolfor name: Kepler-120
26/09/11 16:49:31 WARN com.cse.exodex.datasets.catalogs.NasaExoplanetCatalog: probably not enough data lolfor name: Kepler-120
26/09/11 16:49:32 WARN com.cse.exodex.datasets.catalogs.NasaExoplanetCatalog: probably not enough data lolfor name: Kepler-121
26/09/11 16:49:32 WARN com.cse.exodex.datasets.catalogs.NasaExoplanetCatalog: probably not enough data lolfor name: Kepler-121
26/09/11 16:49:32 WARN com.cse.exodex.datasets.catalogs.NasaExoplanetCatalog: probably not enough data lolfor name: Kepler-122
26/09/11 16:49:32 WARN com.cse.exodex.datasets.catalogs.NasaExoplanetCatalog: probably not enough data lolfor name: Kepler-122
26/09/11 16:49:32 WARN com.cse.exodex.datasets.catalogs.NasaExoplanetCatalog: probably not enough data lolfor name: Kepler-122
26/09/11 16:49:32 WARN com.cse.exodex.datasets.catalogs.NasaExoplanetCatalog: probably not enough data lolfor name: Kepler-122
26/09/11 16:49:32 WARN com.cse.exodex.datasets.catalogs.NasaExoplanetCatalog: probably not enough data lolfor name: Kepler-122
26/09/11 16:49:32 WARN com.cse.exodex.datasets.catalogs.NasaExoplanetCatalog: probably not enough data lolfor name: Kepler-1229
26/09/11 16:49:32 WARN com.cse.exodex.datasets.catalogs.NasaExoplanetCatalog: probably not enough data lolfor name: Kepler-123
26/09/11 16:49:32 WARN com.cse.exodex.datasets.catalogs.NasaExoplanetCatalog: probably not enough data lolfor name: Kepler-123
26/09/11 16:49:32 WARN com.cse.exodex.datasets.catalogs.NasaExoplanetCatalog: probably not enough data lolfor name: Kepler-124
26/09/11 16:49:32 WARN com.cse.exodex.datasets.catalogs.NasaExoplanetCatalog: probably not enough data lolfor name: Kepler-124
26/09/11 16:49:32 WARN com.cse.exodex.datasets.catalogs.NasaExoplanetCatalog: probably not enough data lolfor name: Kepler-124
26/09/11 16:49:32 WARN com.cse.exodex.datasets.catalogs.NasaExoplanetCatalog: probably not enough data lolfor name: Kepler-125
26/09/11 16:49:32 WARN com.cse.exodex.datasets.catalogs.NasaExoplanetCatalog: probably not enough data lolfor name: Kepler-125
26/09/11 16:49:32 WARN com.cse.exodex.datasets.catalogs.NasaExoplanetCatalog: probably not enough data lolfor name: Kepler-126
26/09/11 16:49:32 WARN com.cse.exodex.datasets.catalogs.NasaExoplanetCatalog: probably not enough data lolfor name: Kepler-126
26/09/11 16:49:32 WARN com.cse.exodex.datasets.catalogs.NasaExoplanetCatalog: probably not enough data lolfor name: Kepler-126
26/09/11 16:49:32 WARN com.cse.exodex.datasets.catalogs.NasaExoplanetCatalog: probably not enough data lolfor name: Kepler-127
26/09/11 16:49:32 WARN com.cse.exodex.datasets.catalogs.NasaExoplanetCatalog: probably not enough data lolfor name: Kepler-127
26/09/11 16:49:32 WARN com.cse.exodex.datasets.catalogs.NasaExoplanetCatalog: probably not enough data lolfor name: Kepler-127
26/09/11 16:49:32 WARN com.cse.exodex.datasets.catalogs.NasaExoplanetCatalog: probably not enough data lolfor name: Kepler-128
26/09/11 16:49:32 WARN com.cse.exodex.datasets.catalogs.NasaExoplanetCatalog: probably not enough data lolfor name: Kepler-128
26/09/11 16:49:32 WARN com.cse.exodex.datasets.catalogs.NasaExoplanetCatalog: probably not enough data lolfor name: Kepler-129
26/09/11 16:49:32 WARN com.cse.exodex.datasets.catalogs.NasaExoplanetCatalog: probably not enough data lolfor name: Kepler-129
26/09/11 16:49:32 WARN com.cse.exodex.datasets.catalogs.NasaExoplanetCatalog: probably not enough data lolfor name: Kepler-130
26/09/11 16:49:32 WARN com.cse.exodex.datasets.catalogs.NasaExoplanetCatalog: probably not enough data lolfor name: Kepler-130
26/09/11 16:49:32 WARN com.cse.exodex.datasets.catalogs.NasaExoplanetCatalog: probably not enough data lolfor name: Kepler-130
26/09/11 16:49:32 WARN com.cse.exodex.datasets.catalogs.NasaExoplanetCatalog: probably not enough data lolfor name: Kepler-1308
26/09/11 16:49:32 WARN com.cse.exodex.datasets.catalogs.NasaExoplanetCatalog: probably not enough data lolfor name: Kepler-131
26/09/11 16:49:32 WARN com.cse.exodex.datasets.catalogs.NasaExoplanetCatalog: probably not enough data lolfor name: Kepler-131
26/09/11 16:49:32 WARN com.cse.exodex.datasets.catalogs.NasaExoplanetCatalog: probably not enough data lolfor name: Kepler-1313
26/09/11 16:49:32 WARN com.cse.exodex.datasets.catalogs.NasaExoplanetCatalog: probably not enough data lolfor name: Kepler-1319
26/09/11 16:49:32 WARN com.cse.exodex.datasets.catalogs.NasaExoplanetCatalog: probably not enough data lolfor name: Kepler-132
26/09/11 16:49:32 WARN com.cse.exodex.datasets.catalogs.NasaExoplanetCatalog: probably not enough data lolfor name: Kepler-132
26/09/11 16:49:32 WARN com.cse.exodex.datasets.catalogs.NasaExoplanetCatalog: probably not enough data lolfor name: Kepler-132
26/09/11 16:49:32 WARN com.cse.exodex.datasets.catalogs.NasaExoplanetCatalog: probably not enough data lolfor name: Kepler-132
26/09/11 16:49:32 WARN com.cse.exodex.datasets.catalogs.NasaExoplanetCatalog: probably not enough data lolfor name: Kepler-133
26/09/11 16:49:32 WARN com.cse.exodex.datasets.catalogs.NasaExoplanetCatalog: probably not enough data lolfor name: Kepler-133
26/09/11 16:49:32 WARN com.cse.exodex.datasets.catalogs.NasaExoplanetCatalog: probably not enough data lolfor name: Kepler-134
26/09/11 16:49:32 WARN com.cse.exodex.datasets.catalogs.NasaExoplanetCatalog: probably not enough data lolfor name: Kepler-134
26/09/11 16:49:32 WARN com.cse.exodex.datasets.catalogs.NasaExoplanetCatalog: probably not enough data lolfor name: Kepler-135
26/09/11 16:49:32 WARN com.cse.exodex.datasets.catalogs.NasaExoplanetCatalog: probably not enough data lolfor name: Kepler-135
26/09/11 16:49:32 WARN com.cse.exodex.datasets.catalogs.NasaExoplanetCatalog: probably not enough data lolfor name: Kepler-1351
26/09/11 16:49:32 WARN com.cse.exodex.datasets.catalogs.NasaExoplanetCatalog: probably not enough data lolfor name: Kepler-136
26/09/11 16:49:32 WARN com.cse.exodex.datasets.catalogs.NasaExoplanetCatalog: probably not enough data lolfor name: Kepler-136
26/09/11 16:49:32 WARN com.cse.exodex.datasets.catalogs.NasaExoplanetCatalog: probably not enough data lolfor name: Kepler-137
26/09/11 16:49:32 WARN com.cse.exodex.datasets.catalogs.NasaExoplanetCatalog: probably not enough data lolfor name: Kepler-137
26/09/11 16:49:32 WARN com.cse.exodex.datasets.catalogs.NasaExoplanetCatalog: probably not enough data lolfor name: Kepler-138
26/09/11 16:49:32 WARN com.cse.exodex.datasets.catalogs.NasaExoplanetCatalog: probably not enough data lolfor name: Kepler-138
26/09/11 16:49:32 WARN com.cse.exodex.datasets.catalogs.NasaExoplanetCatalog: probably not enough data lolfor name: Kepler-138
26/09/11 16:49:32 WARN com.cse.exodex.datasets.catalogs.NasaExoplanetCatalog: probably not enough data lolfor name: Kepler-139
26/09/11 16:49:32 WARN com.cse.exodex.datasets.catalogs.NasaExoplanetCatalog: probably not enough data lolfor name: Kepler-139
26/09/11 16:49:32 WARN com.cse.exodex.datasets.catalogs.NasaExoplanetCatalog: probably not enough data lolfor name: Kepler-140
26/09/11 16:49:32 WARN com.cse.exodex.datasets.catalogs.NasaExoplanetCatalog: probably not enough data lolfor name: Kepler-140
26/09/11 16:49:32 WARN com.cse.exodex.datasets.catalogs.NasaExoplanetCatalog: probably not enough data lolfor name: Kepler-141
26/09/11 16:49:32 WARN com.cse.exodex.datasets.catalogs.NasaExoplanetCatalog: probably not enough data lolfor name: Kepler-141
26/09/11 16:49:32 WARN com.cse.exodex.datasets.catalogs.NasaExoplanetCatalog: probably not enough data lolfor name: Kepler-142
26/09/11 16:49:32 WARN com.cse.exodex.datasets.catalogs.NasaExoplanetCatalog: probably not enough data lolfor name: Kepler-142
26/09/11 16:49:32 WARN com.cse.exodex.datasets.catalogs.NasaExoplanetCatalog: probably not enough data lolfor name: Kepler-142
26/09/11 16:49:32 WARN com.cse.exodex.datasets.catalogs.NasaExoplanetCatalog: probably not enough data lolfor name: Kepler-143
26/09/11 16:49:32 WARN com.cse.exodex.datasets.catalogs.NasaExoplanetCatalog: probably not enough data lolfor name: Kepler-143
26/09/11 16:49:32 WARN com.cse.exodex.datasets.catalogs.NasaExoplanetCatalog: probably not enough data lolfor name: Kepler-1439
26/09/11 16:49:32 WARN com.cse.exodex.datasets.catalogs.NasaExoplanetCatalog: probably not enough data lolfor name: Kepler-144
26/09/11 16:49:32 WARN com.cse.exodex.datasets.catalogs.NasaExoplanetCatalog: probably not enough data lolfor name: Kepler-144
26/09/11 16:49:32 WARN com.cse.exodex.datasets.catalogs.NasaExoplanetCatalog: probably not enough data lolfor name: Kepler-1446
26/09/11 16:49:32 WARN com.cse.exodex.datasets.catalogs.NasaExoplanetCatalog: probably not enough data lolfor name: Kepler-145
26/09/11 16:49:32 WARN com.cse.exodex.datasets.catalogs.NasaExoplanetCatalog: probably not enough data lolfor name: Kepler-145
26/09/11 16:49:32 WARN com.cse.exodex.datasets.catalogs.NasaExoplanetCatalog: probably not enough data lolfor name: Kepler-146
26/09/11 16:49:32 WARN com.cse.exodex.datasets.catalogs.NasaExoplanetCatalog: probably not enough data lolfor name: Kepler-146
26/09/11 16:49:32 WARN com.cse.exodex.datasets.catalogs.NasaExoplanetCatalog: probably not enough data lolfor name: Kepler-147
26/09/11 16:49:32 WARN com.cse.exodex.datasets.catalogs.NasaExoplanetCatalog: probably not enough data lolfor name: Kepler-147
26/09/11 16:49:32 WARN com.cse.exodex.datasets.catalogs.NasaExoplanetCatalog: probably not enough data lolfor name: Kepler-148
26/09/11 16:49:32 WARN com.cse.exodex.datasets.catalogs.NasaExoplanetCatalog: probably not enough data lolfor name: Kepler-148
26/09/11 16:49:32 WARN com.cse.exodex.datasets.catalogs.NasaExoplanetCatalog: probably not enough data lolfor name: Kepler-148
26/09/11 16:49:32 WARN com.cse.exodex.datasets.catalogs.NasaExoplanetCatalog: probably not enough data lolfor name: Kepler-149
26/09/11 16:49:32 WARN com.cse.exodex.datasets.catalogs.NasaExoplanetCatalog: probably not enough data lolfor name: Kepler-149
26/09/11 16:49:32 WARN com.cse.exodex.datasets.catalogs.NasaExoplanetCatalog: probably not enough data lolfor name: Kepler-149
26/09/11 16:49:32 WARN com.cse.exodex.datasets.catalogs.NasaExoplanetCatalog: probably not enough data lolfor name: Kepler-15
26/09/11 16:49:32 WARN com.cse.exodex.datasets.catalogs.NasaExoplanetCatalog: probably not enough data lolfor name: Kepler-150
26/09/11 16:49:32 WARN com.cse.exodex.datasets.catalogs.NasaExoplanetCatalog: probably not enough data lolfor name: Kepler-150
26/09/11 16:49:32 WARN com.cse.exodex.datasets.catalogs.NasaExoplanetCatalog: probably not enough data lolfor name: Kepler-150
26/09/11 16:49:32 WARN com.cse.exodex.datasets.catalogs.NasaExoplanetCatalog: probably not enough data lolfor name: Kepler-150
26/09/11 16:49:32 WARN com.cse.exodex.datasets.catalogs.NasaExoplanetCatalog: probably not enough data lolfor name: Kepler-151
26/09/11 16:49:32 WARN com.cse.exodex.datasets.catalogs.NasaExoplanetCatalog: probably not enough data lolfor name: Kepler-151
26/09/11 16:49:32 WARN com.cse.exodex.datasets.catalogs.NasaExoplanetCatalog: probably not enough data lolfor name: Kepler-1512
26/09/11 16:49:32 WARN com.cse.exodex.datasets.catalogs.NasaExoplanetCatalog: probably not enough data lolfor name: Kepler-152
26/09/11 16:49:32 WARN com.cse.exodex.datasets.catalogs.NasaExoplanetCatalog: probably not enough data lolfor name: Kepler-152
26/09/11 16:49:32 WARN com.cse.exodex.datasets.catalogs.NasaExoplanetCatalog: probably not enough data lolfor name: Kepler-1521
26/09/11 16:49:32 WARN com.cse.exodex.datasets.catalogs.NasaExoplanetCatalog: probably not enough data lolfor name: Kepler-153
26/09/11 16:49:32 WARN com.cse.exodex.datasets.catalogs.NasaExoplanetCatalog: probably not enough data lolfor name: Kepler-153
26/09/11 16:49:32 WARN com.cse.exodex.datasets.catalogs.NasaExoplanetCatalog: probably not enough data lolfor name: Kepler-154
26/09/11 16:49:32 WARN com.cse.exodex.datasets.catalogs.NasaExoplanetCatalog: probably not enough data lolfor name: Kepler-154
26/09/11 16:49:32 WARN com.cse.exodex.datasets.catalogs.NasaExoplanetCatalog: probably not enough data lolfor name: Kepler-154
26/09/11 16:49:32 WARN com.cse.exodex.datasets.catalogs.NasaExoplanetCatalog: probably not enough data lolfor name: Kepler-154
26/09/11 16:49:32 WARN com.cse.exodex.datasets.catalogs.NasaExoplanetCatalog: probably not enough data lolfor name: Kepler-154
26/09/11 16:49:32 WARN com.cse.exodex.datasets.catalogs.NasaExoplanetCatalog: probably not enough data lolfor name: Kepler-155
26/09/11 16:49:32 WARN com.cse.exodex.datasets.catalogs.NasaExoplanetCatalog: probably not enough data lolfor name: Kepler-155
26/09/11 16:49:32 WARN com.cse.exodex.datasets.catalogs.NasaExoplanetCatalog: probably not enough data lolfor name: Kepler-156
26/09/11 16:49:32 WARN com.cse.exodex.datasets.catalogs.NasaExoplanetCatalog: probably not enough data lolfor name: Kepler-156
26/09/11 16:49:32 WARN com.cse.exodex.datasets.catalogs.NasaExoplanetCatalog: probably not enough data lolfor name: Kepler-157
26/09/11 16:49:32 WARN com.cse.exodex.datasets.catalogs.NasaExoplanetCatalog: probably not enough data lolfor name: Kepler-157
26/09/11 16:49:32 WARN com.cse.exodex.datasets.catalogs.NasaExoplanetCatalog: probably not enough data lolfor name: Kepler-157
26/09/11 16:49:32 WARN com.cse.exodex.datasets.catalogs.NasaExoplanetCatalog: probably not enough data lolfor name: Kepler-158
26/09/11 16:49:32 WARN com.cse.exodex.datasets.catalogs.NasaExoplanetCatalog: probably not enough data lolfor name: Kepler-158
26/09/11 16:49:32 WARN com.cse.exodex.datasets.catalogs.NasaExoplanetCatalog: probably not enough data lolfor name: Kepler-1582
26/09/11 16:49:32 WARN com.cse.exodex.datasets.catalogs.NasaExoplanetCatalog: probably not enough data lolfor name: Kepler-159
26/09/11 16:49:32 WARN com.cse.exodex.datasets.catalogs.NasaExoplanetCatalog: probably not enough data lolfor name: Kepler-159
26/09/11 16:49:32 WARN com.cse.exodex.datasets.catalogs.NasaExoplanetCatalog: probably not enough data lolfor name: Kepler-16
26/09/11 16:49:32 WARN com.cse.exodex.datasets.catalogs.NasaExoplanetCatalog: probably not enough data lolfor name: Kepler-160
26/09/11 16:49:32 WARN com.cse.exodex.datasets.catalogs.NasaExoplanetCatalog: probably not enough data lolfor name: Kepler-160
26/09/11 16:49:32 WARN com.cse.exodex.datasets.catalogs.NasaExoplanetCatalog: probably not enough data lolfor name: Kepler-1605
26/09/11 16:49:32 WARN com.cse.exodex.datasets.catalogs.NasaExoplanetCatalog: probably not enough data lolfor name: Kepler-161
26/09/11 16:49:32 WARN com.cse.exodex.datasets.catalogs.NasaExoplanetCatalog: probably not enough data lolfor name: Kepler-161
26/09/11 16:49:32 WARN com.cse.exodex.datasets.catalogs.NasaExoplanetCatalog: probably not enough data lolfor name: Kepler-162
26/09/11 16:49:32 WARN com.cse.exodex.datasets.catalogs.NasaExoplanetCatalog: probably not enough data lolfor name: Kepler-162
26/09/11 16:49:32 WARN com.cse.exodex.datasets.catalogs.NasaExoplanetCatalog: probably not enough data lolfor name: Kepler-1624
26/09/11 16:49:32 WARN com.cse.exodex.datasets.catalogs.NasaExoplanetCatalog: probably not enough data lolfor name: Kepler-163
26/09/11 16:49:32 WARN com.cse.exodex.datasets.catalogs.NasaExoplanetCatalog: probably not enough data lolfor name: Kepler-163
26/09/11 16:49:32 WARN com.cse.exodex.datasets.catalogs.NasaExoplanetCatalog: probably not enough data lolfor name: Kepler-164
26/09/11 16:49:32 WARN com.cse.exodex.datasets.catalogs.NasaExoplanetCatalog: probably not enough data lolfor name: Kepler-164
26/09/11 16:49:32 WARN com.cse.exodex.datasets.catalogs.NasaExoplanetCatalog: probably not enough data lolfor name: Kepler-164
26/09/11 16:49:32 WARN com.cse.exodex.datasets.catalogs.NasaExoplanetCatalog: probably not enough data lolfor name: Kepler-1646
26/09/11 16:49:32 WARN com.cse.exodex.datasets.catalogs.NasaExoplanetCatalog: probably not enough data lolfor name: Kepler-1647
26/09/11 16:49:32 WARN com.cse.exodex.datasets.catalogs.NasaExoplanetCatalog: probably not enough data lolfor name: Kepler-165
26/09/11 16:49:32 WARN com.cse.exodex.datasets.catalogs.NasaExoplanetCatalog: probably not enough data lolfor name: Kepler-165
26/09/11 16:49:32 WARN com.cse.exodex.datasets.catalogs.NasaExoplanetCatalog: probably not enough data lolfor name: Kepler-166
26/09/11 16:49:32 WARN com.cse.exodex.datasets.catalogs.NasaExoplanetCatalog: probably not enough data lolfor name: Kepler-166
26/09/11 16:49:32 WARN com.cse.exodex.datasets.catalogs.NasaExoplanetCatalog: probably not enough data lolfor name: Kepler-166
26/09/11 16:49:32 WARN com.cse.exodex.datasets.catalogs.NasaExoplanetCatalog: probably not enough data lolfor name: Kepler-168
26/09/11 16:49:32 WARN com.cse.exodex.datasets.catalogs.NasaExoplanetCatalog: probably not enough data lolfor name: Kepler-168
26/09/11 16:49:32 WARN com.cse.exodex.datasets.catalogs.NasaExoplanetCatalog: probably not enough data lolfor name: Kepler-169
26/09/11 16:49:32 WARN com.cse.exodex.datasets.catalogs.NasaExoplanetCatalog: probably not enough data lolfor name: Kepler-169
26/09/11 16:49:32 WARN com.cse.exodex.datasets.catalogs.NasaExoplanetCatalog: probably not enough data lolfor name: Kepler-169
26/09/11 16:49:32 WARN com.cse.exodex.datasets.catalogs.NasaExoplanetCatalog: probably not enough data lolfor name: Kepler-169
26/09/11 16:49:32 WARN com.cse.exodex.datasets.catalogs.NasaExoplanetCatalog: probably not enough data lolfor name: Kepler-169
26/09/11 16:49:32 WARN com.cse.exodex.datasets.catalogs.NasaExoplanetCatalog: probably not enough data lolfor name: Kepler-170
26/09/11 16:49:32 WARN com.cse.exodex.datasets.catalogs.NasaExoplanetCatalog: probably not enough data lolfor name: Kepler-170
26/09/11 16:49:32 WARN com.cse.exodex.datasets.catalogs.NasaExoplanetCatalog: probably not enough data lolfor name: Kepler-171
26/09/11 16:49:32 WARN com.cse.exodex.datasets.catalogs.NasaExoplanetCatalog: probably not enough data lolfor name: Kepler-171
26/09/11 16:49:32 WARN com.cse.exodex.datasets.catalogs.NasaExoplanetCatalog: probably not enough data lolfor name: Kepler-171
26/09/11 16:49:32 WARN com.cse.exodex.datasets.catalogs.NasaExoplanetCatalog: probably not enough data lolfor name: Kepler-172
26/09/11 16:49:32 WARN com.cse.exodex.datasets.catalogs.NasaExoplanetCatalog: probably not enough data lolfor name: Kepler-172
26/09/11 16:49:32 WARN com.cse.exodex.datasets.catalogs.NasaExoplanetCatalog: probably not enough data lolfor name: Kepler-172
26/09/11 16:49:32 WARN com.cse.exodex.datasets.catalogs.NasaExoplanetCatalog: probably not enough data lolfor name: Kepler-172
26/09/11 16:49:32 WARN com.cse.exodex.datasets.catalogs.NasaExoplanetCatalog: probably not enough data lolfor name: Kepler-173
26/09/11 16:49:32 WARN com.cse.exodex.datasets.catalogs.NasaExoplanetCatalog: probably not enough data lolfor name: Kepler-173
26/09/11 16:49:32 WARN com.cse.exodex.datasets.catalogs.NasaExoplanetCatalog: probably not enough data lolfor name: Kepler-174
26/09/11 16:49:32 WARN com.cse.exodex.datasets.catalogs.NasaExoplanetCatalog: probably not enough data lolfor name: Kepler-174
26/09/11 16:49:32 WARN com.cse.exodex.datasets.catalogs.NasaExoplanetCatalog: probably not enough data lolfor name: Kepler-174
26/09/11 16:49:32 WARN com.cse.exodex.datasets.catalogs.NasaExoplanetCatalog: probably not enough data lolfor name: Kepler-175
26/09/11 16:49:32 WARN com.cse.exodex.datasets.catalogs.NasaExoplanetCatalog: probably not enough data lolfor name: Kepler-175
26/09/11 16:49:32 WARN com.cse.exodex.datasets.catalogs.NasaExoplanetCatalog: probably not enough data lolfor name: Kepler-176
26/09/11 16:49:32 WARN com.cse.exodex.datasets.catalogs.NasaExoplanetCatalog: probably not enough data lolfor name: Kepler-176
26/09/11 16:49:32 WARN com.cse.exodex.datasets.catalogs.NasaExoplanetCatalog: probably not enough data lolfor name: Kepler-176
26/09/11 16:49:32 WARN com.cse.exodex.datasets.catalogs.NasaExoplanetCatalog: probably not enough data lolfor name: Kepler-176
26/09/11 16:49:32 WARN com.cse.exodex.datasets.catalogs.NasaExoplanetCatalog: probably not enough data lolfor name: Kepler-177
26/09/11 16:49:32 WARN com.cse.exodex.datasets.catalogs.NasaExoplanetCatalog: probably not enough data lolfor name: Kepler-177
26/09/11 16:49:32 WARN com.cse.exodex.datasets.catalogs.NasaExoplanetCatalog: probably not enough data lolfor name: Kepler-178
26/09/11 16:49:32 WARN com.cse.exodex.datasets.catalogs.NasaExoplanetCatalog: probably not enough data lolfor name: Kepler-178
26/09/11 16:49:32 WARN com.cse.exodex.datasets.catalogs.NasaExoplanetCatalog: probably not enough data lolfor name: Kepler-178
26/09/11 16:49:32 WARN com.cse.exodex.datasets.catalogs.NasaExoplanetCatalog: probably not enough data lolfor name: Kepler-179
26/09/11 16:49:32 WARN com.cse.exodex.datasets.catalogs.NasaExoplanetCatalog: probably not enough data lolfor name: Kepler-179
26/09/11 16:49:32 WARN com.cse.exodex.datasets.catalogs.NasaExoplanetCatalog: probably not enough data lolfor name: Kepler-18
26/09/11 16:49:32 WARN com.cse.exodex.datasets.catalogs.NasaExoplanetCatalog: probably not enough data lolfor name: Kepler-18
26/09/11 16:49:32 WARN com.cse.exodex.datasets.catalogs.NasaExoplanetCatalog: probably not enough data lolfor name: Kepler-18
26/09/11 16:49:32 WARN com.cse.exodex.datasets.catalogs.NasaExoplanetCatalog: probably not enough data lolfor name: Kepler-180
26/09/11 16:49:32 WARN com.cse.exodex.datasets.catalogs.NasaExoplanetCatalog: probably not enough data lolfor name: Kepler-180
26/09/11 16:49:32 WARN com.cse.exodex.datasets.catalogs.NasaExoplanetCatalog: probably not enough data lolfor name: Kepler-181
26/09/11 16:49:32 WARN com.cse.exodex.datasets.catalogs.NasaExoplanetCatalog: probably not enough data lolfor name: Kepler-181
26/09/11 16:49:32 WARN com.cse.exodex.datasets.catalogs.NasaExoplanetCatalog: probably not enough data lolfor name: Kepler-182
26/09/11 16:49:32 WARN com.cse.exodex.datasets.catalogs.NasaExoplanetCatalog: probably not enough data lolfor name: Kepler-182
26/09/11 16:49:32 WARN com.cse.exodex.datasets.catalogs.NasaExoplanetCatalog: probably not enough data lolfor name: Kepler-183
26/09/11 16:49:32 WARN com.cse.exodex.datasets.catalogs.NasaExoplanetCatalog: probably not enough data lolfor name: Kepler-183
26/09/11 16:49:32 WARN com.cse.exodex.datasets.catalogs.NasaExoplanetCatalog: probably not enough data lolfor name: Kepler-184
26/09/11 16:49:32 WARN com.cse.exodex.datasets.catalogs.NasaExoplanetCatalog: probably not enough data lolfor name: Kepler-184
26/09/11 16:49:32 WARN com.cse.exodex.datasets.catalogs.NasaExoplanetCatalog: probably not enough data lolfor name: Kepler-184
26/09/11 16:49:32 WARN com.cse.exodex.datasets.catalogs.NasaExoplanetCatalog: probably not enough data lolfor name: Kepler-185
26/09/11 16:49:32 WARN com.cse.exodex.datasets.catalogs.NasaExoplanetCatalog: probably not enough data lolfor name: Kepler-185
26/09/11 16:49:32 WARN com.cse.exodex.datasets.catalogs.NasaExoplanetCatalog: probably not enough data lolfor name: Kepler-186
26/09/11 16:49:32 WARN com.cse.exodex.datasets.catalogs.NasaExoplanetCatalog: probably not enough data lolfor name: Kepler-186
26/09/11 16:49:32 WARN com.cse.exodex.datasets.catalogs.NasaExoplanetCatalog: probably not enough data lolfor name: Kepler-186
26/09/11 16:49:32 WARN com.cse.exodex.datasets.catalogs.NasaExoplanetCatalog: probably not enough data lolfor name: Kepler-186
26/09/11 16:49:32 WARN com.cse.exodex.datasets.catalogs.NasaExoplanetCatalog: probably not enough data lolfor name: Kepler-186
26/09/11 16:49:32 WARN com.cse.exodex.datasets.catalogs.NasaExoplanetCatalog: probably not enough data lolfor name: Kepler-187
26/09/11 16:49:32 WARN com.cse.exodex.datasets.catalogs.NasaExoplanetCatalog: probably not enough data lolfor name: Kepler-187
26/09/11 16:49:32 WARN com.cse.exodex.datasets.catalogs.NasaExoplanetCatalog: probably not enough data lolfor name: Kepler-188
26/09/11 16:49:32 WARN com.cse.exodex.datasets.catalogs.NasaExoplanetCatalog: probably not enough data lolfor name: Kepler-188
26/09/11 16:49:32 WARN com.cse.exodex.datasets.catalogs.NasaExoplanetCatalog: probably not enough data lolfor name: Kepler-189
26/09/11 16:49:32 WARN com.cse.exodex.datasets.catalogs.NasaExoplanetCatalog: probably not enough data lolfor name: Kepler-189
26/09/11 16:49:32 WARN com.cse.exodex.datasets.catalogs.NasaExoplanetCatalog: probably not enough data lolfor name: Kepler-190
26/09/11 16:49:32 WARN com.cse.exodex.datasets.catalogs.NasaExoplanetCatalog: probably not enough data lolfor name: Kepler-190
26/09/11 16:49:32 WARN com.cse.exodex.datasets.catalogs.NasaExoplanetCatalog: probably not enough data lolfor name: Kepler-191
26/09/11 16:49:32 WARN com.cse.exodex.datasets.catalogs.NasaExoplanetCatalog: probably not enough data lolfor name: Kepler-191
26/09/11 16:49:32 WARN com.cse.exodex.datasets.catalogs.NasaExoplanetCatalog: probably not enough data lolfor name: Kepler-191
26/09/11 16:49:32 WARN com.cse.exodex.datasets.catalogs.NasaExoplanetCatalog: probably not enough data lolfor name: Kepler-192
26/09/11 16:49:32 WARN com.cse.exodex.datasets.catalogs.NasaExoplanetCatalog: probably not enough data lolfor name: Kepler-192
26/09/11 16:49:32 WARN com.cse.exodex.datasets.catalogs.NasaExoplanetCatalog: probably not enough data lolfor name: Kepler-192
26/09/11 16:49:32 WARN com.cse.exodex.datasets.catalogs.NasaExoplanetCatalog: probably not enough data lolfor name: Kepler-193
26/09/11 16:49:32 WARN com.cse.exodex.datasets.catalogs.NasaExoplanetCatalog: probably not enough data lolfor name: Kepler-193
26/09/11 16:49:32 WARN com.cse.exodex.datasets.catalogs.NasaExoplanetCatalog: probably not enough data lolfor name: Kepler-194
26/09/11 16:49:32 WARN com.cse.exodex.datasets.catalogs.NasaExoplanetCatalog: probably not enough data lolfor name: Kepler-194
26/09/11 16:49:32 WARN com.cse.exodex.datasets.catalogs.NasaExoplanetCatalog: probably not enough data lolfor name: Kepler-194
26/09/11 16:49:32 WARN com.cse.exodex.datasets.catalogs.NasaExoplanetCatalog: probably not enough data lolfor name: Kepler-195
26/09/11 16:49:32 WARN com.cse.exodex.datasets.catalogs.NasaExoplanetCatalog: probably not enough data lolfor name: Kepler-195
26/09/11 16:49:32 WARN com.cse.exodex.datasets.catalogs.NasaExoplanetCatalog: probably not enough data lolfor name: Kepler-196
26/09/11 16:49:32 WARN com.cse.exodex.datasets.catalogs.NasaExoplanetCatalog: probably not enough data lolfor name: Kepler-196
26/09/11 16:49:32 WARN com.cse.exodex.datasets.catalogs.NasaExoplanetCatalog: probably not enough data lolfor name: Kepler-197
26/09/11 16:49:32 WARN com.cse.exodex.datasets.catalogs.NasaExoplanetCatalog: probably not enough data lolfor name: Kepler-197
26/09/11 16:49:32 WARN com.cse.exodex.datasets.catalogs.NasaExoplanetCatalog: probably not enough data lolfor name: Kepler-197
26/09/11 16:49:32 WARN com.cse.exodex.datasets.catalogs.NasaExoplanetCatalog: probably not enough data lolfor name: Kepler-197
26/09/11 16:49:32 WARN com.cse.exodex.datasets.catalogs.NasaExoplanetCatalog: probably not enough data lolfor name: Kepler-198
26/09/11 16:49:32 WARN com.cse.exodex.datasets.catalogs.NasaExoplanetCatalog: probably not enough data lolfor name: Kepler-198
26/09/11 16:49:32 WARN com.cse.exodex.datasets.catalogs.NasaExoplanetCatalog: probably not enough data lolfor name: Kepler-198
26/09/11 16:49:32 WARN com.cse.exodex.datasets.catalogs.NasaExoplanetCatalog: probably not enough data lolfor name: Kepler-199
26/09/11 16:49:32 WARN com.cse.exodex.datasets.catalogs.NasaExoplanetCatalog: probably not enough data lolfor name: Kepler-199
26/09/11 16:49:32 WARN com.cse.exodex.datasets.catalogs.NasaExoplanetCatalog: probably not enough data lolfor name: Kepler-200
26/09/11 16:49:32 WARN com.cse.exodex.datasets.catalogs.NasaExoplanetCatalog: probably not enough data lolfor name: Kepler-200
26/09/11 16:49:32 WARN com.cse.exodex.datasets.catalogs.NasaExoplanetCatalog: probably not enough data lolfor name: Kepler-201
26/09/11 16:49:32 WARN com.cse.exodex.datasets.catalogs.NasaExoplanetCatalog: probably not enough data lolfor name: Kepler-201
26/09/11 16:49:32 WARN com.cse.exodex.datasets.catalogs.NasaExoplanetCatalog: probably not enough data lolfor name: Kepler-202
26/09/11 16:49:32 WARN com.cse.exodex.datasets.catalogs.NasaExoplanetCatalog: probably not enough data lolfor name: Kepler-202
26/09/11 16:49:32 WARN com.cse.exodex.datasets.catalogs.NasaExoplanetCatalog: probably not enough data lolfor name: Kepler-203
26/09/11 16:49:32 WARN com.cse.exodex.datasets.catalogs.NasaExoplanetCatalog: probably not enough data lolfor name: Kepler-203
26/09/11 16:49:32 WARN com.cse.exodex.datasets.catalogs.NasaExoplanetCatalog: probably not enough data lolfor name: Kepler-203
26/09/11 16:49:32 WARN com.cse.exodex.datasets.catalogs.NasaExoplanetCatalog: probably not enough data lolfor name: Kepler-204
26/09/11 16:49:32 WARN com.cse.exodex.datasets.catalogs.NasaExoplanetCatalog: probably not enough data lolfor name: Kepler-204
26/09/11 16:49:32 WARN com.cse.exodex.datasets.catalogs.NasaExoplanetCatalog: probably not enough data lolfor name: Kepler-205
26/09/11 16:49:32 WARN com.cse.exodex.datasets.catalogs.NasaExoplanetCatalog: probably not enough data lolfor name: Kepler-205
26/09/11 16:49:32 WARN com.cse.exodex.datasets.catalogs.NasaExoplanetCatalog: probably not enough data lolfor name: Kepler-206
26/09/11 16:49:32 WARN com.cse.exodex.datasets.catalogs.NasaExoplanetCatalog: probably not enough data lolfor name: Kepler-206
26/09/11 16:49:32 WARN com.cse.exodex.datasets.catalogs.NasaExoplanetCatalog: probably not enough data lolfor name: Kepler-206
26/09/11 16:49:32 WARN com.cse.exodex.datasets.catalogs.NasaExoplanetCatalog: probably not enough data lolfor name: Kepler-207
26/09/11 16:49:32 WARN com.cse.exodex.datasets.catalogs.NasaExoplanetCatalog: probably not enough data lolfor name: Kepler-207
26/09/11 16:49:32 WARN com.cse.exodex.datasets.catalogs.NasaExoplanetCatalog: probably not enough data lolfor name: Kepler-207
26/09/11 16:49:32 WARN com.cse.exodex.datasets.catalogs.NasaExoplanetCatalog: probably not enough data lolfor name: Kepler-208
26/09/11 16:49:32 WARN com.cse.exodex.datasets.catalogs.NasaExoplanetCatalog: probably not enough data lolfor name: Kepler-208
26/09/11 16:49:32 WARN com.cse.exodex.datasets.catalogs.NasaExoplanetCatalog: probably not enough data lolfor name: Kepler-208
26/09/11 16:49:32 WARN com.cse.exodex.datasets.catalogs.NasaExoplanetCatalog: probably not enough data lolfor name: Kepler-208
26/09/11 16:49:32 WARN com.cse.exodex.datasets.catalogs.NasaExoplanetCatalog: probably not enough data lolfor name: Kepler-209
26/09/11 16:49:32 WARN com.cse.exodex.datasets.catalogs.NasaExoplanetCatalog: probably not enough data lolfor name: Kepler-209
26/09/11 16:49:32 WARN com.cse.exodex.datasets.StellarLibrary: probably not enough data lolwith hipparcos ID: 94112
26/09/11 16:49:32 WARN com.cse.exodex.datasets.StellarLibrary: probably not enough data lolwith HD ID: 179070
26/09/11 16:49:32 WARN com.cse.exodex.datasets.catalogs.NasaExoplanetCatalog: probably not enough data lolfor name: Kepler-21
26/09/11 16:49:32 WARN com.cse.exodex.datasets.catalogs.NasaExoplanetCatalog: probably not enough data lolfor name: Kepler-210
26/09/11 16:49:32 WARN com.cse.exodex.datasets.catalogs.NasaExoplanetCatalog: probably not enough data lolfor name: Kepler-210
26/09/11 16:49:32 WARN com.cse.exodex.datasets.catalogs.NasaExoplanetCatalog: probably not enough data lolfor name: Kepler-211
26/09/11 16:49:32 WARN com.cse.exodex.datasets.catalogs.NasaExoplanetCatalog: probably not enough data lolfor name: Kepler-211
26/09/11 16:49:32 WARN com.cse.exodex.datasets.catalogs.NasaExoplanetCatalog: probably not enough data lolfor name: Kepler-212
26/09/11 16:49:32 WARN com.cse.exodex.datasets.catalogs.NasaExoplanetCatalog: probably not enough data lolfor name: Kepler-212
26/09/11 16:49:32 WARN com.cse.exodex.datasets.catalogs.NasaExoplanetCatalog: probably not enough data lolfor name: Kepler-213
26/09/11 16:49:32 WARN com.cse.exodex.datasets.catalogs.NasaExoplanetCatalog: probably not enough data lolfor name: Kepler-213
26/09/11 16:49:32 WARN com.cse.exodex.datasets.catalogs.NasaExoplanetCatalog: probably not enough data lolfor name: Kepler-214
26/09/11 16:49:32 WARN com.cse.exodex.datasets.catalogs.NasaExoplanetCatalog: probably not enough data lolfor name: Kepler-214
26/09/11 16:49:32 WARN com.cse.exodex.datasets.catalogs.NasaExoplanetCatalog: probably not enough data lolfor name: Kepler-215
26/09/11 16:49:32 WARN com.cse.exodex.datasets.catalogs.NasaExoplanetCatalog: probably not enough data lolfor name: Kepler-215
26/09/11 16:49:32 WARN com.cse.exodex.datasets.catalogs.NasaExoplanetCatalog: probably not enough data lolfor name: Kepler-215
26/09/11 16:49:32 WARN com.cse.exodex.datasets.catalogs.NasaExoplanetCatalog: probably not enough data lolfor name: Kepler-215
26/09/11 16:49:32 WARN com.cse.exodex.datasets.catalogs.NasaExoplanetCatalog: probably not enough data lolfor name: Kepler-216
26/09/11 16:49:32 WARN com.cse.exodex.datasets.catalogs.NasaExoplanetCatalog: probably not enough data lolfor name: Kepler-216
26/09/11 16:49:32 WARN com.cse.exodex.datasets.catalogs.NasaExoplanetCatalog: probably not enough data lolfor name: Kepler-217
26/09/11 16:49:32 WARN com.cse.exodex.datasets.catalogs.NasaExoplanetCatalog: probably not enough data lolfor name: Kepler-217
26/09/11 16:49:32 WARN com.cse.exodex.datasets.catalogs.NasaExoplanetCatalog: probably not enough data lolfor name: Kepler-217
26/09/11 16:49:32 WARN com.cse.exodex.datasets.catalogs.NasaExoplanetCatalog: probably not enough data lolfor name: Kepler-218
26/09/11 16:49:32 WARN com.cse.exodex.datasets.catalogs.NasaExoplanetCatalog: probably not enough data lolfor name: Kepler-218
26/09/11 16:49:32 WARN com.cse.exodex.datasets.catalogs.NasaExoplanetCatalog: probably not enough data lolfor name: Kepler-218
26/09/11 16:49:32 WARN com.cse.exodex.datasets.catalogs.NasaExoplanetCatalog: probably not enough data lolfor name: Kepler-219
26/09/11 16:49:32 WARN com.cse.exodex.datasets.catalogs.NasaExoplanetCatalog: probably not enough data lolfor name: Kepler-219
26/09/11 16:49:32 WARN com.cse.exodex.datasets.catalogs.NasaExoplanetCatalog: probably not enough data lolfor name: Kepler-219
26/09/11 16:49:32 WARN com.cse.exodex.datasets.catalogs.NasaExoplanetCatalog: probably not enough data lolfor name: Kepler-22
26/09/11 16:49:32 WARN com.cse.exodex.datasets.catalogs.NasaExoplanetCatalog: probably not enough data lolfor name: Kepler-220
26/09/11 16:49:32 WARN com.cse.exodex.datasets.catalogs.NasaExoplanetCatalog: probably not enough data lolfor name: Kepler-220
26/09/11 16:49:32 WARN com.cse.exodex.datasets.catalogs.NasaExoplanetCatalog: probably not enough data lolfor name: Kepler-220
26/09/11 16:49:32 WARN com.cse.exodex.datasets.catalogs.NasaExoplanetCatalog: probably not enough data lolfor name: Kepler-220
26/09/11 16:49:32 WARN com.cse.exodex.datasets.catalogs.NasaExoplanetCatalog: probably not enough data lolfor name: Kepler-221
26/09/11 16:49:32 WARN com.cse.exodex.datasets.catalogs.NasaExoplanetCatalog: probably not enough data lolfor name: Kepler-221
26/09/11 16:49:32 WARN com.cse.exodex.datasets.catalogs.NasaExoplanetCatalog: probably not enough data lolfor name: Kepler-221
26/09/11 16:49:32 WARN com.cse.exodex.datasets.catalogs.NasaExoplanetCatalog: probably not enough data lolfor name: Kepler-221
26/09/11 16:49:32 WARN com.cse.exodex.datasets.catalogs.NasaExoplanetCatalog: probably not enough data lolfor name: Kepler-222
26/09/11 16:49:32 WARN com.cse.exodex.datasets.catalogs.NasaExoplanetCatalog: probably not enough data lolfor name: Kepler-222
26/09/11 16:49:32 WARN com.cse.exodex.datasets.catalogs.NasaExoplanetCatalog: probably not enough data lolfor name: Kepler-222
26/09/11 16:49:32 WARN com.cse.exodex.datasets.catalogs.NasaExoplanetCatalog: probably not enough data lolfor name: Kepler-223
26/09/11 16:49:32 WARN com.cse.exodex.datasets.catalogs.NasaExoplanetCatalog: probably not enough data lolfor name: Kepler-223
26/09/11 16:49:32 WARN com.cse.exodex.datasets.catalogs.NasaExoplanetCatalog: probably not enough data lolfor name: Kepler-223
26/09/11 16:49:32 WARN com.cse.exodex.datasets.catalogs.NasaExoplanetCatalog: probably not enough data lolfor name: Kepler-223
26/09/11 16:49:32 WARN com.cse.exodex.datasets.catalogs.NasaExoplanetCatalog: probably not enough data lolfor name: Kepler-224
26/09/11 16:49:32 WARN com.cse.exodex.datasets.catalogs.NasaExoplanetCatalog: probably not enough data lolfor name: Kepler-224
26/09/11 16:49:32 WARN com.cse.exodex.datasets.catalogs.NasaExoplanetCatalog: probably not enough data lolfor name: Kepler-224
26/09/11 16:49:32 WARN com.cse.exodex.datasets.catalogs.NasaExoplanetCatalog: probably not enough data lolfor name: Kepler-224
26/09/11 16:49:32 WARN com.cse.exodex.datasets.catalogs.NasaExoplanetCatalog: probably not enough data lolfor name: Kepler-225
26/09/11 16:49:32 WARN com.cse.exodex.datasets.catalogs.NasaExoplanetCatalog: probably not enough data lolfor name: Kepler-225
26/09/11 16:49:32 WARN com.cse.exodex.datasets.catalogs.NasaExoplanetCatalog: probably not enough data lolfor name: Kepler-226
26/09/11 16:49:32 WARN com.cse.exodex.datasets.catalogs.NasaExoplanetCatalog: probably not enough data lolfor name: Kepler-226
26/09/11 16:49:32 WARN com.cse.exodex.datasets.catalogs.NasaExoplanetCatalog: probably not enough data lolfor name: Kepler-226
26/09/11 16:49:32 WARN com.cse.exodex.datasets.catalogs.NasaExoplanetCatalog: probably not enough data lolfor name: Kepler-227
26/09/11 16:49:32 WARN com.cse.exodex.datasets.catalogs.NasaExoplanetCatalog: probably not enough data lolfor name: Kepler-227
26/09/11 16:49:32 WARN com.cse.exodex.datasets.catalogs.NasaExoplanetCatalog: probably not enough data lolfor name: Kepler-228
26/09/11 16:49:32 WARN com.cse.exodex.datasets.catalogs.NasaExoplanetCatalog: probably not enough data lolfor name: Kepler-228
26/09/11 16:49:32 WARN com.cse.exodex.datasets.catalogs.NasaExoplanetCatalog: probably not enough data lolfor name: Kepler-228
26/09/11 16:49:32 WARN com.cse.exodex.datasets.catalogs.NasaExoplanetCatalog: probably not enough data lolfor name: Kepler-229
26/09/11 16:49:32 WARN com.cse.exodex.datasets.catalogs.NasaExoplanetCatalog: probably not enough data lolfor name: Kepler-229
26/09/11 16:49:32 WARN com.cse.exodex.datasets.catalogs.NasaExoplanetCatalog: probably not enough data lolfor name: Kepler-229
26/09/11 16:49:32 WARN com.cse.exodex.datasets.catalogs.NasaExoplanetCatalog: probably not enough data lolfor name: Kepler-230
26/09/11 16:49:32 WARN com.cse.exodex.datasets.catalogs.NasaExoplanetCatalog: probably not enough data lolfor name: Kepler-230
26/09/11 16:49:32 WARN com.cse.exodex.datasets.catalogs.NasaExoplanetCatalog: probably not enough data lolfor name: Kepler-231
26/09/11 16:49:32 WARN com.cse.exodex.datasets.catalogs.NasaExoplanetCatalog: probably not enough data lolfor name: Kepler-231
26/09/11 16:49:32 WARN com.cse.exodex.datasets.catalogs.NasaExoplanetCatalog: probably not enough data lolfor name: Kepler-232
26/09/11 16:49:32 WARN com.cse.exodex.datasets.catalogs.NasaExoplanetCatalog: probably not enough data lolfor name: Kepler-232
26/09/11 16:49:32 WARN com.cse.exodex.datasets.catalogs.NasaExoplanetCatalog: probably not enough data lolfor name: Kepler-233
26/09/11 16:49:32 WARN com.cse.exodex.datasets.catalogs.NasaExoplanetCatalog: probably not enough data lolfor name: Kepler-233
26/09/11 16:49:32 WARN com.cse.exodex.datasets.catalogs.NasaExoplanetCatalog: probably not enough data lolfor name: Kepler-234
26/09/11 16:49:32 WARN com.cse.exodex.datasets.catalogs.NasaExoplanetCatalog: probably not enough data lolfor name: Kepler-234
26/09/11 16:49:32 WARN com.cse.exodex.datasets.catalogs.NasaExoplanetCatalog: probably not enough data lolfor name: Kepler-235
26/09/11 16:49:32 WARN com.cse.exodex.datasets.catalogs.NasaExoplanetCatalog: probably not enough data lolfor name: Kepler-235
26/09/11 16:49:32 WARN com.cse.exodex.datasets.catalogs.NasaExoplanetCatalog: probably not enough data lolfor name: Kepler-235
26/09/11 16:49:32 WARN com.cse.exodex.datasets.catalogs.NasaExoplanetCatalog: probably not enough data lolfor name: Kepler-235
26/09/11 16:49:32 WARN com.cse.exodex.datasets.catalogs.NasaExoplanetCatalog: probably not enough data lolfor name: Kepler-236
26/09/11 16:49:32 WARN com.cse.exodex.datasets.catalogs.NasaExoplanetCatalog: probably not enough data lolfor name: Kepler-236
26/09/11 16:49:32 WARN com.cse.exodex.datasets.catalogs.NasaExoplanetCatalog: probably not enough data lolfor name: Kepler-237
26/09/11 16:49:32 WARN com.cse.exodex.datasets.catalogs.NasaExoplanetCatalog: probably not enough data lolfor name: Kepler-237
26/09/11 16:49:32 WARN com.cse.exodex.datasets.catalogs.NasaExoplanetCatalog: probably not enough data lolfor name: Kepler-238
26/09/11 16:49:32 WARN com.cse.exodex.datasets.catalogs.NasaExoplanetCatalog: probably not enough data lolfor name: Kepler-238
26/09/11 16:49:32 WARN com.cse.exodex.datasets.catalogs.NasaExoplanetCatalog: probably not enough data lolfor name: Kepler-238
26/09/11 16:49:32 WARN com.cse.exodex.datasets.catalogs.NasaExoplanetCatalog: probably not enough data lolfor name: Kepler-238
26/09/11 16:49:32 WARN com.cse.exodex.datasets.catalogs.NasaExoplanetCatalog: probably not enough data lolfor name: Kepler-238
26/09/11 16:49:32 WARN com.cse.exodex.datasets.catalogs.NasaExoplanetCatalog: probably not enough data lolfor name: Kepler-239
26/09/11 16:49:32 WARN com.cse.exodex.datasets.catalogs.NasaExoplanetCatalog: probably not enough data lolfor name: Kepler-239
26/09/11 16:49:32 WARN com.cse.exodex.datasets.catalogs.NasaExoplanetCatalog: probably not enough data lolfor name: Kepler-240
26/09/11 16:49:32 WARN com.cse.exodex.datasets.catalogs.NasaExoplanetCatalog: probably not enough data lolfor name: Kepler-240
26/09/11 16:49:32 WARN com.cse.exodex.datasets.catalogs.NasaExoplanetCatalog: probably not enough data lolfor name: Kepler-241
26/09/11 16:49:32 WARN com.cse.exodex.datasets.catalogs.NasaExoplanetCatalog: probably not enough data lolfor name: Kepler-241
26/09/11 16:49:32 WARN com.cse.exodex.datasets.catalogs.NasaExoplanetCatalog: probably not enough data lolfor name: Kepler-242
26/09/11 16:49:32 WARN com.cse.exodex.datasets.catalogs.NasaExoplanetCatalog: probably not enough data lolfor name: Kepler-242
26/09/11 16:49:32 WARN com.cse.exodex.datasets.catalogs.NasaExoplanetCatalog: probably not enough data lolfor name: Kepler-243
26/09/11 16:49:32 WARN com.cse.exodex.datasets.catalogs.NasaExoplanetCatalog: probably not enough data lolfor name: Kepler-243
26/09/11 16:49:32 WARN com.cse.exodex.datasets.catalogs.NasaExoplanetCatalog: probably not enough data lolfor name: Kepler-244
26/09/11 16:49:32 WARN com.cse.exodex.datasets.catalogs.NasaExoplanetCatalog: probably not enough data lolfor name: Kepler-244
26/09/11 16:49:32 WARN com.cse.exodex.datasets.catalogs.NasaExoplanetCatalog: probably not enough data lolfor name: Kepler-244
26/09/11 16:49:32 WARN com.cse.exodex.datasets.catalogs.NasaExoplanetCatalog: probably not enough data lolfor name: Kepler-245
26/09/11 16:49:32 WARN com.cse.exodex.datasets.catalogs.NasaExoplanetCatalog: probably not enough data lolfor name: Kepler-245
26/09/11 16:49:32 WARN com.cse.exodex.datasets.catalogs.NasaExoplanetCatalog: probably not enough data lolfor name: Kepler-245
26/09/11 16:49:32 WARN com.cse.exodex.datasets.catalogs.NasaExoplanetCatalog: probably not enough data lolfor name: Kepler-245
26/09/11 16:49:32 WARN com.cse.exodex.datasets.catalogs.NasaExoplanetCatalog: probably not enough data lolfor name: Kepler-246
26/09/11 16:49:32 WARN com.cse.exodex.datasets.catalogs.NasaExoplanetCatalog: probably not enough data lolfor name: Kepler-246
26/09/11 16:49:32 WARN com.cse.exodex.datasets.catalogs.NasaExoplanetCatalog: probably not enough data lolfor name: Kepler-247
26/09/11 16:49:32 WARN com.cse.exodex.datasets.catalogs.NasaExoplanetCatalog: probably not enough data lolfor name: Kepler-247
26/09/11 16:49:32 WARN com.cse.exodex.datasets.catalogs.NasaExoplanetCatalog: probably not enough data lolfor name: Kepler-247
26/09/11 16:49:32 WARN com.cse.exodex.datasets.catalogs.NasaExoplanetCatalog: probably not enough data lolfor name: Kepler-248
26/09/11 16:49:32 WARN com.cse.exodex.datasets.catalogs.NasaExoplanetCatalog: probably not enough data lolfor name: Kepler-248
26/09/11 16:49:32 WARN com.cse.exodex.datasets.catalogs.NasaExoplanetCatalog: probably not enough data lolfor name: Kepler-249
26/09/11 16:49:32 WARN com.cse.exodex.datasets.catalogs.NasaExoplanetCatalog: probably not enough data lolfor name: Kepler-249
26/09/11 16:49:32 WARN com.cse.exodex.datasets.catalogs.NasaExoplanetCatalog: probably not enough data lolfor name: Kepler-249
26/09/11 16:49:32 WARN com.cse.exodex.datasets.catalogs.NasaExoplanetCatalog: probably not enough data lolfor name: Kepler-25
26/09/11 16:49:32 WARN com.cse.exodex.datasets.catalogs.NasaExoplanetCatalog: probably not enough data lolfor name: Kepler-25
26/09/11 16:49:32 WARN com.cse.exodex.datasets.catalogs.NasaExoplanetCatalog: probably not enough data lolfor name: Kepler-25
26/09/11 16:49:32 WARN com.cse.exodex.datasets.catalogs.NasaExoplanetCatalog: probably not enough data lolfor name: Kepler-250
26/09/11 16:49:32 WARN com.cse.exodex.datasets.catalogs.NasaExoplanetCatalog: probably not enough data lolfor name: Kepler-250
26/09/11 16:49:32 WARN com.cse.exodex.datasets.catalogs.NasaExoplanetCatalog: probably not enough data lolfor name: Kepler-250
26/09/11 16:49:32 WARN com.cse.exodex.datasets.catalogs.NasaExoplanetCatalog: probably not enough data lolfor name: Kepler-251
26/09/11 16:49:32 WARN com.cse.exodex.datasets.catalogs.NasaExoplanetCatalog: probably not enough data lolfor name: Kepler-251
26/09/11 16:49:32 WARN com.cse.exodex.datasets.catalogs.NasaExoplanetCatalog: probably not enough data lolfor name: Kepler-251
26/09/11 16:49:32 WARN com.cse.exodex.datasets.catalogs.NasaExoplanetCatalog: probably not enough data lolfor name: Kepler-251
26/09/11 16:49:32 WARN com.cse.exodex.datasets.catalogs.NasaExoplanetCatalog: probably not enough data lolfor name: Kepler-252
26/09/11 16:49:32 WARN com.cse.exodex.datasets.catalogs.NasaExoplanetCatalog: probably not enough data lolfor name: Kepler-252
26/09/11 16:49:32 WARN com.cse.exodex.datasets.catalogs.NasaExoplanetCatalog: probably not enough data lolfor name: Kepler-253
26/09/11 16:49:32 WARN com.cse.exodex.datasets.catalogs.NasaExoplanetCatalog: probably not enough data lolfor name: Kepler-253
26/09/11 16:49:32 WARN com.cse.exodex.datasets.catalogs.NasaExoplanetCatalog: probably not enough data lolfor name: Kepler-253
26/09/11 16:49:32 WARN com.cse.exodex.datasets.catalogs.NasaExoplanetCatalog: probably not enough data lolfor name: Kepler-254
26/09/11 16:49:32 WARN com.cse.exodex.datasets.catalogs.NasaExoplanetCatalog: probably not enough data lolfor name: Kepler-254
26/09/11 16:49:32 WARN com.cse.exodex.datasets.catalogs.NasaExoplanetCatalog: probably not enough data lolfor name: Kepler-254
26/09/11 16:49:32 WARN com.cse.exodex.datasets.catalogs.NasaExoplanetCatalog: probably not enough data lolfor name: Kepler-255
26/09/11 16:49:32 WARN com.cse.exodex.datasets.catalogs.NasaExoplanetCatalog: probably not enough data lolfor name: Kepler-255
26/09/11 16:49:32 WARN com.cse.exodex.datasets.catalogs.NasaExoplanetCatalog: probably not enough data lolfor name: Kepler-255
26/09/11 16:49:32 WARN com.cse.exodex.datasets.catalogs.NasaExoplanetCatalog: probably not enough data lolfor name: Kepler-256
26/09/11 16:49:32 WARN com.cse.exodex.datasets.catalogs.NasaExoplanetCatalog: probably not enough data lolfor name: Kepler-256
26/09/11 16:49:32 WARN com.cse.exodex.datasets.catalogs.NasaExoplanetCatalog: probably not enough data lolfor name: Kepler-256
26/09/11 16:49:32 WARN com.cse.exodex.datasets.catalogs.NasaExoplanetCatalog: probably not enough data lolfor name: Kepler-256
26/09/11 16:49:32 WARN com.cse.exodex.datasets.catalogs.NasaExoplanetCatalog: probably not enough data lolfor name: Kepler-257
26/09/11 16:49:32 WARN com.cse.exodex.datasets.catalogs.NasaExoplanetCatalog: probably not enough data lolfor name: Kepler-257
26/09/11 16:49:32 WARN com.cse.exodex.datasets.catalogs.NasaExoplanetCatalog: probably not enough data lolfor name: Kepler-257
26/09/11 16:49:32 WARN com.cse.exodex.datasets.catalogs.NasaExoplanetCatalog: probably not enough data lolfor name: Kepler-258
26/09/11 16:49:32 WARN com.cse.exodex.datasets.catalogs.NasaExoplanetCatalog: probably not enough data lolfor name: Kepler-258
26/09/11 16:49:32 WARN com.cse.exodex.datasets.catalogs.NasaExoplanetCatalog: probably not enough data lolfor name: Kepler-259
26/09/11 16:49:32 WARN com.cse.exodex.datasets.catalogs.NasaExoplanetCatalog: probably not enough data lolfor name: Kepler-259
26/09/11 16:49:32 WARN com.cse.exodex.datasets.catalogs.NasaExoplanetCatalog: probably not enough data lolfor name: Kepler-26
26/09/11 16:49:32 WARN com.cse.exodex.datasets.catalogs.NasaExoplanetCatalog: probably not enough data lolfor name: Kepler-26
26/09/11 16:49:32 WARN com.cse.exodex.datasets.catalogs.NasaExoplanetCatalog: probably not enough data lolfor name: Kepler-26
26/09/11 16:49:32 WARN com.cse.exodex.datasets.catalogs.NasaExoplanetCatalog: probably not enough data lolfor name: Kepler-26
26/09/11 16:49:32 WARN com.cse.exodex.datasets.catalogs.NasaExoplanetCatalog: probably not enough data lolfor name: Kepler-260
26/09/11 16:49:32 WARN com.cse.exodex.datasets.catalogs.NasaExoplanetCatalog: probably not enough data lolfor name: Kepler-260
26/09/11 16:49:32 WARN com.cse.exodex.datasets.catalogs.NasaExoplanetCatalog: probably not enough data lolfor name: Kepler-261
26/09/11 16:49:32 WARN com.cse.exodex.datasets.catalogs.NasaExoplanetCatalog: probably not enough data lolfor name: Kepler-261
26/09/11 16:49:32 WARN com.cse.exodex.datasets.catalogs.NasaExoplanetCatalog: probably not enough data lolfor name: Kepler-262
26/09/11 16:49:32 WARN com.cse.exodex.datasets.catalogs.NasaExoplanetCatalog: probably not enough data lolfor name: Kepler-262
26/09/11 16:49:32 WARN com.cse.exodex.datasets.catalogs.NasaExoplanetCatalog: probably not enough data lolfor name: Kepler-263
26/09/11 16:49:32 WARN com.cse.exodex.datasets.catalogs.NasaExoplanetCatalog: probably not enough data lolfor name: Kepler-263
26/09/11 16:49:32 WARN com.cse.exodex.datasets.catalogs.NasaExoplanetCatalog: probably not enough data lolfor name: Kepler-264
26/09/11 16:49:32 WARN com.cse.exodex.datasets.catalogs.NasaExoplanetCatalog: probably not enough data lolfor name: Kepler-264
26/09/11 16:49:32 WARN com.cse.exodex.datasets.catalogs.NasaExoplanetCatalog: probably not enough data lolfor name: Kepler-265
26/09/11 16:49:32 WARN com.cse.exodex.datasets.catalogs.NasaExoplanetCatalog: probably not enough data lolfor name: Kepler-265
26/09/11 16:49:32 WARN com.cse.exodex.datasets.catalogs.NasaExoplanetCatalog: probably not enough data lolfor name: Kepler-265
26/09/11 16:49:32 WARN com.cse.exodex.datasets.catalogs.NasaExoplanetCatalog: probably not enough data lolfor name: Kepler-265
26/09/11 16:49:32 WARN com.cse.exodex.datasets.catalogs.NasaExoplanetCatalog: probably not enough data lolfor name: Kepler-266
26/09/11 16:49:32 WARN com.cse.exodex.datasets.catalogs.NasaExoplanetCatalog: probably not enough data lolfor name: Kepler-266
26/09/11 16:49:32 WARN com.cse.exodex.datasets.catalogs.NasaExoplanetCatalog: probably not enough data lolfor name: Kepler-267
26/09/11 16:49:32 WARN com.cse.exodex.datasets.catalogs.NasaExoplanetCatalog: probably not enough data lolfor name: Kepler-267
26/09/11 16:49:32 WARN com.cse.exodex.datasets.catalogs.NasaExoplanetCatalog: probably not enough data lolfor name: Kepler-267
26/09/11 16:49:32 WARN com.cse.exodex.datasets.catalogs.NasaExoplanetCatalog: probably not enough data lolfor name: Kepler-268
26/09/11 16:49:32 WARN com.cse.exodex.datasets.catalogs.NasaExoplanetCatalog: probably not enough data lolfor name: Kepler-268
26/09/11 16:49:32 WARN com.cse.exodex.datasets.catalogs.NasaExoplanetCatalog: probably not enough data lolfor name: Kepler-269
26/09/11 16:49:32 WARN com.cse.exodex.datasets.catalogs.NasaExoplanetCatalog: probably not enough data lolfor name: Kepler-269
26/09/11 16:49:32 WARN com.cse.exodex.datasets.catalogs.NasaExoplanetCatalog: probably not enough data lolfor name: Kepler-27
26/09/11 16:49:32 WARN com.cse.exodex.datasets.catalogs.NasaExoplanetCatalog: probably not enough data lolfor name: Kepler-27
26/09/11 16:49:32 WARN com.cse.exodex.datasets.catalogs.NasaExoplanetCatalog: probably not enough data lolfor name: Kepler-270
26/09/11 16:49:32 WARN com.cse.exodex.datasets.catalogs.NasaExoplanetCatalog: probably not enough data lolfor name: Kepler-270
26/09/11 16:49:32 WARN com.cse.exodex.datasets.catalogs.NasaExoplanetCatalog: probably not enough data lolfor name: Kepler-271
26/09/11 16:49:32 WARN com.cse.exodex.datasets.catalogs.NasaExoplanetCatalog: probably not enough data lolfor name: Kepler-271
26/09/11 16:49:32 WARN com.cse.exodex.datasets.catalogs.NasaExoplanetCatalog: probably not enough data lolfor name: Kepler-271
26/09/11 16:49:32 WARN com.cse.exodex.datasets.catalogs.NasaExoplanetCatalog: probably not enough data lolfor name: Kepler-272
26/09/11 16:49:32 WARN com.cse.exodex.datasets.catalogs.NasaExoplanetCatalog: probably not enough data lolfor name: Kepler-272
26/09/11 16:49:32 WARN com.cse.exodex.datasets.catalogs.NasaExoplanetCatalog: probably not enough data lolfor name: Kepler-272
26/09/11 16:49:32 WARN com.cse.exodex.datasets.catalogs.NasaExoplanetCatalog: probably not enough data lolfor name: Kepler-273
26/09/11 16:49:32 WARN com.cse.exodex.datasets.catalogs.NasaExoplanetCatalog: probably not enough data lolfor name: Kepler-273
26/09/11 16:49:32 WARN com.cse.exodex.datasets.catalogs.NasaExoplanetCatalog: probably not enough data lolfor name: Kepler-274
26/09/11 16:49:32 WARN com.cse.exodex.datasets.catalogs.NasaExoplanetCatalog: probably not enough data lolfor name: Kepler-274
26/09/11 16:49:32 WARN com.cse.exodex.datasets.catalogs.NasaExoplanetCatalog: probably not enough data lolfor name: Kepler-275
26/09/11 16:49:32 WARN com.cse.exodex.datasets.catalogs.NasaExoplanetCatalog: probably not enough data lolfor name: Kepler-275
26/09/11 16:49:32 WARN com.cse.exodex.datasets.catalogs.NasaExoplanetCatalog: probably not enough data lolfor name: Kepler-275
26/09/11 16:49:32 WARN com.cse.exodex.datasets.catalogs.NasaExoplanetCatalog: probably not enough data lolfor name: Kepler-276
26/09/11 16:49:32 WARN com.cse.exodex.datasets.catalogs.NasaExoplanetCatalog: probably not enough data lolfor name: Kepler-276
26/09/11 16:49:32 WARN com.cse.exodex.datasets.catalogs.NasaExoplanetCatalog: probably not enough data lolfor name: Kepler-276
26/09/11 16:49:32 WARN com.cse.exodex.datasets.catalogs.NasaExoplanetCatalog: probably not enough data lolfor name: Kepler-277
26/09/11 16:49:32 WARN com.cse.exodex.datasets.catalogs.NasaExoplanetCatalog: probably not enough data lolfor name: Kepler-277
26/09/11 16:49:32 WARN com.cse.exodex.datasets.catalogs.NasaExoplanetCatalog: probably not enough data lolfor name: Kepler-278
26/09/11 16:49:32 WARN com.cse.exodex.datasets.catalogs.NasaExoplanetCatalog: probably not enough data lolfor name: Kepler-278
26/09/11 16:49:32 WARN com.cse.exodex.datasets.catalogs.NasaExoplanetCatalog: probably not enough data lolfor name: Kepler-279
26/09/11 16:49:32 WARN com.cse.exodex.datasets.catalogs.NasaExoplanetCatalog: probably not enough data lolfor name: Kepler-279
26/09/11 16:49:32 WARN com.cse.exodex.datasets.catalogs.NasaExoplanetCatalog: probably not enough data lolfor name: Kepler-279
26/09/11 16:49:32 WARN com.cse.exodex.datasets.catalogs.NasaExoplanetCatalog: probably not enough data lolfor name: Kepler-28
26/09/11 16:49:32 WARN com.cse.exodex.datasets.catalogs.NasaExoplanetCatalog: probably not enough data lolfor name: Kepler-28
26/09/11 16:49:32 WARN com.cse.exodex.datasets.catalogs.NasaExoplanetCatalog: probably not enough data lolfor name: Kepler-280
26/09/11 16:49:32 WARN com.cse.exodex.datasets.catalogs.NasaExoplanetCatalog: probably not enough data lolfor name: Kepler-280
26/09/11 16:49:32 WARN com.cse.exodex.datasets.catalogs.NasaExoplanetCatalog: probably not enough data lolfor name: Kepler-281
26/09/11 16:49:32 WARN com.cse.exodex.datasets.catalogs.NasaExoplanetCatalog: probably not enough data lolfor name: Kepler-281
26/09/11 16:49:32 WARN com.cse.exodex.datasets.catalogs.NasaExoplanetCatalog: probably not enough data lolfor name: Kepler-282
26/09/11 16:49:32 WARN com.cse.exodex.datasets.catalogs.NasaExoplanetCatalog: probably not enough data lolfor name: Kepler-282
26/09/11 16:49:32 WARN com.cse.exodex.datasets.catalogs.NasaExoplanetCatalog: probably not enough data lolfor name: Kepler-282
26/09/11 16:49:32 WARN com.cse.exodex.datasets.catalogs.NasaExoplanetCatalog: probably not enough data lolfor name: Kepler-282
26/09/11 16:49:32 WARN com.cse.exodex.datasets.catalogs.NasaExoplanetCatalog: probably not enough data lolfor name: Kepler-283
26/09/11 16:49:32 WARN com.cse.exodex.datasets.catalogs.NasaExoplanetCatalog: probably not enough data lolfor name: Kepler-283
26/09/11 16:49:32 WARN com.cse.exodex.datasets.catalogs.NasaExoplanetCatalog: probably not enough data lolfor name: Kepler-284
26/09/11 16:49:32 WARN com.cse.exodex.datasets.catalogs.NasaExoplanetCatalog: probably not enough data lolfor name: Kepler-284
26/09/11 16:49:32 WARN com.cse.exodex.datasets.catalogs.NasaExoplanetCatalog: probably not enough data lolfor name: Kepler-285
26/09/11 16:49:32 WARN com.cse.exodex.datasets.catalogs.NasaExoplanetCatalog: probably not enough data lolfor name: Kepler-285
26/09/11 16:49:32 WARN com.cse.exodex.datasets.catalogs.NasaExoplanetCatalog: probably not enough data lolfor name: Kepler-286
26/09/11 16:49:32 WARN com.cse.exodex.datasets.catalogs.NasaExoplanetCatalog: probably not enough data lolfor name: Kepler-286
26/09/11 16:49:32 WARN com.cse.exodex.datasets.catalogs.NasaExoplanetCatalog: probably not enough data lolfor name: Kepler-286
26/09/11 16:49:32 WARN com.cse.exodex.datasets.catalogs.NasaExoplanetCatalog: probably not enough data lolfor name: Kepler-286
26/09/11 16:49:32 WARN com.cse.exodex.datasets.catalogs.NasaExoplanetCatalog: probably not enough data lolfor name: Kepler-287
26/09/11 16:49:32 WARN com.cse.exodex.datasets.catalogs.NasaExoplanetCatalog: probably not enough data lolfor name: Kepler-287
26/09/11 16:49:32 WARN com.cse.exodex.datasets.catalogs.NasaExoplanetCatalog: probably not enough data lolfor name: Kepler-288
26/09/11 16:49:32 WARN com.cse.exodex.datasets.catalogs.NasaExoplanetCatalog: probably not enough data lolfor name: Kepler-288
26/09/11 16:49:32 WARN com.cse.exodex.datasets.catalogs.NasaExoplanetCatalog: probably not enough data lolfor name: Kepler-288
26/09/11 16:49:32 WARN com.cse.exodex.datasets.catalogs.NasaExoplanetCatalog: probably not enough data lolfor name: Kepler-290
26/09/11 16:49:32 WARN com.cse.exodex.datasets.catalogs.NasaExoplanetCatalog: probably not enough data lolfor name: Kepler-290
26/09/11 16:49:32 WARN com.cse.exodex.datasets.catalogs.NasaExoplanetCatalog: probably not enough data lolfor name: Kepler-291
26/09/11 16:49:32 WARN com.cse.exodex.datasets.catalogs.NasaExoplanetCatalog: probably not enough data lolfor name: Kepler-291
26/09/11 16:49:32 WARN com.cse.exodex.datasets.catalogs.NasaExoplanetCatalog: probably not enough data lolfor name: Kepler-292
26/09/11 16:49:32 WARN com.cse.exodex.datasets.catalogs.NasaExoplanetCatalog: probably not enough data lolfor name: Kepler-292
26/09/11 16:49:32 WARN com.cse.exodex.datasets.catalogs.NasaExoplanetCatalog: probably not enough data lolfor name: Kepler-292
26/09/11 16:49:32 WARN com.cse.exodex.datasets.catalogs.NasaExoplanetCatalog: probably not enough data lolfor name: Kepler-292
26/09/11 16:49:32 WARN com.cse.exodex.datasets.catalogs.NasaExoplanetCatalog: probably not enough data lolfor name: Kepler-292
26/09/11 16:49:32 WARN com.cse.exodex.datasets.catalogs.NasaExoplanetCatalog: probably not enough data lolfor name: Kepler-293
26/09/11 16:49:32 WARN com.cse.exodex.datasets.catalogs.NasaExoplanetCatalog: probably not enough data lolfor name: Kepler-293
26/09/11 16:49:32 WARN com.cse.exodex.datasets.catalogs.NasaExoplanetCatalog: probably not enough data lolfor name: Kepler-294
26/09/11 16:49:32 WARN com.cse.exodex.datasets.catalogs.NasaExoplanetCatalog: probably not enough data lolfor name: Kepler-294
26/09/11 16:49:32 WARN com.cse.exodex.datasets.catalogs.NasaExoplanetCatalog: probably not enough data lolfor name: Kepler-295
26/09/11 16:49:32 WARN com.cse.exodex.datasets.catalogs.NasaExoplanetCatalog: probably not enough data lolfor name: Kepler-295
26/09/11 16:49:32 WARN com.cse.exodex.datasets.catalogs.NasaExoplanetCatalog: probably not enough data lolfor name: Kepler-295
26/09/11 16:49:32 WARN com.cse.exodex.datasets.catalogs.NasaExoplanetCatalog: probably not enough data lolfor name: Kepler-296
26/09/11 16:49:32 WARN com.cse.exodex.datasets.catalogs.NasaExoplanetCatalog: probably not enough data lolfor name: Kepler-296
26/09/11 16:49:32 WARN com.cse.exodex.datasets.catalogs.NasaExoplanetCatalog: probably not enough data lolfor name: Kepler-296
26/09/11 16:49:32 WARN com.cse.exodex.datasets.catalogs.NasaExoplanetCatalog: probably not enough data lolfor name: Kepler-296
26/09/11 16:49:32 WARN com.cse.exodex.datasets.catalogs.NasaExoplanetCatalog: probably not enough data lolfor name: Kepler-296
26/09/11 16:49:32 WARN com.cse.exodex.datasets.catalogs.NasaExoplanetCatalog: probably not enough data lolfor name: Kepler-297
26/09/11 16:49:32 WARN com.cse.exodex.datasets.catalogs.NasaExoplanetCatalog: probably not enough data lolfor name: Kepler-297
26/09/11 16:49:32 WARN com.cse.exodex.datasets.catalogs.NasaExoplanetCatalog: probably not enough data lolfor name: Kepler-298
26/09/11 16:49:32 WARN com.cse.exodex.datasets.catalogs.NasaExoplanetCatalog: probably not enough data lolfor name: Kepler-298
26/09/11 16:49:32 WARN com.cse.exodex.datasets.catalogs.NasaExoplanetCatalog: probably not enough data lolfor name: Kepler-298
26/09/11 16:49:32 WARN com.cse.exodex.datasets.catalogs.NasaExoplanetCatalog: probably not enough data lolfor name: Kepler-299
26/09/11 16:49:32 WARN com.cse.exodex.datasets.catalogs.NasaExoplanetCatalog: probably not enough data lolfor name: Kepler-299
26/09/11 16:49:32 WARN com.cse.exodex.datasets.catalogs.NasaExoplanetCatalog: probably not enough data lolfor name: Kepler-299
26/09/11 16:49:32 WARN com.cse.exodex.datasets.catalogs.NasaExoplanetCatalog: probably not enough data lolfor name: Kepler-299
26/09/11 16:49:32 WARN com.cse.exodex.datasets.catalogs.NasaExoplanetCatalog: probably not enough data lolfor name: Kepler-300
26/09/11 16:49:32 WARN com.cse.exodex.datasets.catalogs.NasaExoplanetCatalog: probably not enough data lolfor name: Kepler-300
26/09/11 16:49:32 WARN com.cse.exodex.datasets.catalogs.NasaExoplanetCatalog: probably not enough data lolfor name: Kepler-301
26/09/11 16:49:32 WARN com.cse.exodex.datasets.catalogs.NasaExoplanetCatalog: probably not enough data lolfor name: Kepler-301
26/09/11 16:49:32 WARN com.cse.exodex.datasets.catalogs.NasaExoplanetCatalog: probably not enough data lolfor name: Kepler-301
26/09/11 16:49:32 WARN com.cse.exodex.datasets.catalogs.NasaExoplanetCatalog: probably not enough data lolfor name: Kepler-302
26/09/11 16:49:32 WARN com.cse.exodex.datasets.catalogs.NasaExoplanetCatalog: probably not enough data lolfor name: Kepler-302
26/09/11 16:49:32 WARN com.cse.exodex.datasets.catalogs.NasaExoplanetCatalog: probably not enough data lolfor name: Kepler-303
26/09/11 16:49:32 WARN com.cse.exodex.datasets.catalogs.NasaExoplanetCatalog: probably not enough data lolfor name: Kepler-303
26/09/11 16:49:32 WARN com.cse.exodex.datasets.catalogs.NasaExoplanetCatalog: probably not enough data lolfor name: Kepler-304
26/09/11 16:49:32 WARN com.cse.exodex.datasets.catalogs.NasaExoplanetCatalog: probably not enough data lolfor name: Kepler-304
26/09/11 16:49:32 WARN com.cse.exodex.datasets.catalogs.NasaExoplanetCatalog: probably not enough data lolfor name: Kepler-304
26/09/11 16:49:32 WARN com.cse.exodex.datasets.catalogs.NasaExoplanetCatalog: probably not enough data lolfor name: Kepler-304
26/09/11 16:49:32 WARN com.cse.exodex.datasets.catalogs.NasaExoplanetCatalog: probably not enough data lolfor name: Kepler-305
26/09/11 16:49:32 WARN com.cse.exodex.datasets.catalogs.NasaExoplanetCatalog: probably not enough data lolfor name: Kepler-305
26/09/11 16:49:32 WARN com.cse.exodex.datasets.catalogs.NasaExoplanetCatalog: probably not enough data lolfor name: Kepler-305
26/09/11 16:49:32 WARN com.cse.exodex.datasets.catalogs.NasaExoplanetCatalog: probably not enough data lolfor name: Kepler-306
26/09/11 16:49:32 WARN com.cse.exodex.datasets.catalogs.NasaExoplanetCatalog: probably not enough data lolfor name: Kepler-306
26/09/11 16:49:32 WARN com.cse.exodex.datasets.catalogs.NasaExoplanetCatalog: probably not enough data lolfor name: Kepler-306
26/09/11 16:49:32 WARN com.cse.exodex.datasets.catalogs.NasaExoplanetCatalog: probably not enough data lolfor name: Kepler-306
26/09/11 16:49:32 WARN com.cse.exodex.datasets.catalogs.NasaExoplanetCatalog: probably not enough data lolfor name: Kepler-307
26/09/11 16:49:32 WARN com.cse.exodex.datasets.catalogs.NasaExoplanetCatalog: probably not enough data lolfor name: Kepler-307
26/09/11 16:49:32 WARN com.cse.exodex.datasets.catalogs.NasaExoplanetCatalog: probably not enough data lolfor name: Kepler-308
26/09/11 16:49:32 WARN com.cse.exodex.datasets.catalogs.NasaExoplanetCatalog: probably not enough data lolfor name: Kepler-308
26/09/11 16:49:32 WARN com.cse.exodex.datasets.catalogs.NasaExoplanetCatalog: probably not enough data lolfor name: Kepler-309
26/09/11 16:49:32 WARN com.cse.exodex.datasets.catalogs.NasaExoplanetCatalog: probably not enough data lolfor name: Kepler-309
26/09/11 16:49:32 WARN com.cse.exodex.datasets.catalogs.NasaExoplanetCatalog: probably not enough data lolfor name: Kepler-310
26/09/11 16:49:32 WARN com.cse.exodex.datasets.catalogs.NasaExoplanetCatalog: probably not enough data lolfor name: Kepler-310
26/09/11 16:49:32 WARN com.cse.exodex.datasets.catalogs.NasaExoplanetCatalog: probably not enough data lolfor name: Kepler-310
26/09/11 16:49:32 WARN com.cse.exodex.datasets.catalogs.NasaExoplanetCatalog: probably not enough data lolfor name: Kepler-311
26/09/11 16:49:32 WARN com.cse.exodex.datasets.catalogs.NasaExoplanetCatalog: probably not enough data lolfor name: Kepler-311
26/09/11 16:49:32 WARN com.cse.exodex.datasets.catalogs.NasaExoplanetCatalog: probably not enough data lolfor name: Kepler-312
26/09/11 16:49:32 WARN com.cse.exodex.datasets.catalogs.NasaExoplanetCatalog: probably not enough data lolfor name: Kepler-312
26/09/11 16:49:32 WARN com.cse.exodex.datasets.catalogs.NasaExoplanetCatalog: probably not enough data lolfor name: Kepler-313
26/09/11 16:49:32 WARN com.cse.exodex.datasets.catalogs.NasaExoplanetCatalog: probably not enough data lolfor name: Kepler-313
26/09/11 16:49:32 WARN com.cse.exodex.datasets.catalogs.NasaExoplanetCatalog: probably not enough data lolfor name: Kepler-314
26/09/11 16:49:32 WARN com.cse.exodex.datasets.catalogs.NasaExoplanetCatalog: probably not enough data lolfor name: Kepler-314
26/09/11 16:49:32 WARN com.cse.exodex.datasets.catalogs.NasaExoplanetCatalog: probably not enough data lolfor name: Kepler-315
26/09/11 16:49:32 WARN com.cse.exodex.datasets.catalogs.NasaExoplanetCatalog: probably not enough data lolfor name: Kepler-315
26/09/11 16:49:32 WARN com.cse.exodex.datasets.catalogs.NasaExoplanetCatalog: probably not enough data lolfor name: Kepler-316
26/09/11 16:49:32 WARN com.cse.exodex.datasets.catalogs.NasaExoplanetCatalog: probably not enough data lolfor name: Kepler-316
26/09/11 16:49:32 WARN com.cse.exodex.datasets.catalogs.NasaExoplanetCatalog: probably not enough data lolfor name: Kepler-317
26/09/11 16:49:32 WARN com.cse.exodex.datasets.catalogs.NasaExoplanetCatalog: probably not enough data lolfor name: Kepler-317
26/09/11 16:49:32 WARN com.cse.exodex.datasets.catalogs.NasaExoplanetCatalog: probably not enough data lolfor name: Kepler-318
26/09/11 16:49:32 WARN com.cse.exodex.datasets.catalogs.NasaExoplanetCatalog: probably not enough data lolfor name: Kepler-318
26/09/11 16:49:32 WARN com.cse.exodex.datasets.catalogs.NasaExoplanetCatalog: probably not enough data lolfor name: Kepler-319
26/09/11 16:49:32 WARN com.cse.exodex.datasets.catalogs.NasaExoplanetCatalog: probably not enough data lolfor name: Kepler-319
26/09/11 16:49:32 WARN com.cse.exodex.datasets.catalogs.NasaExoplanetCatalog: probably not enough data lolfor name: Kepler-319
26/09/11 16:49:32 WARN com.cse.exodex.datasets.catalogs.NasaExoplanetCatalog: probably not enough data lolfor name: Kepler-320
26/09/11 16:49:32 WARN com.cse.exodex.datasets.catalogs.NasaExoplanetCatalog: probably not enough data lolfor name: Kepler-320
26/09/11 16:49:32 WARN com.cse.exodex.datasets.catalogs.NasaExoplanetCatalog: probably not enough data lolfor name: Kepler-321
26/09/11 16:49:32 WARN com.cse.exodex.datasets.catalogs.NasaExoplanetCatalog: probably not enough data lolfor name: Kepler-321
26/09/11 16:49:32 WARN com.cse.exodex.datasets.catalogs.NasaExoplanetCatalog: probably not enough data lolfor name: Kepler-322
26/09/11 16:49:32 WARN com.cse.exodex.datasets.catalogs.NasaExoplanetCatalog: probably not enough data lolfor name: Kepler-322
26/09/11 16:49:32 WARN com.cse.exodex.datasets.catalogs.NasaExoplanetCatalog: probably not enough data lolfor name: Kepler-323
26/09/11 16:49:32 WARN com.cse.exodex.datasets.catalogs.NasaExoplanetCatalog: probably not enough data lolfor name: Kepler-323
26/09/11 16:49:32 WARN com.cse.exodex.datasets.catalogs.NasaExoplanetCatalog: probably not enough data lolfor name: Kepler-324
26/09/11 16:49:32 WARN com.cse.exodex.datasets.catalogs.NasaExoplanetCatalog: probably not enough data lolfor name: Kepler-324
26/09/11 16:49:32 WARN com.cse.exodex.datasets.catalogs.NasaExoplanetCatalog: probably not enough data lolfor name: Kepler-325
26/09/11 16:49:32 WARN com.cse.exodex.datasets.catalogs.NasaExoplanetCatalog: probably not enough data lolfor name: Kepler-325
26/09/11 16:49:32 WARN com.cse.exodex.datasets.catalogs.NasaExoplanetCatalog: probably not enough data lolfor name: Kepler-325
26/09/11 16:49:32 WARN com.cse.exodex.datasets.catalogs.NasaExoplanetCatalog: probably not enough data lolfor name: Kepler-326
26/09/11 16:49:32 WARN com.cse.exodex.datasets.catalogs.NasaExoplanetCatalog: probably not enough data lolfor name: Kepler-326
26/09/11 16:49:32 WARN com.cse.exodex.datasets.catalogs.NasaExoplanetCatalog: probably not enough data lolfor name: Kepler-326
26/09/11 16:49:32 WARN com.cse.exodex.datasets.catalogs.NasaExoplanetCatalog: probably not enough data lolfor name: Kepler-327
26/09/11 16:49:32 WARN com.cse.exodex.datasets.catalogs.NasaExoplanetCatalog: probably not enough data lolfor name: Kepler-327
26/09/11 16:49:32 WARN com.cse.exodex.datasets.catalogs.NasaExoplanetCatalog: probably not enough data lolfor name: Kepler-327
26/09/11 16:49:32 WARN com.cse.exodex.datasets.catalogs.NasaExoplanetCatalog: probably not enough data lolfor name: Kepler-328
26/09/11 16:49:32 WARN com.cse.exodex.datasets.catalogs.NasaExoplanetCatalog: probably not enough data lolfor name: Kepler-328
26/09/11 16:49:32 WARN com.cse.exodex.datasets.catalogs.NasaExoplanetCatalog: probably not enough data lolfor name: Kepler-329
26/09/11 16:49:32 WARN com.cse.exodex.datasets.catalogs.NasaExoplanetCatalog: probably not enough data lolfor name: Kepler-329
26/09/11 16:49:32 WARN com.cse.exodex.datasets.catalogs.NasaExoplanetCatalog: probably not enough data lolfor name: Kepler-33
26/09/11 16:49:32 WARN com.cse.exodex.datasets.catalogs.NasaExoplanetCatalog: probably not enough data lolfor name: Kepler-33
26/09/11 16:49:32 WARN com.cse.exodex.datasets.catalogs.NasaExoplanetCatalog: probably not enough data lolfor name: Kepler-33
26/09/11 16:49:32 WARN com.cse.exodex.datasets.catalogs.NasaExoplanetCatalog: probably not enough data lolfor name: Kepler-33
26/09/11 16:49:32 WARN com.cse.exodex.datasets.catalogs.NasaExoplanetCatalog: probably not enough data lolfor name: Kepler-33
26/09/11 16:49:32 WARN com.cse.exodex.datasets.catalogs.NasaExoplanetCatalog: probably not enough data lolfor name: Kepler-330
26/09/11 16:49:32 WARN com.cse.exodex.datasets.catalogs.NasaExoplanetCatalog: probably not enough data lolfor name: Kepler-330
26/09/11 16:49:32 WARN com.cse.exodex.datasets.catalogs.NasaExoplanetCatalog: probably not enough data lolfor name: Kepler-331
26/09/11 16:49:32 WARN com.cse.exodex.datasets.catalogs.NasaExoplanetCatalog: probably not enough data lolfor name: Kepler-331
26/09/11 16:49:32 WARN com.cse.exodex.datasets.catalogs.NasaExoplanetCatalog: probably not enough data lolfor name: Kepler-331
26/09/11 16:49:32 WARN com.cse.exodex.datasets.catalogs.NasaExoplanetCatalog: probably not enough data lolfor name: Kepler-332
26/09/11 16:49:32 WARN com.cse.exodex.datasets.catalogs.NasaExoplanetCatalog: probably not enough data lolfor name: Kepler-332
26/09/11 16:49:32 WARN com.cse.exodex.datasets.catalogs.NasaExoplanetCatalog: probably not enough data lolfor name: Kepler-332
26/09/11 16:49:32 WARN com.cse.exodex.datasets.catalogs.NasaExoplanetCatalog: probably not enough data lolfor name: Kepler-333
26/09/11 16:49:32 WARN com.cse.exodex.datasets.catalogs.NasaExoplanetCatalog: probably not enough data lolfor name: Kepler-333
26/09/11 16:49:32 WARN com.cse.exodex.datasets.catalogs.NasaExoplanetCatalog: probably not enough data lolfor name: Kepler-334
26/09/11 16:49:32 WARN com.cse.exodex.datasets.catalogs.NasaExoplanetCatalog: probably not enough data lolfor name: Kepler-334
26/09/11 16:49:32 WARN com.cse.exodex.datasets.catalogs.NasaExoplanetCatalog: probably not enough data lolfor name: Kepler-334
26/09/11 16:49:32 WARN com.cse.exodex.datasets.catalogs.NasaExoplanetCatalog: probably not enough data lolfor name: Kepler-335
26/09/11 16:49:32 WARN com.cse.exodex.datasets.catalogs.NasaExoplanetCatalog: probably not enough data lolfor name: Kepler-335
26/09/11 16:49:32 WARN com.cse.exodex.datasets.catalogs.NasaExoplanetCatalog: probably not enough data lolfor name: Kepler-336
26/09/11 16:49:32 WARN com.cse.exodex.datasets.catalogs.NasaExoplanetCatalog: probably not enough data lolfor name: Kepler-336
26/09/11 16:49:32 WARN com.cse.exodex.datasets.catalogs.NasaExoplanetCatalog: probably not enough data lolfor name: Kepler-336
26/09/11 16:49:32 WARN com.cse.exodex.datasets.catalogs.NasaExoplanetCatalog: probably not enough data lolfor name: Kepler-337
26/09/11 16:49:32 WARN com.cse.exodex.datasets.catalogs.NasaExoplanetCatalog: probably not enough data lolfor name: Kepler-337
26/09/11 16:49:32 WARN com.cse.exodex.datasets.catalogs.NasaExoplanetCatalog: probably not enough data lolfor name: Kepler-338
26/09/11 16:49:32 WARN com.cse.exodex.datasets.catalogs.NasaExoplanetCatalog: probably not enough data lolfor name: Kepler-338
26/09/11 16:49:32 WARN com.cse.exodex.datasets.catalogs.NasaExoplanetCatalog: probably not enough data lolfor name: Kepler-338
26/09/11 16:49:32 WARN com.cse.exodex.datasets.catalogs.NasaExoplanetCatalog: probably not enough data lolfor name: Kepler-338
26/09/11 16:49:32 WARN com.cse.exodex.datasets.catalogs.NasaExoplanetCatalog: probably not enough data lolfor name: Kepler-339
26/09/11 16:49:32 WARN com.cse.exodex.datasets.catalogs.NasaExoplanetCatalog: probably not enough data lolfor name: Kepler-339
26/09/11 16:49:32 WARN com.cse.exodex.datasets.catalogs.NasaExoplanetCatalog: probably not enough data lolfor name: Kepler-339
26/09/11 16:49:32 WARN com.cse.exodex.datasets.catalogs.NasaExoplanetCatalog: probably not enough data lolfor name: Kepler-340
26/09/11 16:49:32 WARN com.cse.exodex.datasets.catalogs.NasaExoplanetCatalog: probably not enough data lolfor name: Kepler-340
26/09/11 16:49:32 WARN com.cse.exodex.datasets.catalogs.NasaExoplanetCatalog: probably not enough data lolfor name: Kepler-341
26/09/11 16:49:32 WARN com.cse.exodex.datasets.catalogs.NasaExoplanetCatalog: probably not enough data lolfor name: Kepler-341
26/09/11 16:49:32 WARN com.cse.exodex.datasets.catalogs.NasaExoplanetCatalog: probably not enough data lolfor name: Kepler-341
26/09/11 16:49:32 WARN com.cse.exodex.datasets.catalogs.NasaExoplanetCatalog: probably not enough data lolfor name: Kepler-341
26/09/11 16:49:32 WARN com.cse.exodex.datasets.catalogs.NasaExoplanetCatalog: probably not enough data lolfor name: Kepler-342
26/09/11 16:49:32 WARN com.cse.exodex.datasets.catalogs.NasaExoplanetCatalog: probably not enough data lolfor name: Kepler-342
26/09/11 16:49:32 WARN com.cse.exodex.datasets.catalogs.NasaExoplanetCatalog: probably not enough data lolfor name: Kepler-342
26/09/11 16:49:32 WARN com.cse.exodex.datasets.catalogs.NasaExoplanetCatalog: probably not enough data lolfor name: Kepler-342
26/09/11 16:49:32 WARN com.cse.exodex.datasets.catalogs.NasaExoplanetCatalog: probably not enough data lolfor name: Kepler-343
26/09/11 16:49:32 WARN com.cse.exodex.datasets.catalogs.NasaExoplanetCatalog: probably not enough data lolfor name: Kepler-343
26/09/11 16:49:32 WARN com.cse.exodex.datasets.catalogs.NasaExoplanetCatalog: probably not enough data lolfor name: Kepler-344
26/09/11 16:49:32 WARN com.cse.exodex.datasets.catalogs.NasaExoplanetCatalog: probably not enough data lolfor name: Kepler-344
26/09/11 16:49:32 WARN com.cse.exodex.datasets.catalogs.NasaExoplanetCatalog: probably not enough data lolfor name: Kepler-345
26/09/11 16:49:32 WARN com.cse.exodex.datasets.catalogs.NasaExoplanetCatalog: probably not enough data lolfor name: Kepler-345
26/09/11 16:49:32 WARN com.cse.exodex.datasets.catalogs.NasaExoplanetCatalog: probably not enough data lolfor name: Kepler-346
26/09/11 16:49:32 WARN com.cse.exodex.datasets.catalogs.NasaExoplanetCatalog: probably not enough data lolfor name: Kepler-346
26/09/11 16:49:32 WARN com.cse.exodex.datasets.catalogs.NasaExoplanetCatalog: probably not enough data lolfor name: Kepler-347
26/09/11 16:49:32 WARN com.cse.exodex.datasets.catalogs.NasaExoplanetCatalog: probably not enough data lolfor name: Kepler-347
26/09/11 16:49:32 WARN com.cse.exodex.datasets.catalogs.NasaExoplanetCatalog: probably not enough data lolfor name: Kepler-348
26/09/11 16:49:32 WARN com.cse.exodex.datasets.catalogs.NasaExoplanetCatalog: probably not enough data lolfor name: Kepler-348
26/09/11 16:49:32 WARN com.cse.exodex.datasets.catalogs.NasaExoplanetCatalog: probably not enough data lolfor name: Kepler-349
26/09/11 16:49:32 WARN com.cse.exodex.datasets.catalogs.NasaExoplanetCatalog: probably not enough data lolfor name: Kepler-349
26/09/11 16:49:32 WARN com.cse.exodex.datasets.catalogs.NasaExoplanetCatalog: probably not enough data lolfor name: Kepler-350
26/09/11 16:49:32 WARN com.cse.exodex.datasets.catalogs.NasaExoplanetCatalog: probably not enough data lolfor name: Kepler-350
26/09/11 16:49:32 WARN com.cse.exodex.datasets.catalogs.NasaExoplanetCatalog: probably not enough data lolfor name: Kepler-350
26/09/11 16:49:32 WARN com.cse.exodex.datasets.catalogs.NasaExoplanetCatalog: probably not enough data lolfor name: Kepler-351
26/09/11 16:49:32 WARN com.cse.exodex.datasets.catalogs.NasaExoplanetCatalog: probably not enough data lolfor name: Kepler-351
26/09/11 16:49:32 WARN com.cse.exodex.datasets.catalogs.NasaExoplanetCatalog: probably not enough data lolfor name: Kepler-351
26/09/11 16:49:32 WARN com.cse.exodex.datasets.catalogs.NasaExoplanetCatalog: probably not enough data lolfor name: Kepler-352
26/09/11 16:49:32 WARN com.cse.exodex.datasets.catalogs.NasaExoplanetCatalog: probably not enough data lolfor name: Kepler-352
26/09/11 16:49:32 WARN com.cse.exodex.datasets.catalogs.NasaExoplanetCatalog: probably not enough data lolfor name: Kepler-353
26/09/11 16:49:32 WARN com.cse.exodex.datasets.catalogs.NasaExoplanetCatalog: probably not enough data lolfor name: Kepler-353
26/09/11 16:49:32 WARN com.cse.exodex.datasets.catalogs.NasaExoplanetCatalog: probably not enough data lolfor name: Kepler-354
26/09/11 16:49:32 WARN com.cse.exodex.datasets.catalogs.NasaExoplanetCatalog: probably not enough data lolfor name: Kepler-354
26/09/11 16:49:32 WARN com.cse.exodex.datasets.catalogs.NasaExoplanetCatalog: probably not enough data lolfor name: Kepler-354
26/09/11 16:49:32 WARN com.cse.exodex.datasets.catalogs.NasaExoplanetCatalog: probably not enough data lolfor name: Kepler-355
26/09/11 16:49:32 WARN com.cse.exodex.datasets.catalogs.NasaExoplanetCatalog: probably not enough data lolfor name: Kepler-355
26/09/11 16:49:32 WARN com.cse.exodex.datasets.catalogs.NasaExoplanetCatalog: probably not enough data lolfor name: Kepler-356
26/09/11 16:49:32 WARN com.cse.exodex.datasets.catalogs.NasaExoplanetCatalog: probably not enough data lolfor name: Kepler-356
26/09/11 16:49:32 WARN com.cse.exodex.datasets.catalogs.NasaExoplanetCatalog: probably not enough data lolfor name: Kepler-357
26/09/11 16:49:32 WARN com.cse.exodex.datasets.catalogs.NasaExoplanetCatalog: probably not enough data lolfor name: Kepler-357
26/09/11 16:49:32 WARN com.cse.exodex.datasets.catalogs.NasaExoplanetCatalog: probably not enough data lolfor name: Kepler-357
26/09/11 16:49:32 WARN com.cse.exodex.datasets.catalogs.NasaExoplanetCatalog: probably not enough data lolfor name: Kepler-358
26/09/11 16:49:32 WARN com.cse.exodex.datasets.catalogs.NasaExoplanetCatalog: probably not enough data lolfor name: Kepler-358
26/09/11 16:49:32 WARN com.cse.exodex.datasets.catalogs.NasaExoplanetCatalog: probably not enough data lolfor name: Kepler-359
26/09/11 16:49:32 WARN com.cse.exodex.datasets.catalogs.NasaExoplanetCatalog: probably not enough data lolfor name: Kepler-359
26/09/11 16:49:32 WARN com.cse.exodex.datasets.catalogs.NasaExoplanetCatalog: probably not enough data lolfor name: Kepler-359
26/09/11 16:49:32 WARN com.cse.exodex.datasets.catalogs.NasaExoplanetCatalog: probably not enough data lolfor name: Kepler-360
26/09/11 16:49:32 WARN com.cse.exodex.datasets.catalogs.NasaExoplanetCatalog: probably not enough data lolfor name: Kepler-360
26/09/11 16:49:32 WARN com.cse.exodex.datasets.catalogs.NasaExoplanetCatalog: probably not enough data lolfor name: Kepler-361
26/09/11 16:49:32 WARN com.cse.exodex.datasets.catalogs.NasaExoplanetCatalog: probably not enough data lolfor name: Kepler-361
26/09/11 16:49:32 WARN com.cse.exodex.datasets.catalogs.NasaExoplanetCatalog: probably not enough data lolfor name: Kepler-362
26/09/11 16:49:32 WARN com.cse.exodex.datasets.catalogs.NasaExoplanetCatalog: probably not enough data lolfor name: Kepler-362
26/09/11 16:49:32 WARN com.cse.exodex.datasets.catalogs.NasaExoplanetCatalog: probably not enough data lolfor name: Kepler-363
26/09/11 16:49:32 WARN com.cse.exodex.datasets.catalogs.NasaExoplanetCatalog: probably not enough data lolfor name: Kepler-363
26/09/11 16:49:32 WARN com.cse.exodex.datasets.catalogs.NasaExoplanetCatalog: probably not enough data lolfor name: Kepler-363
26/09/11 16:49:32 WARN com.cse.exodex.datasets.catalogs.NasaExoplanetCatalog: probably not enough data lolfor name: Kepler-364
26/09/11 16:49:32 WARN com.cse.exodex.datasets.catalogs.NasaExoplanetCatalog: probably not enough data lolfor name: Kepler-364
26/09/11 16:49:32 WARN com.cse.exodex.datasets.catalogs.NasaExoplanetCatalog: probably not enough data lolfor name: Kepler-365
26/09/11 16:49:32 WARN com.cse.exodex.datasets.catalogs.NasaExoplanetCatalog: probably not enough data lolfor name: Kepler-365
26/09/11 16:49:32 WARN com.cse.exodex.datasets.catalogs.NasaExoplanetCatalog: probably not enough data lolfor name: Kepler-366
26/09/11 16:49:32 WARN com.cse.exodex.datasets.catalogs.NasaExoplanetCatalog: probably not enough data lolfor name: Kepler-366
26/09/11 16:49:32 WARN com.cse.exodex.datasets.catalogs.NasaExoplanetCatalog: probably not enough data lolfor name: Kepler-367
26/09/11 16:49:32 WARN com.cse.exodex.datasets.catalogs.NasaExoplanetCatalog: probably not enough data lolfor name: Kepler-367
26/09/11 16:49:32 WARN com.cse.exodex.datasets.catalogs.NasaExoplanetCatalog: probably not enough data lolfor name: Kepler-368
26/09/11 16:49:32 WARN com.cse.exodex.datasets.catalogs.NasaExoplanetCatalog: probably not enough data lolfor name: Kepler-368
26/09/11 16:49:32 WARN com.cse.exodex.datasets.catalogs.NasaExoplanetCatalog: probably not enough data lolfor name: Kepler-369
26/09/11 16:49:32 WARN com.cse.exodex.datasets.catalogs.NasaExoplanetCatalog: probably not enough data lolfor name: Kepler-369
26/09/11 16:49:32 WARN com.cse.exodex.datasets.catalogs.NasaExoplanetCatalog: probably not enough data lolfor name: Kepler-37
26/09/11 16:49:32 WARN com.cse.exodex.datasets.catalogs.NasaExoplanetCatalog: probably not enough data lolfor name: Kepler-37
26/09/11 16:49:32 WARN com.cse.exodex.datasets.catalogs.NasaExoplanetCatalog: probably not enough data lolfor name: Kepler-37
26/09/11 16:49:32 WARN com.cse.exodex.datasets.catalogs.NasaExoplanetCatalog: probably not enough data lolfor name: Kepler-37
26/09/11 16:49:32 WARN com.cse.exodex.datasets.catalogs.NasaExoplanetCatalog: probably not enough data lolfor name: Kepler-370
26/09/11 16:49:32 WARN com.cse.exodex.datasets.catalogs.NasaExoplanetCatalog: probably not enough data lolfor name: Kepler-370
26/09/11 16:49:32 WARN com.cse.exodex.datasets.catalogs.NasaExoplanetCatalog: probably not enough data lolfor name: Kepler-371
26/09/11 16:49:32 WARN com.cse.exodex.datasets.catalogs.NasaExoplanetCatalog: probably not enough data lolfor name: Kepler-371
26/09/11 16:49:32 WARN com.cse.exodex.datasets.catalogs.NasaExoplanetCatalog: probably not enough data lolfor name: Kepler-372
26/09/11 16:49:32 WARN com.cse.exodex.datasets.catalogs.NasaExoplanetCatalog: probably not enough data lolfor name: Kepler-372
26/09/11 16:49:32 WARN com.cse.exodex.datasets.catalogs.NasaExoplanetCatalog: probably not enough data lolfor name: Kepler-372
26/09/11 16:49:32 WARN com.cse.exodex.datasets.catalogs.NasaExoplanetCatalog: probably not enough data lolfor name: Kepler-373
26/09/11 16:49:32 WARN com.cse.exodex.datasets.catalogs.NasaExoplanetCatalog: probably not enough data lolfor name: Kepler-373
26/09/11 16:49:32 WARN com.cse.exodex.datasets.catalogs.NasaExoplanetCatalog: probably not enough data lolfor name: Kepler-374
26/09/11 16:49:32 WARN com.cse.exodex.datasets.catalogs.NasaExoplanetCatalog: probably not enough data lolfor name: Kepler-374
26/09/11 16:49:32 WARN com.cse.exodex.datasets.catalogs.NasaExoplanetCatalog: probably not enough data lolfor name: Kepler-374
26/09/11 16:49:32 WARN com.cse.exodex.datasets.catalogs.NasaExoplanetCatalog: probably not enough data lolfor name: Kepler-375
26/09/11 16:49:32 WARN com.cse.exodex.datasets.catalogs.NasaExoplanetCatalog: probably not enough data lolfor name: Kepler-375
26/09/11 16:49:32 WARN com.cse.exodex.datasets.catalogs.NasaExoplanetCatalog: probably not enough data lolfor name: Kepler-376
26/09/11 16:49:32 WARN com.cse.exodex.datasets.catalogs.NasaExoplanetCatalog: probably not enough data lolfor name: Kepler-376
26/09/11 16:49:32 WARN com.cse.exodex.datasets.catalogs.NasaExoplanetCatalog: probably not enough data lolfor name: Kepler-377
26/09/11 16:49:32 WARN com.cse.exodex.datasets.catalogs.NasaExoplanetCatalog: probably not enough data lolfor name: Kepler-377
26/09/11 16:49:32 WARN com.cse.exodex.datasets.catalogs.NasaExoplanetCatalog: probably not enough data lolfor name: Kepler-378
26/09/11 16:49:32 WARN com.cse.exodex.datasets.catalogs.NasaExoplanetCatalog: probably not enough data lolfor name: Kepler-378
26/09/11 16:49:32 WARN com.cse.exodex.datasets.catalogs.NasaExoplanetCatalog: probably not enough data lolfor name: Kepler-379
26/09/11 16:49:32 WARN com.cse.exodex.datasets.catalogs.NasaExoplanetCatalog: probably not enough data lolfor name: Kepler-379
26/09/11 16:49:32 WARN com.cse.exodex.datasets.catalogs.NasaExoplanetCatalog: probably not enough data lolfor name: Kepler-380
26/09/11 16:49:32 WARN com.cse.exodex.datasets.catalogs.NasaExoplanetCatalog: probably not enough data lolfor name: Kepler-380
26/09/11 16:49:32 WARN com.cse.exodex.datasets.catalogs.NasaExoplanetCatalog: probably not enough data lolfor name: Kepler-381
26/09/11 16:49:32 WARN com.cse.exodex.datasets.catalogs.NasaExoplanetCatalog: probably not enough data lolfor name: Kepler-381
26/09/11 16:49:32 WARN com.cse.exodex.datasets.catalogs.NasaExoplanetCatalog: probably not enough data lolfor name: Kepler-382
26/09/11 16:49:32 WARN com.cse.exodex.datasets.catalogs.NasaExoplanetCatalog: probably not enough data lolfor name: Kepler-382
26/09/11 16:49:32 WARN com.cse.exodex.datasets.catalogs.NasaExoplanetCatalog: probably not enough data lolfor name: Kepler-383
26/09/11 16:49:32 WARN com.cse.exodex.datasets.catalogs.NasaExoplanetCatalog: probably not enough data lolfor name: Kepler-383
26/09/11 16:49:32 WARN com.cse.exodex.datasets.catalogs.NasaExoplanetCatalog: probably not enough data lolfor name: Kepler-384
26/09/11 16:49:32 WARN com.cse.exodex.datasets.catalogs.NasaExoplanetCatalog: probably not enough data lolfor name: Kepler-384
26/09/11 16:49:32 WARN com.cse.exodex.datasets.catalogs.NasaExoplanetCatalog: probably not enough data lolfor name: Kepler-385
26/09/11 16:49:32 WARN com.cse.exodex.datasets.catalogs.NasaExoplanetCatalog: probably not enough data lolfor name: Kepler-385
26/09/11 16:49:32 WARN com.cse.exodex.datasets.catalogs.NasaExoplanetCatalog: probably not enough data lolfor name: Kepler-386
26/09/11 16:49:32 WARN com.cse.exodex.datasets.catalogs.NasaExoplanetCatalog: probably not enough data lolfor name: Kepler-386
26/09/11 16:49:32 WARN com.cse.exodex.datasets.catalogs.NasaExoplanetCatalog: probably not enough data lolfor name: Kepler-387
26/09/11 16:49:32 WARN com.cse.exodex.datasets.catalogs.NasaExoplanetCatalog: probably not enough data lolfor name: Kepler-387
26/09/11 16:49:32 WARN com.cse.exodex.datasets.catalogs.NasaExoplanetCatalog: probably not enough data lolfor name: Kepler-388
26/09/11 16:49:32 WARN com.cse.exodex.datasets.catalogs.NasaExoplanetCatalog: probably not enough data lolfor name: Kepler-388
26/09/11 16:49:32 WARN com.cse.exodex.datasets.catalogs.NasaExoplanetCatalog: probably not enough data lolfor name: Kepler-389
26/09/11 16:49:32 WARN com.cse.exodex.datasets.catalogs.NasaExoplanetCatalog: probably not enough data lolfor name: Kepler-389
26/09/11 16:49:32 WARN com.cse.exodex.datasets.catalogs.NasaExoplanetCatalog: probably not enough data lolfor name: Kepler-390
26/09/11 16:49:32 WARN com.cse.exodex.datasets.catalogs.NasaExoplanetCatalog: probably not enough data lolfor name: Kepler-390
26/09/11 16:49:32 WARN com.cse.exodex.datasets.catalogs.NasaExoplanetCatalog: probably not enough data lolfor name: Kepler-391
26/09/11 16:49:32 WARN com.cse.exodex.datasets.catalogs.NasaExoplanetCatalog: probably not enough data lolfor name: Kepler-391
26/09/11 16:49:32 WARN com.cse.exodex.datasets.catalogs.NasaExoplanetCatalog: probably not enough data lolfor name: Kepler-392
26/09/11 16:49:32 WARN com.cse.exodex.datasets.catalogs.NasaExoplanetCatalog: probably not enough data lolfor name: Kepler-392
26/09/11 16:49:32 WARN com.cse.exodex.datasets.catalogs.NasaExoplanetCatalog: probably not enough data lolfor name: Kepler-393
26/09/11 16:49:32 WARN com.cse.exodex.datasets.catalogs.NasaExoplanetCatalog: probably not enough data lolfor name: Kepler-393
26/09/11 16:49:32 WARN com.cse.exodex.datasets.catalogs.NasaExoplanetCatalog: probably not enough data lolfor name: Kepler-394
26/09/11 16:49:32 WARN com.cse.exodex.datasets.catalogs.NasaExoplanetCatalog: probably not enough data lolfor name: Kepler-394
26/09/11 16:49:32 WARN com.cse.exodex.datasets.catalogs.NasaExoplanetCatalog: probably not enough data lolfor name: Kepler-395
26/09/11 16:49:32 WARN com.cse.exodex.datasets.catalogs.NasaExoplanetCatalog: probably not enough data lolfor name: Kepler-395
26/09/11 16:49:32 WARN com.cse.exodex.datasets.catalogs.NasaExoplanetCatalog: probably not enough data lolfor name: Kepler-396
26/09/11 16:49:32 WARN com.cse.exodex.datasets.catalogs.NasaExoplanetCatalog: probably not enough data lolfor name: Kepler-396
26/09/11 16:49:32 WARN com.cse.exodex.datasets.catalogs.NasaExoplanetCatalog: probably not enough data lolfor name: Kepler-397
26/09/11 16:49:32 WARN com.cse.exodex.datasets.catalogs.NasaExoplanetCatalog: probably not enough data lolfor name: Kepler-397
26/09/11 16:49:32 WARN com.cse.exodex.datasets.catalogs.NasaExoplanetCatalog: probably not enough data lolfor name: Kepler-398
26/09/11 16:49:32 WARN com.cse.exodex.datasets.catalogs.NasaExoplanetCatalog: probably not enough data lolfor name: Kepler-398
26/09/11 16:49:32 WARN com.cse.exodex.datasets.catalogs.NasaExoplanetCatalog: probably not enough data lolfor name: Kepler-398
26/09/11 16:49:32 WARN com.cse.exodex.datasets.catalogs.NasaExoplanetCatalog: probably not enough data lolfor name: Kepler-399
26/09/11 16:49:32 WARN com.cse.exodex.datasets.catalogs.NasaExoplanetCatalog: probably not enough data lolfor name: Kepler-399
26/09/11 16:49:32 WARN com.cse.exodex.datasets.catalogs.NasaExoplanetCatalog: probably not enough data lolfor name: Kepler-399
26/09/11 16:49:32 WARN com.cse.exodex.datasets.catalogs.NasaExoplanetCatalog: probably not enough data lolfor name: Kepler-400
26/09/11 16:49:32 WARN com.cse.exodex.datasets.catalogs.NasaExoplanetCatalog: probably not enough data lolfor name: Kepler-400
26/09/11 16:49:32 WARN com.cse.exodex.datasets.catalogs.NasaExoplanetCatalog: probably not enough data lolfor name: Kepler-401
26/09/11 16:49:32 WARN com.cse.exodex.datasets.catalogs.NasaExoplanetCatalog: probably not enough data lolfor name: Kepler-401
26/09/11 16:49:32 WARN com.cse.exodex.datasets.catalogs.NasaExoplanetCatalog: probably not enough data lolfor name: Kepler-401
26/09/11 16:49:32 WARN com.cse.exodex.datasets.catalogs.NasaExoplanetCatalog: probably not enough data lolfor name: Kepler-402
26/09/11 16:49:32 WARN com.cse.exodex.datasets.catalogs.NasaExoplanetCatalog: probably not enough data lolfor name: Kepler-402
26/09/11 16:49:32 WARN com.cse.exodex.datasets.catalogs.NasaExoplanetCatalog: probably not enough data lolfor name: Kepler-402
26/09/11 16:49:32 WARN com.cse.exodex.datasets.catalogs.NasaExoplanetCatalog: probably not enough data lolfor name: Kepler-402
26/09/11 16:49:32 WARN com.cse.exodex.datasets.catalogs.NasaExoplanetCatalog: probably not enough data lolfor name: Kepler-403
26/09/11 16:49:32 WARN com.cse.exodex.datasets.catalogs.NasaExoplanetCatalog: probably not enough data lolfor name: Kepler-403
26/09/11 16:49:32 WARN com.cse.exodex.datasets.catalogs.NasaExoplanetCatalog: probably not enough data lolfor name: Kepler-403
26/09/11 16:49:32 WARN com.cse.exodex.datasets.catalogs.NasaExoplanetCatalog: probably not enough data lolfor name: Kepler-404
26/09/11 16:49:32 WARN com.cse.exodex.datasets.catalogs.NasaExoplanetCatalog: probably not enough data lolfor name: Kepler-404
26/09/11 16:49:32 WARN com.cse.exodex.datasets.catalogs.NasaExoplanetCatalog: probably not enough data lolfor name: Kepler-405
26/09/11 16:49:32 WARN com.cse.exodex.datasets.catalogs.NasaExoplanetCatalog: probably not enough data lolfor name: Kepler-405
26/09/11 16:49:32 WARN com.cse.exodex.datasets.catalogs.NasaExoplanetCatalog: probably not enough data lolfor name: Kepler-406
26/09/11 16:49:32 WARN com.cse.exodex.datasets.catalogs.NasaExoplanetCatalog: probably not enough data lolfor name: Kepler-406
26/09/11 16:49:32 WARN com.cse.exodex.datasets.catalogs.NasaExoplanetCatalog: probably not enough data lolfor name: Kepler-407
26/09/11 16:49:32 WARN com.cse.exodex.datasets.catalogs.NasaExoplanetCatalog: probably not enough data lolfor name: Kepler-407
26/09/11 16:49:32 WARN com.cse.exodex.datasets.catalogs.NasaExoplanetCatalog: probably not enough data lolfor name: Kepler-408
26/09/11 16:49:32 WARN com.cse.exodex.datasets.catalogs.NasaExoplanetCatalog: probably not enough data lolfor name: Kepler-409
26/09/11 16:49:32 WARN com.cse.exodex.datasets.catalogs.NasaExoplanetCatalog: probably not enough data lolfor name: Kepler-410 A
26/09/11 16:49:32 WARN com.cse.exodex.datasets.catalogs.NasaExoplanetCatalog: probably not enough data lolfor name: Kepler-411
26/09/11 16:49:32 WARN com.cse.exodex.datasets.catalogs.NasaExoplanetCatalog: probably not enough data lolfor name: Kepler-411
26/09/11 16:49:32 WARN com.cse.exodex.datasets.catalogs.NasaExoplanetCatalog: probably not enough data lolfor name: Kepler-413
26/09/11 16:49:32 WARN com.cse.exodex.datasets.catalogs.NasaExoplanetCatalog: probably not enough data lolfor name: Kepler-414
26/09/11 16:49:32 WARN com.cse.exodex.datasets.catalogs.NasaExoplanetCatalog: probably not enough data lolfor name: Kepler-414
26/09/11 16:49:32 WARN com.cse.exodex.datasets.catalogs.NasaExoplanetCatalog: probably not enough data lolfor name: Kepler-415
26/09/11 16:49:32 WARN com.cse.exodex.datasets.catalogs.NasaExoplanetCatalog: probably not enough data lolfor name: Kepler-415
26/09/11 16:49:32 WARN com.cse.exodex.datasets.catalogs.NasaExoplanetCatalog: probably not enough data lolfor name: Kepler-416
26/09/11 16:49:32 WARN com.cse.exodex.datasets.catalogs.NasaExoplanetCatalog: probably not enough data lolfor name: Kepler-416
26/09/11 16:49:32 WARN com.cse.exodex.datasets.catalogs.NasaExoplanetCatalog: probably not enough data lolfor name: Kepler-417
26/09/11 16:49:32 WARN com.cse.exodex.datasets.catalogs.NasaExoplanetCatalog: probably not enough data lolfor name: Kepler-417
26/09/11 16:49:32 WARN com.cse.exodex.datasets.catalogs.NasaExoplanetCatalog: probably not enough data lolfor name: Kepler-418
26/09/11 16:49:32 WARN com.cse.exodex.datasets.catalogs.NasaExoplanetCatalog: probably not enough data lolfor name: Kepler-419
26/09/11 16:49:32 WARN com.cse.exodex.datasets.catalogs.NasaExoplanetCatalog: probably not enough data lolfor name: Kepler-419
26/09/11 16:49:32 WARN com.cse.exodex.datasets.catalogs.NasaExoplanetCatalog: probably not enough data lolfor name: Kepler-42
26/09/11 16:49:32 WARN com.cse.exodex.datasets.catalogs.NasaExoplanetCatalog: probably not enough data lolfor name: Kepler-42
26/09/11 16:49:32 WARN com.cse.exodex.datasets.catalogs.NasaExoplanetCatalog: probably not enough data lolfor name: Kepler-42
26/09/11 16:49:32 WARN com.cse.exodex.datasets.catalogs.NasaExoplanetCatalog: probably not enough data lolfor name: Kepler-422
26/09/11 16:49:32 WARN com.cse.exodex.datasets.catalogs.NasaExoplanetCatalog: probably not enough data lolfor name: Kepler-424
26/09/11 16:49:32 WARN com.cse.exodex.datasets.catalogs.NasaExoplanetCatalog: probably not enough data lolfor name: Kepler-424
26/09/11 16:49:32 WARN com.cse.exodex.datasets.catalogs.NasaExoplanetCatalog: probably not enough data lolfor name: Kepler-430
26/09/11 16:49:32 WARN com.cse.exodex.datasets.catalogs.NasaExoplanetCatalog: probably not enough data lolfor name: Kepler-430
26/09/11 16:49:32 WARN com.cse.exodex.datasets.catalogs.NasaExoplanetCatalog: probably not enough data lolfor name: Kepler-431
26/09/11 16:49:32 WARN com.cse.exodex.datasets.catalogs.NasaExoplanetCatalog: probably not enough data lolfor name: Kepler-431
26/09/11 16:49:32 WARN com.cse.exodex.datasets.catalogs.NasaExoplanetCatalog: probably not enough data lolfor name: Kepler-431
26/09/11 16:49:32 WARN com.cse.exodex.datasets.catalogs.NasaExoplanetCatalog: probably not enough data lolfor name: Kepler-438
26/09/11 16:49:32 WARN com.cse.exodex.datasets.StellarLibrary: probably not enough data lolwith hipparcos ID: 94931
26/09/11 16:49:32 WARN com.cse.exodex.datasets.catalogs.NasaExoplanetCatalog: probably not enough data lolfor name: Kepler-444
26/09/11 16:49:32 WARN com.cse.exodex.datasets.StellarLibrary: probably not enough data lolwith hipparcos ID: 94931
26/09/11 16:49:32 WARN com.cse.exodex.datasets.catalogs.NasaExoplanetCatalog: probably not enough data lolfor name: Kepler-444
26/09/11 16:49:32 WARN com.cse.exodex.datasets.StellarLibrary: probably not enough data lolwith hipparcos ID: 94931
26/09/11 16:49:32 WARN com.cse.exodex.datasets.catalogs.NasaExoplanetCatalog: probably not enough data lolfor name: Kepler-444
26/09/11 16:49:32 WARN com.cse.exodex.datasets.StellarLibrary: probably not enough data lolwith hipparcos ID: 94931
26/09/11 16:49:32 WARN com.cse.exodex.datasets.catalogs.NasaExoplanetCatalog: probably not enough data lolfor name: Kepler-444
26/09/11 16:49:32 WARN com.cse.exodex.datasets.StellarLibrary: probably not enough data lolwith hipparcos ID: 94931
26/09/11 16:49:32 WARN com.cse.exodex.datasets.catalogs.NasaExoplanetCatalog: probably not enough data lolfor name: Kepler-444
26/09/11 16:49:32 WARN com.cse.exodex.datasets.catalogs.NasaExoplanetCatalog: probably not enough data lolfor name: Kepler-445
26/09/11 16:49:32 WARN com.cse.exodex.datasets.catalogs.NasaExoplanetCatalog: probably not enough data lolfor name: Kepler-445
26/09/11 16:49:32 WARN com.cse.exodex.datasets.catalogs.NasaExoplanetCatalog: probably not enough data lolfor name: Kepler-445
26/09/11 16:49:32 WARN com.cse.exodex.datasets.catalogs.NasaExoplanetCatalog: probably not enough data lolfor name: Kepler-446
26/09/11 16:49:32 WARN com.cse.exodex.datasets.catalogs.NasaExoplanetCatalog: probably not enough data lolfor name: Kepler-446
26/09/11 16:49:32 WARN com.cse.exodex.datasets.catalogs.NasaExoplanetCatalog: probably not enough data lolfor name: Kepler-446
26/09/11 16:49:32 WARN com.cse.exodex.datasets.catalogs.NasaExoplanetCatalog: probably not enough data lolfor name: Kepler-447
26/09/11 16:49:32 WARN com.cse.exodex.datasets.catalogs.NasaExoplanetCatalog: probably not enough data lolfor name: Kepler-449
26/09/11 16:49:32 WARN com.cse.exodex.datasets.catalogs.NasaExoplanetCatalog: probably not enough data lolfor name: Kepler-449
26/09/11 16:49:32 WARN com.cse.exodex.datasets.catalogs.NasaExoplanetCatalog: probably not enough data lolfor name: Kepler-450
26/09/11 16:49:32 WARN com.cse.exodex.datasets.catalogs.NasaExoplanetCatalog: probably not enough data lolfor name: Kepler-450
26/09/11 16:49:32 WARN com.cse.exodex.datasets.catalogs.NasaExoplanetCatalog: probably not enough data lolfor name: Kepler-450
26/09/11 16:49:32 WARN com.cse.exodex.datasets.catalogs.NasaExoplanetCatalog: probably not enough data lolfor name: Kepler-452
26/09/11 16:49:32 WARN com.cse.exodex.datasets.catalogs.NasaExoplanetCatalog: probably not enough data lolfor name: Kepler-453
26/09/11 16:49:32 WARN com.cse.exodex.datasets.catalogs.NasaExoplanetCatalog: probably not enough data lolfor name: Kepler-454
26/09/11 16:49:32 WARN com.cse.exodex.datasets.catalogs.NasaExoplanetCatalog: probably not enough data lolfor name: Kepler-454
26/09/11 16:49:32 WARN com.cse.exodex.datasets.catalogs.NasaExoplanetCatalog: probably not enough data lolfor name: KIC 9663113
26/09/11 16:49:32 WARN com.cse.exodex.datasets.catalogs.NasaExoplanetCatalog: probably not enough data lolfor name: KIC 5437945
26/09/11 16:49:32 WARN com.cse.exodex.datasets.catalogs.NasaExoplanetCatalog: probably not enough data lolfor name: Kepler-48
26/09/11 16:49:32 WARN com.cse.exodex.datasets.catalogs.NasaExoplanetCatalog: probably not enough data lolfor name: Kepler-48
26/09/11 16:49:32 WARN com.cse.exodex.datasets.catalogs.NasaExoplanetCatalog: probably not enough data lolfor name: Kepler-48
26/09/11 16:49:32 WARN com.cse.exodex.datasets.catalogs.NasaExoplanetCatalog: probably not enough data lolfor name: Kepler-48
26/09/11 16:49:32 WARN com.cse.exodex.datasets.catalogs.NasaExoplanetCatalog: probably not enough data lolfor name: Kepler-49
26/09/11 16:49:32 WARN com.cse.exodex.datasets.catalogs.NasaExoplanetCatalog: probably not enough data lolfor name: Kepler-49
26/09/11 16:49:32 WARN com.cse.exodex.datasets.catalogs.NasaExoplanetCatalog: probably not enough data lolfor name: Kepler-49
26/09/11 16:49:32 WARN com.cse.exodex.datasets.catalogs.NasaExoplanetCatalog: probably not enough data lolfor name: Kepler-49
26/09/11 16:49:32 WARN com.cse.exodex.datasets.catalogs.NasaExoplanetCatalog: probably not enough data lolfor name: Kepler-5
26/09/11 16:49:32 WARN com.cse.exodex.datasets.catalogs.NasaExoplanetCatalog: probably not enough data lolfor name: Kepler-50
26/09/11 16:49:32 WARN com.cse.exodex.datasets.catalogs.NasaExoplanetCatalog: probably not enough data lolfor name: Kepler-50
26/09/11 16:49:32 WARN com.cse.exodex.datasets.catalogs.NasaExoplanetCatalog: probably not enough data lolfor name: Kepler-504
26/09/11 16:49:32 WARN com.cse.exodex.datasets.catalogs.NasaExoplanetCatalog: probably not enough data lolfor name: Kepler-505
26/09/11 16:49:32 WARN com.cse.exodex.datasets.catalogs.NasaExoplanetCatalog: probably not enough data lolfor name: Kepler-506
26/09/11 16:49:32 WARN com.cse.exodex.datasets.catalogs.NasaExoplanetCatalog: probably not enough data lolfor name: Kepler-51
26/09/11 16:49:32 WARN com.cse.exodex.datasets.catalogs.NasaExoplanetCatalog: probably not enough data lolfor name: Kepler-51
26/09/11 16:49:32 WARN com.cse.exodex.datasets.catalogs.NasaExoplanetCatalog: probably not enough data lolfor name: Kepler-51
26/09/11 16:49:32 WARN com.cse.exodex.datasets.catalogs.NasaExoplanetCatalog: probably not enough data lolfor name: Kepler-519
26/09/11 16:49:32 WARN com.cse.exodex.datasets.catalogs.NasaExoplanetCatalog: probably not enough data lolfor name: Kepler-52
26/09/11 16:49:32 WARN com.cse.exodex.datasets.catalogs.NasaExoplanetCatalog: probably not enough data lolfor name: Kepler-52
26/09/11 16:49:32 WARN com.cse.exodex.datasets.catalogs.NasaExoplanetCatalog: probably not enough data lolfor name: Kepler-52
26/09/11 16:49:32 WARN com.cse.exodex.datasets.catalogs.NasaExoplanetCatalog: probably not enough data lolfor name: Kepler-53
26/09/11 16:49:32 WARN com.cse.exodex.datasets.catalogs.NasaExoplanetCatalog: probably not enough data lolfor name: Kepler-53
26/09/11 16:49:32 WARN com.cse.exodex.datasets.catalogs.NasaExoplanetCatalog: probably not enough data lolfor name: Kepler-53
26/09/11 16:49:32 WARN com.cse.exodex.datasets.catalogs.NasaExoplanetCatalog: probably not enough data lolfor name: Kepler-538
26/09/11 16:49:32 WARN com.cse.exodex.datasets.catalogs.NasaExoplanetCatalog: probably not enough data lolfor name: Kepler-54
26/09/11 16:49:32 WARN com.cse.exodex.datasets.catalogs.NasaExoplanetCatalog: probably not enough data lolfor name: Kepler-54
26/09/11 16:49:32 WARN com.cse.exodex.datasets.catalogs.NasaExoplanetCatalog: probably not enough data lolfor name: Kepler-54
26/09/11 16:49:32 WARN com.cse.exodex.datasets.catalogs.NasaExoplanetCatalog: probably not enough data lolfor name: Kepler-543
26/09/11 16:49:32 WARN com.cse.exodex.datasets.catalogs.NasaExoplanetCatalog: probably not enough data lolfor name: Kepler-55
26/09/11 16:49:32 WARN com.cse.exodex.datasets.catalogs.NasaExoplanetCatalog: probably not enough data lolfor name: Kepler-55
26/09/11 16:49:32 WARN com.cse.exodex.datasets.catalogs.NasaExoplanetCatalog: probably not enough data lolfor name: Kepler-55
26/09/11 16:49:32 WARN com.cse.exodex.datasets.catalogs.NasaExoplanetCatalog: probably not enough data lolfor name: Kepler-55
26/09/11 16:49:32 WARN com.cse.exodex.datasets.catalogs.NasaExoplanetCatalog: probably not enough data lolfor name: Kepler-55
26/09/11 16:49:32 WARN com.cse.exodex.datasets.catalogs.NasaExoplanetCatalog: probably not enough data lolfor name: Kepler-56
26/09/11 16:49:32 WARN com.cse.exodex.datasets.catalogs.NasaExoplanetCatalog: probably not enough data lolfor name: Kepler-56
26/09/11 16:49:32 WARN com.cse.exodex.datasets.catalogs.NasaExoplanetCatalog: probably not enough data lolfor name: Kepler-560
26/09/11 16:49:32 WARN com.cse.exodex.datasets.catalogs.NasaExoplanetCatalog: probably not enough data lolfor name: Kepler-568
26/09/11 16:49:32 WARN com.cse.exodex.datasets.catalogs.NasaExoplanetCatalog: probably not enough data lolfor name: Kepler-57
26/09/11 16:49:32 WARN com.cse.exodex.datasets.catalogs.NasaExoplanetCatalog: probably not enough data lolfor name: Kepler-57
26/09/11 16:49:32 WARN com.cse.exodex.datasets.catalogs.NasaExoplanetCatalog: probably not enough data lolfor name: Kepler-58
26/09/11 16:49:32 WARN com.cse.exodex.datasets.catalogs.NasaExoplanetCatalog: probably not enough data lolfor name: Kepler-58
26/09/11 16:49:32 WARN com.cse.exodex.datasets.catalogs.NasaExoplanetCatalog: probably not enough data lolfor name: Kepler-58
26/09/11 16:49:32 WARN com.cse.exodex.datasets.catalogs.NasaExoplanetCatalog: probably not enough data lolfor name: Kepler-59
26/09/11 16:49:32 WARN com.cse.exodex.datasets.catalogs.NasaExoplanetCatalog: probably not enough data lolfor name: Kepler-59
26/09/11 16:49:32 WARN com.cse.exodex.datasets.catalogs.NasaExoplanetCatalog: probably not enough data lolfor name: Kepler-6
26/09/11 16:49:32 WARN com.cse.exodex.datasets.catalogs.NasaExoplanetCatalog: probably not enough data lolfor name: Kepler-60
26/09/11 16:49:32 WARN com.cse.exodex.datasets.catalogs.NasaExoplanetCatalog: probably not enough data lolfor name: Kepler-60
26/09/11 16:49:32 WARN com.cse.exodex.datasets.catalogs.NasaExoplanetCatalog: probably not enough data lolfor name: Kepler-60
26/09/11 16:49:32 WARN com.cse.exodex.datasets.catalogs.NasaExoplanetCatalog: probably not enough data lolfor name: Kepler-61
26/09/11 16:49:32 WARN com.cse.exodex.datasets.catalogs.NasaExoplanetCatalog: probably not enough data lolfor name: Kepler-617
26/09/11 16:49:32 WARN com.cse.exodex.datasets.catalogs.NasaExoplanetCatalog: probably not enough data lolfor name: Kepler-63
26/09/11 16:49:32 WARN com.cse.exodex.datasets.catalogs.NasaExoplanetCatalog: probably not enough data lolfor name: Kepler-65
26/09/11 16:49:32 WARN com.cse.exodex.datasets.catalogs.NasaExoplanetCatalog: probably not enough data lolfor name: Kepler-65
26/09/11 16:49:32 WARN com.cse.exodex.datasets.catalogs.NasaExoplanetCatalog: probably not enough data lolfor name: Kepler-65
26/09/11 16:49:32 WARN com.cse.exodex.datasets.catalogs.NasaExoplanetCatalog: probably not enough data lolfor name: Kepler-676
26/09/11 16:49:32 WARN com.cse.exodex.datasets.catalogs.NasaExoplanetCatalog: probably not enough data lolfor name: Kepler-68
26/09/11 16:49:32 WARN com.cse.exodex.datasets.catalogs.NasaExoplanetCatalog: probably not enough data lolfor name: Kepler-68
26/09/11 16:49:32 WARN com.cse.exodex.datasets.catalogs.NasaExoplanetCatalog: probably not enough data lolfor name: Kepler-68
26/09/11 16:49:32 WARN com.cse.exodex.datasets.catalogs.NasaExoplanetCatalog: probably not enough data lolfor name: Kepler-69
26/09/11 16:49:32 WARN com.cse.exodex.datasets.catalogs.NasaExoplanetCatalog: probably not enough data lolfor name: Kepler-69
26/09/11 16:49:32 WARN com.cse.exodex.datasets.catalogs.NasaExoplanetCatalog: probably not enough data lolfor name: Kepler-691
26/09/11 16:49:32 WARN com.cse.exodex.datasets.catalogs.NasaExoplanetCatalog: probably not enough data lolfor name: Kepler-7
26/09/11 16:49:32 WARN com.cse.exodex.datasets.catalogs.NasaExoplanetCatalog: probably not enough data lolfor name: Kepler-732
26/09/11 16:49:32 WARN com.cse.exodex.datasets.catalogs.NasaExoplanetCatalog: probably not enough data lolfor name: Kepler-732
26/09/11 16:49:32 WARN com.cse.exodex.datasets.catalogs.NasaExoplanetCatalog: probably not enough data lolfor name: Kepler-737
26/09/11 16:49:32 WARN com.cse.exodex.datasets.catalogs.NasaExoplanetCatalog: probably not enough data lolfor name: Kepler-76
26/09/11 16:49:32 WARN com.cse.exodex.datasets.catalogs.NasaExoplanetCatalog: probably not enough data lolfor name: Kepler-779
26/09/11 16:49:32 WARN com.cse.exodex.datasets.catalogs.NasaExoplanetCatalog: probably not enough data lolfor name: Kepler-78
26/09/11 16:49:32 WARN com.cse.exodex.datasets.catalogs.NasaExoplanetCatalog: probably not enough data lolfor name: Kepler-79
26/09/11 16:49:32 WARN com.cse.exodex.datasets.catalogs.NasaExoplanetCatalog: probably not enough data lolfor name: Kepler-79
26/09/11 16:49:32 WARN com.cse.exodex.datasets.catalogs.NasaExoplanetCatalog: probably not enough data lolfor name: Kepler-79
26/09/11 16:49:32 WARN com.cse.exodex.datasets.catalogs.NasaExoplanetCatalog: probably not enough data lolfor name: Kepler-79
26/09/11 16:49:32 WARN com.cse.exodex.datasets.catalogs.NasaExoplanetCatalog: probably not enough data lolfor name: Kepler-81
26/09/11 16:49:32 WARN com.cse.exodex.datasets.catalogs.NasaExoplanetCatalog: probably not enough data lolfor name: Kepler-81
26/09/11 16:49:32 WARN com.cse.exodex.datasets.catalogs.NasaExoplanetCatalog: probably not enough data lolfor name: Kepler-81
26/09/11 16:49:32 WARN com.cse.exodex.datasets.catalogs.NasaExoplanetCatalog: probably not enough data lolfor name: Kepler-82
26/09/11 16:49:32 WARN com.cse.exodex.datasets.catalogs.NasaExoplanetCatalog: probably not enough data lolfor name: Kepler-82
26/09/11 16:49:32 WARN com.cse.exodex.datasets.catalogs.NasaExoplanetCatalog: probably not enough data lolfor name: Kepler-82
26/09/11 16:49:32 WARN com.cse.exodex.datasets.catalogs.NasaExoplanetCatalog: probably not enough data lolfor name: Kepler-82
26/09/11 16:49:32 WARN com.cse.exodex.datasets.catalogs.NasaExoplanetCatalog: probably not enough data lolfor name: Kepler-83
26/09/11 16:49:32 WARN com.cse.exodex.datasets.catalogs.NasaExoplanetCatalog: probably not enough data lolfor name: Kepler-83
26/09/11 16:49:32 WARN com.cse.exodex.datasets.catalogs.NasaExoplanetCatalog: probably not enough data lolfor name: Kepler-83
26/09/11 16:49:32 WARN com.cse.exodex.datasets.catalogs.NasaExoplanetCatalog: probably not enough data lolfor name: Kepler-84
26/09/11 16:49:32 WARN com.cse.exodex.datasets.catalogs.NasaExoplanetCatalog: probably not enough data lolfor name: Kepler-84
26/09/11 16:49:32 WARN com.cse.exodex.datasets.catalogs.NasaExoplanetCatalog: probably not enough data lolfor name: Kepler-84
26/09/11 16:49:32 WARN com.cse.exodex.datasets.catalogs.NasaExoplanetCatalog: probably not enough data lolfor name: Kepler-84
26/09/11 16:49:32 WARN com.cse.exodex.datasets.catalogs.NasaExoplanetCatalog: probably not enough data lolfor name: Kepler-84
26/09/11 16:49:32 WARN com.cse.exodex.datasets.catalogs.NasaExoplanetCatalog: probably not enough data lolfor name: Kepler-85
26/09/11 16:49:32 WARN com.cse.exodex.datasets.catalogs.NasaExoplanetCatalog: probably not enough data lolfor name: Kepler-85
26/09/11 16:49:32 WARN com.cse.exodex.datasets.catalogs.NasaExoplanetCatalog: probably not enough data lolfor name: Kepler-85
26/09/11 16:49:32 WARN com.cse.exodex.datasets.catalogs.NasaExoplanetCatalog: probably not enough data lolfor name: Kepler-85
26/09/11 16:49:32 WARN com.cse.exodex.datasets.catalogs.NasaExoplanetCatalog: probably not enough data lolfor name: Kepler-87
26/09/11 16:49:32 WARN com.cse.exodex.datasets.catalogs.NasaExoplanetCatalog: probably not enough data lolfor name: Kepler-87
26/09/11 16:49:32 WARN com.cse.exodex.datasets.catalogs.NasaExoplanetCatalog: probably not enough data lolfor name: Kepler-901
26/09/11 16:49:32 WARN com.cse.exodex.datasets.catalogs.NasaExoplanetCatalog: probably not enough data lolfor name: Kepler-92
26/09/11 16:49:32 WARN com.cse.exodex.datasets.catalogs.NasaExoplanetCatalog: probably not enough data lolfor name: Kepler-92
26/09/11 16:49:32 WARN com.cse.exodex.datasets.catalogs.NasaExoplanetCatalog: probably not enough data lolfor name: Kepler-92
26/09/11 16:49:32 WARN com.cse.exodex.datasets.catalogs.NasaExoplanetCatalog: probably not enough data lolfor name: Kepler-93
26/09/11 16:49:32 WARN com.cse.exodex.datasets.catalogs.NasaExoplanetCatalog: probably not enough data lolfor name: Kepler-93
26/09/11 16:49:32 WARN com.cse.exodex.datasets.catalogs.NasaExoplanetCatalog: probably not enough data lolfor name: Kepler-94
26/09/11 16:49:32 WARN com.cse.exodex.datasets.catalogs.NasaExoplanetCatalog: probably not enough data lolfor name: Kepler-94
26/09/11 16:49:32 WARN com.cse.exodex.datasets.catalogs.NasaExoplanetCatalog: probably not enough data lolfor name: Kepler-942
26/09/11 16:49:32 WARN com.cse.exodex.datasets.catalogs.NasaExoplanetCatalog: probably not enough data lolfor name: Kepler-95
26/09/11 16:49:32 WARN com.cse.exodex.datasets.catalogs.NasaExoplanetCatalog: probably not enough data lolfor name: Kepler-953
26/09/11 16:49:32 WARN com.cse.exodex.datasets.catalogs.NasaExoplanetCatalog: probably not enough data lolfor name: Kepler-953
26/09/11 16:49:32 WARN com.cse.exodex.datasets.catalogs.NasaExoplanetCatalog: probably not enough data lolfor name: Kepler-954
26/09/11 16:49:32 WARN com.cse.exodex.datasets.catalogs.NasaExoplanetCatalog: probably not enough data lolfor name: Kepler-96
26/09/11 16:49:32 WARN com.cse.exodex.datasets.catalogs.NasaExoplanetCatalog: probably not enough data lolfor name: Kepler-97
26/09/11 16:49:32 WARN com.cse.exodex.datasets.catalogs.NasaExoplanetCatalog: probably not enough data lolfor name: Kepler-97
26/09/11 16:49:32 WARN com.cse.exodex.datasets.catalogs.NasaExoplanetCatalog: probably not enough data lolfor name: Kepler-974
26/09/11 16:49:32 WARN com.cse.exodex.datasets.catalogs.NasaExoplanetCatalog: probably not enough data lolfor name: Kepler-98
26/09/11 16:49:32 WARN com.cse.exodex.datasets.catalogs.NasaExoplanetCatalog: probably not enough data lolfor name: Kepler-99
26/09/11 16:49:32 WARN com.cse.exodex.datasets.catalogs.NasaExoplanetCatalog: probably not enough data lolfor name: Kepler-994
26/09/11 16:49:32 WARN com.cse.exodex.datasets.catalogs.NasaExoplanetCatalog: probably not enough data lolfor name: LkCa 15
26/09/11 16:49:32 WARN com.cse.exodex.datasets.catalogs.NasaExoplanetCatalog: probably not enough data lolfor name: LkCa 15
26/09/11 16:49:32 WARN com.cse.exodex.datasets.catalogs.NasaExoplanetCatalog: probably not enough data lolfor name: MOA 2013-BLG-605L
26/09/11 16:49:32 WARN com.cse.exodex.datasets.catalogs.NasaExoplanetCatalog: probably not enough data lolfor name: NGC 2682 Sand 364
26/09/11 16:49:32 WARN com.cse.exodex.datasets.catalogs.NasaExoplanetCatalog: probably not enough data lolfor name: NGC 2682 YBP 1194
26/09/11 16:49:32 WARN com.cse.exodex.datasets.catalogs.NasaExoplanetCatalog: probably not enough data lolfor name: NGC 2682 YBP 1514
26/09/11 16:49:32 WARN com.cse.exodex.datasets.catalogs.NasaExoplanetCatalog: probably not enough data lolfor name: NGC 2682 YBP 401
26/09/11 16:49:32 WARN com.cse.exodex.datasets.StellarLibrary: probably not enough data lolwith BF id: BayerFlamsteed{flamsteedDesignation=null, bayerDesignation='null', number=null, constellation=Constellation{constellation='Serpens*', genitive='Serpentis'}, prettyName='Serpentis'}
26/09/11 16:49:32 WARN com.cse.exodex.datasets.StellarLibrary: probably not enough data lolwith BF id: BayerFlamsteed{flamsteedDesignation=null, bayerDesignation='null', number=null, constellation=Constellation{constellation='Serpens*', genitive='Serpentis'}, prettyName='Serpentis'}
26/09/11 16:49:32 WARN com.cse.exodex.datasets.StellarLibrary: probably not enough data lolwith BF id: BayerFlamsteed{flamsteedDesignation=null, bayerDesignation='null', number=null, constellation=Constellation{constellation='Virgo', genitive='Virginis'}, prettyName='Virginis'}
26/09/11 16:49:32 WARN com.cse.exodex.datasets.catalogs.NasaExoplanetCatalog: probably not enough data lolfor name: NY Vir
26/09/11 16:49:32 WARN com.cse.exodex.datasets.catalogs.NasaExoplanetCatalog: probably not enough data lolfor name: OGLE-TR-056
26/09/11 16:49:32 WARN com.cse.exodex.datasets.catalogs.NasaExoplanetCatalog: probably not enough data lolfor name: OGLE-TR-10
26/09/11 16:49:32 WARN com.cse.exodex.datasets.catalogs.NasaExoplanetCatalog: probably not enough data lolfor name: OGLE-TR-111
26/09/11 16:49:32 WARN com.cse.exodex.datasets.catalogs.NasaExoplanetCatalog: probably not enough data lolfor name: OGLE-TR-182
26/09/11 16:49:32 WARN com.cse.exodex.datasets.catalogs.NasaExoplanetCatalog: probably not enough data lolfor name: OGLE-TR-211
26/09/11 16:49:32 WARN com.cse.exodex.datasets.catalogs.NasaExoplanetCatalog: probably not enough data lolfor name: OGLE2-TR-L9
26/09/11 16:49:32 WARN com.cse.exodex.datasets.catalogs.NasaExoplanetCatalog: probably not enough data lolfor name: Oph 11
26/09/11 16:49:32 WARN com.cse.exodex.datasets.catalogs.NasaExoplanetCatalog: probably not enough data lolfor name: PH2
26/09/11 16:49:32 WARN com.cse.exodex.datasets.catalogs.NasaExoplanetCatalog: probably not enough data lolfor name: PSR B1620-26
26/09/11 16:49:32 WARN com.cse.exodex.datasets.catalogs.NasaExoplanetCatalog: probably not enough data lolfor name: Pr0201
26/09/11 16:49:32 WARN com.cse.exodex.datasets.catalogs.NasaExoplanetCatalog: probably not enough data lolfor name: Pr0211
26/09/11 16:49:32 WARN com.cse.exodex.datasets.catalogs.NasaExoplanetCatalog: probably not enough data lolfor name: Pr0211
26/09/11 16:49:32 WARN com.cse.exodex.datasets.StellarLibrary: probably not enough data lolwith BF id: BayerFlamsteed{flamsteedDesignation=null, bayerDesignation='null', number=null, constellation=Constellation{constellation='Centaurus', genitive='Centauri'}, prettyName='Centauri'}
26/09/11 16:49:32 WARN com.cse.exodex.datasets.catalogs.NasaExoplanetCatalog: probably not enough data lolfor name: Qatar-1
26/09/11 16:49:32 WARN com.cse.exodex.datasets.catalogs.NasaExoplanetCatalog: probably not enough data lolfor name: Qatar-2
26/09/11 16:49:32 WARN com.cse.exodex.datasets.catalogs.NasaExoplanetCatalog: probably not enough data lolfor name: ROXs 12
26/09/11 16:49:32 WARN com.cse.exodex.datasets.StellarLibrary: probably not enough data lolwith BF id: BayerFlamsteed{flamsteedDesignation=null, bayerDesignation='null', number=42, constellation=null, prettyName='42'}
26/09/11 16:49:32 WARN com.cse.exodex.datasets.catalogs.NasaExoplanetCatalog: probably not enough data lolfor name: ROXs 42 B
26/09/11 16:49:32 WARN com.cse.exodex.datasets.StellarLibrary: probably not enough data lolwith BF id: BayerFlamsteed{flamsteedDesignation=null, bayerDesignation='null', number=null, constellation=Constellation{constellation='Caelum', genitive='Caeli'}, prettyName='Caeli'}
26/09/11 16:49:32 WARN com.cse.exodex.datasets.catalogs.NasaExoplanetCatalog: probably not enough data lolfor name: RR Cae
26/09/11 16:49:32 WARN com.cse.exodex.datasets.StellarLibrary: probably not enough data lolwith BF id: BayerFlamsteed{flamsteedDesignation=null, bayerDesignation='null', number=12, constellation=null, prettyName='12'}
26/09/11 16:49:32 WARN com.cse.exodex.datasets.catalogs.NasaExoplanetCatalog: probably not enough data lolfor name: SR 12 AB
26/09/11 16:49:32 WARN com.cse.exodex.datasets.catalogs.NasaExoplanetCatalog: probably not enough data lolfor name: TRAPPIST-1
26/09/11 16:49:32 WARN com.cse.exodex.datasets.catalogs.NasaExoplanetCatalog: probably not enough data lolfor name: TRAPPIST-1
26/09/11 16:49:32 WARN com.cse.exodex.datasets.catalogs.NasaExoplanetCatalog: probably not enough data lolfor name: TRAPPIST-1
26/09/11 16:49:32 WARN com.cse.exodex.datasets.catalogs.NasaExoplanetCatalog: probably not enough data lolfor name: TrES-1
26/09/11 16:49:32 WARN com.cse.exodex.datasets.catalogs.NasaExoplanetCatalog: probably not enough data lolfor name: TrES-2
26/09/11 16:49:32 WARN com.cse.exodex.datasets.catalogs.NasaExoplanetCatalog: probably not enough data lolfor name: TrES-3
26/09/11 16:49:32 WARN com.cse.exodex.datasets.catalogs.NasaExoplanetCatalog: probably not enough data lolfor name: USco CTIO 108
26/09/11 16:49:32 WARN com.cse.exodex.datasets.StellarLibrary: probably not enough data lolwith BF id: BayerFlamsteed{flamsteedDesignation=null, bayerDesignation='null', number=null, constellation=Constellation{constellation='Fornax', genitive='Fornacis'}, prettyName='Fornacis'}
26/09/11 16:49:32 WARN com.cse.exodex.datasets.catalogs.NasaExoplanetCatalog: probably not enough data lolfor name: UZ For
26/09/11 16:49:32 WARN com.cse.exodex.datasets.StellarLibrary: probably not enough data lolwith BF id: BayerFlamsteed{flamsteedDesignation=null, bayerDesignation='null', number=null, constellation=Constellation{constellation='Fornax', genitive='Fornacis'}, prettyName='Fornacis'}
26/09/11 16:49:32 WARN com.cse.exodex.datasets.catalogs.NasaExoplanetCatalog: probably not enough data lolfor name: UZ For
26/09/11 16:49:32 WARN com.cse.exodex.datasets.StellarLibrary: probably not enough data lolwith BF id: BayerFlamsteed{flamsteedDesignation=null, bayerDesignation='null', number=391, constellation=Constellation{constellation='Pegasus', genitive='Pegasi'}, prettyName='391 Pegasi'}
26/09/11 16:49:32 WARN com.cse.exodex.datasets.StellarLibrary: probably not enough data lolwith BF id: BayerFlamsteed{flamsteedDesignation=null, bayerDesignation='null', number=830, constellation=Constellation{constellation='Taurus', genitive='Tauri'}, prettyName='830 Tauri'}
26/09/11 16:49:32 WARN com.cse.exodex.datasets.catalogs.NasaExoplanetCatalog: probably not enough data lolfor name: V830 Tau
26/09/11 16:49:32 WARN com.cse.exodex.datasets.catalogs.NasaExoplanetCatalog: probably not enough data lolfor name: VHS J125601.92-125723.9
26/09/11 16:49:32 WARN com.cse.exodex.datasets.catalogs.NasaExoplanetCatalog: probably not enough data lolfor name: WASP-10
26/09/11 16:49:32 WARN com.cse.exodex.datasets.catalogs.NasaExoplanetCatalog: probably not enough data lolfor name: WASP-100
26/09/11 16:49:32 WARN com.cse.exodex.datasets.catalogs.NasaExoplanetCatalog: probably not enough data lolfor name: WASP-101
26/09/11 16:49:32 WARN com.cse.exodex.datasets.catalogs.NasaExoplanetCatalog: probably not enough data lolfor name: WASP-104
26/09/11 16:49:32 WARN com.cse.exodex.datasets.catalogs.NasaExoplanetCatalog: probably not enough data lolfor name: WASP-11
26/09/11 16:49:32 WARN com.cse.exodex.datasets.catalogs.NasaExoplanetCatalog: probably not enough data lolfor name: WASP-117
26/09/11 16:49:32 WARN com.cse.exodex.datasets.catalogs.NasaExoplanetCatalog: probably not enough data lolfor name: WASP-12
26/09/11 16:49:32 WARN com.cse.exodex.datasets.catalogs.NasaExoplanetCatalog: probably not enough data lolfor name: WASP-123
26/09/11 16:49:32 WARN com.cse.exodex.datasets.catalogs.NasaExoplanetCatalog: probably not enough data lolfor name: WASP-126
26/09/11 16:49:32 WARN com.cse.exodex.datasets.catalogs.NasaExoplanetCatalog: probably not enough data lolfor name: WASP-13
26/09/11 16:49:32 WARN com.cse.exodex.datasets.catalogs.NasaExoplanetCatalog: probably not enough data lolfor name: WASP-14
26/09/11 16:49:32 WARN com.cse.exodex.datasets.catalogs.NasaExoplanetCatalog: probably not enough data lolfor name: WASP-15
26/09/11 16:49:32 WARN com.cse.exodex.datasets.catalogs.NasaExoplanetCatalog: probably not enough data lolfor name: WASP-157
26/09/11 16:49:32 WARN com.cse.exodex.datasets.catalogs.NasaExoplanetCatalog: probably not enough data lolfor name: WASP-16
26/09/11 16:49:32 WARN com.cse.exodex.datasets.StellarLibrary: probably not enough data lolwith hipparcos ID: 7562
26/09/11 16:49:32 WARN com.cse.exodex.datasets.StellarLibrary: probably not enough data lolwith HD ID: 10069
26/09/11 16:49:32 WARN com.cse.exodex.datasets.catalogs.NasaExoplanetCatalog: probably not enough data lolfor name: WASP-18
26/09/11 16:49:32 WARN com.cse.exodex.datasets.catalogs.NasaExoplanetCatalog: probably not enough data lolfor name: WASP-2
26/09/11 16:49:32 WARN com.cse.exodex.datasets.catalogs.NasaExoplanetCatalog: probably not enough data lolfor name: WASP-20
26/09/11 16:49:32 WARN com.cse.exodex.datasets.catalogs.NasaExoplanetCatalog: probably not enough data lolfor name: WASP-21
26/09/11 16:49:32 WARN com.cse.exodex.datasets.catalogs.NasaExoplanetCatalog: probably not enough data lolfor name: WASP-23
26/09/11 16:49:32 WARN com.cse.exodex.datasets.catalogs.NasaExoplanetCatalog: probably not enough data lolfor name: WASP-24
26/09/11 16:49:32 WARN com.cse.exodex.datasets.catalogs.NasaExoplanetCatalog: probably not enough data lolfor name: WASP-25
26/09/11 16:49:32 WARN com.cse.exodex.datasets.catalogs.NasaExoplanetCatalog: probably not enough data lolfor name: WASP-29
26/09/11 16:49:32 WARN com.cse.exodex.datasets.catalogs.NasaExoplanetCatalog: probably not enough data lolfor name: WASP-3
26/09/11 16:49:32 WARN com.cse.exodex.datasets.catalogs.NasaExoplanetCatalog: probably not enough data lolfor name: WASP-32
26/09/11 16:49:32 WARN com.cse.exodex.datasets.StellarLibrary: probably not enough data lolwith hipparcos ID: 11397
26/09/11 16:49:32 WARN com.cse.exodex.datasets.StellarLibrary: probably not enough data lolwith HD ID: 15082
26/09/11 16:49:32 WARN com.cse.exodex.datasets.catalogs.NasaExoplanetCatalog: probably not enough data lolfor name: WASP-33
26/09/11 16:49:32 WARN com.cse.exodex.datasets.catalogs.NasaExoplanetCatalog: probably not enough data lolfor name: WASP-34
26/09/11 16:49:32 WARN com.cse.exodex.datasets.catalogs.NasaExoplanetCatalog: probably not enough data lolfor name: WASP-35
26/09/11 16:49:32 WARN com.cse.exodex.datasets.StellarLibrary: probably not enough data lolwith HD ID: 146389
26/09/11 16:49:32 WARN com.cse.exodex.datasets.catalogs.NasaExoplanetCatalog: probably not enough data lolfor name: WASP-38
26/09/11 16:49:32 WARN com.cse.exodex.datasets.catalogs.NasaExoplanetCatalog: probably not enough data lolfor name: WASP-39
26/09/11 16:49:32 WARN com.cse.exodex.datasets.catalogs.NasaExoplanetCatalog: probably not enough data lolfor name: WASP-41
26/09/11 16:49:32 WARN com.cse.exodex.datasets.catalogs.NasaExoplanetCatalog: probably not enough data lolfor name: WASP-41
26/09/11 16:49:32 WARN com.cse.exodex.datasets.catalogs.NasaExoplanetCatalog: probably not enough data lolfor name: WASP-42
26/09/11 16:49:32 WARN com.cse.exodex.datasets.catalogs.NasaExoplanetCatalog: probably not enough data lolfor name: WASP-43
26/09/11 16:49:32 WARN com.cse.exodex.datasets.catalogs.NasaExoplanetCatalog: probably not enough data lolfor name: WASP-44
26/09/11 16:49:32 WARN com.cse.exodex.datasets.catalogs.NasaExoplanetCatalog: probably not enough data lolfor name: WASP-45
26/09/11 16:49:32 WARN com.cse.exodex.datasets.catalogs.NasaExoplanetCatalog: probably not enough data lolfor name: WASP-46
26/09/11 16:49:32 WARN com.cse.exodex.datasets.catalogs.NasaExoplanetCatalog: probably not enough data lolfor name: WASP-47
26/09/11 16:49:32 WARN com.cse.exodex.datasets.catalogs.NasaExoplanetCatalog: probably not enough data lolfor name: WASP-47
26/09/11 16:49:32 WARN com.cse.exodex.datasets.catalogs.NasaExoplanetCatalog: probably not enough data lolfor name: WASP-47
26/09/11 16:49:32 WARN com.cse.exodex.datasets.catalogs.NasaExoplanetCatalog: probably not enough data lolfor name: WASP-47
26/09/11 16:49:32 WARN com.cse.exodex.datasets.catalogs.NasaExoplanetCatalog: probably not enough data lolfor name: WASP-48
26/09/11 16:49:32 WARN com.cse.exodex.datasets.catalogs.NasaExoplanetCatalog: probably not enough data lolfor name: WASP-49
26/09/11 16:49:32 WARN com.cse.exodex.datasets.catalogs.NasaExoplanetCatalog: probably not enough data lolfor name: WASP-50
26/09/11 16:49:32 WARN com.cse.exodex.datasets.catalogs.NasaExoplanetCatalog: probably not enough data lolfor name: WASP-52
26/09/11 16:49:32 WARN com.cse.exodex.datasets.catalogs.NasaExoplanetCatalog: probably not enough data lolfor name: WASP-54
26/09/11 16:49:32 WARN com.cse.exodex.datasets.catalogs.NasaExoplanetCatalog: probably not enough data lolfor name: WASP-59
26/09/11 16:49:32 WARN com.cse.exodex.datasets.catalogs.NasaExoplanetCatalog: probably not enough data lolfor name: WASP-6
26/09/11 16:49:32 WARN com.cse.exodex.datasets.catalogs.NasaExoplanetCatalog: probably not enough data lolfor name: WASP-62
26/09/11 16:49:32 WARN com.cse.exodex.datasets.catalogs.NasaExoplanetCatalog: probably not enough data lolfor name: WASP-67
26/09/11 16:49:32 WARN com.cse.exodex.datasets.StellarLibrary: probably not enough data lolwith HD ID: 193334
26/09/11 16:49:32 WARN com.cse.exodex.datasets.catalogs.NasaExoplanetCatalog: probably not enough data lolfor name: WASP-68
26/09/11 16:49:32 WARN com.cse.exodex.datasets.catalogs.NasaExoplanetCatalog: probably not enough data lolfor name: WASP-69
26/09/11 16:49:32 WARN com.cse.exodex.datasets.StellarLibrary: probably not enough data lolwith HD ID: 197286
26/09/11 16:49:32 WARN com.cse.exodex.datasets.catalogs.NasaExoplanetCatalog: probably not enough data lolfor name: WASP-7
26/09/11 16:49:32 WARN com.cse.exodex.datasets.StellarLibrary: probably not enough data lolwith HD ID: 202678
26/09/11 16:49:32 WARN com.cse.exodex.datasets.catalogs.NasaExoplanetCatalog: probably not enough data lolfor name: WASP-73
26/09/11 16:49:32 WARN com.cse.exodex.datasets.catalogs.NasaExoplanetCatalog: probably not enough data lolfor name: WASP-74
26/09/11 16:49:32 WARN com.cse.exodex.datasets.catalogs.NasaExoplanetCatalog: probably not enough data lolfor name: WASP-76
26/09/11 16:49:32 WARN com.cse.exodex.datasets.catalogs.NasaExoplanetCatalog: probably not enough data lolfor name: WASP-77 A
26/09/11 16:49:32 WARN com.cse.exodex.datasets.catalogs.NasaExoplanetCatalog: probably not enough data lolfor name: WASP-79
26/09/11 16:49:32 WARN com.cse.exodex.datasets.catalogs.NasaExoplanetCatalog: probably not enough data lolfor name: WASP-8
26/09/11 16:49:32 WARN com.cse.exodex.datasets.catalogs.NasaExoplanetCatalog: probably not enough data lolfor name: WASP-8
26/09/11 16:49:32 WARN com.cse.exodex.datasets.catalogs.NasaExoplanetCatalog: probably not enough data lolfor name: WASP-80
26/09/11 16:49:32 WARN com.cse.exodex.datasets.catalogs.NasaExoplanetCatalog: probably not enough data lolfor name: WASP-82
26/09/11 16:49:32 WARN com.cse.exodex.datasets.catalogs.NasaExoplanetCatalog: probably not enough data lolfor name: WASP-84
26/09/11 16:49:32 WARN com.cse.exodex.datasets.catalogs.NasaExoplanetCatalog: probably not enough data lolfor name: WASP-85 A
26/09/11 16:49:32 WARN com.cse.exodex.datasets.catalogs.NasaExoplanetCatalog: probably not enough data lolfor name: WASP-88
26/09/11 16:49:32 WARN com.cse.exodex.datasets.catalogs.NasaExoplanetCatalog: probably not enough data lolfor name: WASP-89
26/09/11 16:49:32 WARN com.cse.exodex.datasets.catalogs.NasaExoplanetCatalog: probably not enough data lolfor name: WASP-94 A
26/09/11 16:49:32 WARN com.cse.exodex.datasets.catalogs.NasaExoplanetCatalog: probably not enough data lolfor name: WASP-94 B
26/09/11 16:49:32 WARN com.cse.exodex.datasets.catalogs.NasaExoplanetCatalog: probably not enough data lolfor name: WASP-95
26/09/11 16:49:32 WARN com.cse.exodex.datasets.catalogs.NasaExoplanetCatalog: probably not enough data lolfor name: WASP-96
26/09/11 16:49:32 WARN com.cse.exodex.datasets.catalogs.NasaExoplanetCatalog: probably not enough data lolfor name: WASP-97
26/09/11 16:49:32 WARN com.cse.exodex.datasets.catalogs.NasaExoplanetCatalog: probably not enough data lolfor name: WASP-98
26/09/11 16:49:32 WARN com.cse.exodex.datasets.catalogs.NasaExoplanetCatalog: probably not enough data lolfor name: WASP-99
26/09/11 16:49:32 WARN com.cse.exodex.datasets.catalogs.NasaExoplanetCatalog: probably not enough data lolfor name: WD 0806-661
26/09/11 16:49:32 WARN com.cse.exodex.datasets.catalogs.NasaExoplanetCatalog: probably not enough data lolfor name: WISEP J121756.91+162640.2 A
26/09/11 16:49:32 WARN com.cse.exodex.datasets.catalogs.NasaExoplanetCatalog: probably not enough data lolfor name: XO-1
26/09/11 16:49:32 WARN com.cse.exodex.datasets.catalogs.NasaExoplanetCatalog: probably not enough data lolfor name: XO-2 N
26/09/11 16:49:32 WARN com.cse.exodex.datasets.catalogs.NasaExoplanetCatalog: probably not enough data lolfor name: XO-2 S
26/09/11 16:49:32 WARN com.cse.exodex.datasets.catalogs.NasaExoplanetCatalog: probably not enough data lolfor name: XO-2 S
26/09/11 16:49:32 WARN com.cse.exodex.datasets.catalogs.NasaExoplanetCatalog: probably not enough data lolfor name: XO-3
26/09/11 16:49:32 WARN com.cse.exodex.datasets.StellarLibrary: probably not enough data lolwith BF id: BayerFlamsteed{flamsteedDesignation=null, bayerDesignation='null', number=null, constellation=Constellation{constellation='Aries', genitive='Arietis'}, prettyName='Arietis'}
26/09/11 16:49:32 WARN com.cse.exodex.datasets.StellarLibrary: probably not enough data lolwith BF id: BayerFlamsteed{flamsteedDesignation=null, bayerDesignation='null', number=null, constellation=Constellation{constellation='Taurus', genitive='Tauri'}, prettyName='Tauri'}
26/09/11 16:49:32 WARN com.cse.exodex.datasets.StellarLibrary: probably not enough data lolwith BF id: BayerFlamsteed{flamsteedDesignation=null, bayerDesignation='null', number=null, constellation=Constellation{constellation='Cancer', genitive='Cancri'}, prettyName='Cancri'}
26/09/11 16:49:32 WARN com.cse.exodex.datasets.StellarLibrary: probably not enough data lolwith hipparcos ID: 40526
26/09/11 16:49:32 WARN com.cse.exodex.datasets.StellarLibrary: probably not enough data lolwith HD ID: 69267
26/09/11 16:49:32 WARN com.cse.exodex.datasets.catalogs.NasaExoplanetCatalog: probably not enough data lolfor name: bet Cnc
26/09/11 16:49:32 WARN com.cse.exodex.datasets.StellarLibrary: probably not enough data lolwith BF id: BayerFlamsteed{flamsteedDesignation=null, bayerDesignation='null', number=null, constellation=Constellation{constellation='Pictor', genitive='Pictoris'}, prettyName='Pictoris'}
26/09/11 16:49:32 WARN com.cse.exodex.datasets.StellarLibrary: probably not enough data lolwith BF id: BayerFlamsteed{flamsteedDesignation=null, bayerDesignation='null', number=null, constellation=Constellation{constellation='Ursa Minor', genitive='Ursae Minoris'}, prettyName='Ursae Minoris'}
26/09/11 16:49:32 WARN com.cse.exodex.datasets.StellarLibrary: probably not enough data lolwith hipparcos ID: 72607
26/09/11 16:49:32 WARN com.cse.exodex.datasets.StellarLibrary: probably not enough data lolwith HD ID: 131873
26/09/11 16:49:32 WARN com.cse.exodex.datasets.catalogs.NasaExoplanetCatalog: probably not enough data lolfor name: bet UMi
26/09/11 16:49:32 WARN com.cse.exodex.datasets.StellarLibrary: probably not enough data lolwith BF id: BayerFlamsteed{flamsteedDesignation=null, bayerDesignation='null', number=null, constellation=Constellation{constellation='Corona Borealis', genitive='Coronae Borealis'}, prettyName='Coronae Borealis'}
26/09/11 16:49:32 WARN com.cse.exodex.datasets.StellarLibrary: probably not enough data lolwith hipparcos ID: 78159
26/09/11 16:49:32 WARN com.cse.exodex.datasets.StellarLibrary: probably not enough data lolwith HD ID: 143107
26/09/11 16:49:32 WARN com.cse.exodex.datasets.catalogs.NasaExoplanetCatalog: probably not enough data lolfor name: eps CrB
26/09/11 16:49:32 WARN com.cse.exodex.datasets.StellarLibrary: probably not enough data lolwith BF id: BayerFlamsteed{flamsteedDesignation=null, bayerDesignation='null', number=null, constellation=Constellation{constellation='Eridanus', genitive='Eridani'}, prettyName='Eridani'}
26/09/11 16:49:32 WARN com.cse.exodex.datasets.StellarLibrary: probably not enough data lolwith BF id: BayerFlamsteed{flamsteedDesignation=null, bayerDesignation='null', number=null, constellation=Constellation{constellation='Taurus', genitive='Tauri'}, prettyName='Tauri'}
26/09/11 16:49:32 WARN com.cse.exodex.datasets.StellarLibrary: probably not enough data lolwith hipparcos ID: 20889
26/09/11 16:49:32 WARN com.cse.exodex.datasets.StellarLibrary: probably not enough data lolwith HD ID: 28305
26/09/11 16:49:32 WARN com.cse.exodex.datasets.catalogs.NasaExoplanetCatalog: probably not enough data lolfor name: eps Tau
26/09/11 16:49:32 WARN com.cse.exodex.datasets.StellarLibrary: probably not enough data lolwith BF id: BayerFlamsteed{flamsteedDesignation=null, bayerDesignation='null', number=1, constellation=Constellation{constellation='Leo', genitive='Leonis'}, prettyName='1 Leonis'}
26/09/11 16:49:32 WARN com.cse.exodex.datasets.StellarLibrary: probably not enough data lolwith BF id: BayerFlamsteed{flamsteedDesignation=null, bayerDesignation='null', number=50583, constellation=null, prettyName='50583'}
26/09/11 16:49:32 WARN com.cse.exodex.datasets.StellarLibrary: probably not enough data lolwith HD ID: 89484
26/09/11 16:49:32 WARN com.cse.exodex.datasets.catalogs.NasaExoplanetCatalog: probably not enough data lolfor name: gam 1 Leo
26/09/11 16:49:32 WARN com.cse.exodex.datasets.StellarLibrary: probably not enough data lolwith BF id: BayerFlamsteed{flamsteedDesignation=null, bayerDesignation='null', number=null, constellation=Constellation{constellation='Cepheus', genitive='Cephei'}, prettyName='Cephei'}
26/09/11 16:49:32 WARN com.cse.exodex.datasets.StellarLibrary: probably not enough data lolwith BF id: BayerFlamsteed{flamsteedDesignation=null, bayerDesignation='null', number=null, constellation=Constellation{constellation='Andromeda', genitive='Andromedae'}, prettyName='Andromedae'}
26/09/11 16:49:32 WARN com.cse.exodex.datasets.StellarLibrary: probably not enough data lolwith hipparcos ID: 116805
26/09/11 16:49:32 WARN com.cse.exodex.datasets.StellarLibrary: probably not enough data lolwith HD ID: 222439
26/09/11 16:49:32 WARN com.cse.exodex.datasets.catalogs.NasaExoplanetCatalog: probably not enough data lolfor name: kap And
26/09/11 16:49:32 WARN com.cse.exodex.datasets.StellarLibrary: probably not enough data lolwith BF id: BayerFlamsteed{flamsteedDesignation=null, bayerDesignation='null', number=null, constellation=Constellation{constellation='Corona Borealis', genitive='Coronae Borealis'}, prettyName='Coronae Borealis'}
26/09/11 16:49:32 WARN com.cse.exodex.datasets.StellarLibrary: probably not enough data lolwith hipparcos ID: 77655
26/09/11 16:49:32 WARN com.cse.exodex.datasets.StellarLibrary: probably not enough data lolwith HD ID: 142091
26/09/11 16:49:32 WARN com.cse.exodex.datasets.catalogs.NasaExoplanetCatalog: probably not enough data lolfor name: kap CrB
26/09/11 16:49:32 WARN com.cse.exodex.datasets.StellarLibrary: probably not enough data lolwith BF id: BayerFlamsteed{flamsteedDesignation=null, bayerDesignation='null', number=null, constellation=Constellation{constellation='Leo', genitive='Leonis'}, prettyName='Leonis'}
26/09/11 16:49:32 WARN com.cse.exodex.datasets.StellarLibrary: probably not enough data lolwith hipparcos ID: 48455
26/09/11 16:49:32 WARN com.cse.exodex.datasets.StellarLibrary: probably not enough data lolwith HD ID: 85503
26/09/11 16:49:32 WARN com.cse.exodex.datasets.catalogs.NasaExoplanetCatalog: probably not enough data lolfor name: mu Leo
26/09/11 16:49:32 WARN com.cse.exodex.datasets.StellarLibrary: probably not enough data lolwith BF id: BayerFlamsteed{flamsteedDesignation=null, bayerDesignation='null', number=null, constellation=Constellation{constellation='Ophiuchus', genitive='Ophiuchi'}, prettyName='Ophiuchi'}
26/09/11 16:49:32 WARN com.cse.exodex.datasets.StellarLibrary: probably not enough data lolwith hipparcos ID: 88048
26/09/11 16:49:32 WARN com.cse.exodex.datasets.StellarLibrary: probably not enough data lolwith HD ID: 163917
26/09/11 16:49:32 WARN com.cse.exodex.datasets.catalogs.NasaExoplanetCatalog: probably not enough data lolfor name: nu Oph
26/09/11 16:49:32 WARN com.cse.exodex.datasets.StellarLibrary: probably not enough data lolwith BF id: BayerFlamsteed{flamsteedDesignation=null, bayerDesignation='null', number=null, constellation=Constellation{constellation='Ophiuchus', genitive='Ophiuchi'}, prettyName='Ophiuchi'}
26/09/11 16:49:32 WARN com.cse.exodex.datasets.StellarLibrary: probably not enough data lolwith hipparcos ID: 88048
26/09/11 16:49:32 WARN com.cse.exodex.datasets.StellarLibrary: probably not enough data lolwith HD ID: 163917
26/09/11 16:49:32 WARN com.cse.exodex.datasets.catalogs.NasaExoplanetCatalog: probably not enough data lolfor name: nu Oph
26/09/11 16:49:32 WARN com.cse.exodex.datasets.StellarLibrary: probably not enough data lolwith BF id: BayerFlamsteed{flamsteedDesignation=null, bayerDesignation='null', number=null, constellation=Constellation{constellation='Serpens*', genitive='Serpentis'}, prettyName='Serpentis'}
26/09/11 16:49:32 WARN com.cse.exodex.datasets.StellarLibrary: probably not enough data lolwith hipparcos ID: 77578
26/09/11 16:49:32 WARN com.cse.exodex.datasets.StellarLibrary: probably not enough data lolwith HD ID: 141680
26/09/11 16:49:32 WARN com.cse.exodex.datasets.catalogs.NasaExoplanetCatalog: probably not enough data lolfor name: ome Ser
26/09/11 16:49:32 WARN com.cse.exodex.datasets.StellarLibrary: probably not enough data lolwith BF id: BayerFlamsteed{flamsteedDesignation=null, bayerDesignation='null', number=null, constellation=Constellation{constellation='Corona Borealis', genitive='Coronae Borealis'}, prettyName='Coronae Borealis'}
26/09/11 16:49:32 WARN com.cse.exodex.datasets.StellarLibrary: probably not enough data lolwith hipparcos ID: 75049
26/09/11 16:49:32 WARN com.cse.exodex.datasets.StellarLibrary: probably not enough data lolwith HD ID: 136512
26/09/11 16:49:32 WARN com.cse.exodex.datasets.catalogs.NasaExoplanetCatalog: probably not enough data lolfor name: omi CrB
26/09/11 16:49:32 WARN com.cse.exodex.datasets.StellarLibrary: probably not enough data lolwith BF id: BayerFlamsteed{flamsteedDesignation=null, bayerDesignation='null', number=null, constellation=Constellation{constellation='Ursa Major', genitive='Ursae Majoris'}, prettyName='Ursae Majoris'}
26/09/11 16:49:32 WARN com.cse.exodex.datasets.StellarLibrary: probably not enough data lolwith hipparcos ID: 41704
26/09/11 16:49:32 WARN com.cse.exodex.datasets.StellarLibrary: probably not enough data lolwith HD ID: 71369
26/09/11 16:49:32 WARN com.cse.exodex.datasets.catalogs.NasaExoplanetCatalog: probably not enough data lolfor name: omi UMa
26/09/11 16:49:32 WARN com.cse.exodex.datasets.StellarLibrary: probably not enough data lolwith hipparcos ID: 86620
26/09/11 16:49:32 WARN com.cse.exodex.datasets.StellarLibrary: probably not enough data lolwith HD ID: 162004
26/09/11 16:49:32 WARN com.cse.exodex.datasets.catalogs.NasaExoplanetCatalog: probably not enough data lolfor name: psi Dra B
26/09/11 16:49:32 WARN com.cse.exodex.datasets.StellarLibrary: probably not enough data lolwith BF id: BayerFlamsteed{flamsteedDesignation=null, bayerDesignation='null', number=null, constellation=Constellation{constellation='Bootes', genitive='Bootis'}, prettyName='Bootis'}
26/09/11 16:49:32 WARN com.cse.exodex.datasets.StellarLibrary: probably not enough data lolwith BF id: BayerFlamsteed{flamsteedDesignation=null, bayerDesignation='null', number=null, constellation=Constellation{constellation='Gemini', genitive='Geminorum'}, prettyName='Geminorum'}
26/09/11 16:49:32 WARN com.cse.exodex.datasets.StellarLibrary: probably not enough data lolwith hipparcos ID: 34693
26/09/11 16:49:32 WARN com.cse.exodex.datasets.StellarLibrary: probably not enough data lolwith HD ID: 54719
26/09/11 16:49:32 WARN com.cse.exodex.datasets.catalogs.NasaExoplanetCatalog: probably not enough data lolfor name: tau Gem
26/09/11 16:49:32 WARN com.cse.exodex.datasets.StellarLibrary: probably not enough data lolwith BF id: BayerFlamsteed{flamsteedDesignation=null, bayerDesignation='null', number=null, constellation=Constellation{constellation='Andromeda', genitive='Andromedae'}, prettyName='Andromedae'}
26/09/11 16:49:32 WARN com.cse.exodex.datasets.StellarLibrary: probably not enough data lolwith BF id: BayerFlamsteed{flamsteedDesignation=null, bayerDesignation='null', number=null, constellation=Constellation{constellation='Andromeda', genitive='Andromedae'}, prettyName='Andromedae'}
26/09/11 16:49:32 WARN com.cse.exodex.datasets.StellarLibrary: probably not enough data lolwith BF id: BayerFlamsteed{flamsteedDesignation=null, bayerDesignation='null', number=null, constellation=Constellation{constellation='Andromeda', genitive='Andromedae'}, prettyName='Andromedae'}
26/09/11 16:49:32 WARN com.cse.exodex.datasets.StellarLibrary: probably not enough data lolwith BF id: BayerFlamsteed{flamsteedDesignation=null, bayerDesignation='null', number=null, constellation=Constellation{constellation='Aquila', genitive='Aquilae'}, prettyName='Aquilae'}
26/09/11 16:49:32 WARN com.cse.exodex.datasets.StellarLibrary: probably not enough data lolwith hipparcos ID: 97938
26/09/11 16:49:32 WARN com.cse.exodex.datasets.StellarLibrary: probably not enough data lolwith HD ID: 188310
26/09/11 16:49:32 WARN com.cse.exodex.datasets.catalogs.NasaExoplanetCatalog: probably not enough data lolfor name: xi Aql
26/09/11 16:49:32 INFO com.cse.exodex.datasets.catalogs.NasaExoplanetCatalog: Found stars from HYG
26/09/11 16:49:59 INFO com.cse.exodex.datasets.catalogs.HYGDatabase: Filtering 119614 stars for distance 75.0
26/09/11 16:49:59 INFO com.cse.exodex.datasets.catalogs.HYGDatabase: Found 2570 stars within 75.0
